{
  "type": "FeatureCollection",
  "features": [
    {
      "type": "Feature",
      "properties": {
        "type": "ポイントGPS",
        "id": "B-01",
        "name": "聖天展望台",
        "pointId": "B-01",
        "description": null
      },
      "geometry": {
        "type": "Point",
        "coordinates": [
          135.47258,
          34.839,
          184.6
        ]
      }
    },
    {
      "type": "Feature",
      "properties": {
        "type": "ポイントGPS",
        "id": "B-02",
        "name": "風の杜",
        "pointId": "B-02",
        "description": null
      },
      "geometry": {
        "type": "Point",
        "coordinates": [
          135.47454,
          34.84046,
          256.1
        ]
      }
    },
    {
      "type": "Feature",
      "properties": {
        "type": "ポイントGPS",
        "id": "B-03",
        "name": "地獄谷口",
        "pointId": "B-03",
        "description": null
      },
      "geometry": {
        "type": "Point",
        "coordinates": [
          135.47626,
          34.84785,
          250.3
        ]
      }
    },
    {
      "type": "Feature",
      "properties": {
        "type": "ポイントGPS",
        "id": "B-04",
        "name": "風呂谷口",
        "pointId": "B-04",
        "description": null
      },
      "geometry": {
        "type": "Point",
        "coordinates": [
          135.47633,
          34.85043,
          244.6
        ]
      }
    },
    {
      "type": "Feature",
      "properties": {
        "type": "ポイントGPS",
        "id": "B-05",
        "name": "雲隣展望台口",
        "pointId": "B-05",
        "description": null
      },
      "geometry": {
        "type": "Point",
        "coordinates": [
          135.47347,
          34.85442,
          247.1
        ]
      }
    },
    {
      "type": "Feature",
      "properties": {
        "type": "ポイントGPS",
        "id": "B-06",
        "name": "百年橋",
        "pointId": "B-06",
        "description": null
      },
      "geometry": {
        "type": "Point",
        "coordinates": [
          135.47175,
          34.85643,
          235.2
        ]
      }
    },
    {
      "type": "Feature",
      "properties": {
        "type": "ポイントGPS",
        "id": "B-07",
        "name": "ビジターセンタ",
        "pointId": "B-07",
        "description": null
      },
      "geometry": {
        "type": "Point",
        "coordinates": [
          135.4788,
          34.85839,
          288.6
        ]
      }
    },
    {
      "type": "Feature",
      "properties": {
        "type": "ポイントGPS",
        "id": "B-08",
        "name": "雲隣展望台",
        "pointId": "B-08",
        "description": null
      },
      "geometry": {
        "type": "Point",
        "coordinates": [
          135.47532,
          34.8529,
          349.3
        ]
      }
    },
    {
      "type": "Feature",
      "properties": {
        "type": "ポイントGPS",
        "id": "B-09",
        "name": "こもれびの森",
        "pointId": "B-09",
        "description": null
      },
      "geometry": {
        "type": "Point",
        "coordinates": [
          135.47792,
          34.85413,
          354.5
        ]
      }
    },
    {
      "type": "Feature",
      "properties": {
        "type": "ポイントGPS",
        "id": "B-10",
        "name": "こもれび展望所",
        "pointId": "B-10",
        "description": null
      },
      "geometry": {
        "type": "Point",
        "coordinates": [
          135.47995,
          34.85544,
          374.6
        ]
      }
    },
    {
      "type": "Feature",
      "properties": {
        "type": "ポイントGPS",
        "id": "B-11",
        "name": "才ヶ原口",
        "pointId": "B-11",
        "description": "B12～20欠番"
      },
      "geometry": {
        "type": "Point",
        "coordinates": [
          135.4794,
          34.8485,
          295.5
        ]
      }
    },
    {
      "type": "Feature",
      "properties": {
        "type": "ポイントGPS",
        "id": "B-21",
        "name": "高山道口",
        "pointId": "B-21",
        "description": null
      },
      "geometry": {
        "type": "Point",
        "coordinates": [
          135.47309,
          34.83917,
          192.5
        ]
      }
    },
    {
      "type": "Feature",
      "properties": {
        "type": "ポイントGPS",
        "id": "B-22",
        "name": "才ヶ原林道分岐",
        "pointId": "B-22",
        "description": null
      },
      "geometry": {
        "type": "Point",
        "coordinates": [
          135.48022,
          34.85061,
          316.9
        ]
      }
    },
    {
      "type": "Feature",
      "properties": {
        "type": "ポイントGPS",
        "id": "B-23",
        "name": "こもれびの森",
        "pointId": "B-23",
        "description": null
      },
      "geometry": {
        "type": "Point",
        "coordinates": [
          135.4802,
          34.85169,
          357
        ]
      }
    },
    {
      "type": "Feature",
      "properties": {
        "type": "ポイントGPS",
        "id": "B-24",
        "name": "こもれびの森",
        "pointId": "B-24",
        "description": null
      },
      "geometry": {
        "type": "Point",
        "coordinates": [
          135.48007,
          34.85417,
          391.2
        ]
      }
    },
    {
      "type": "Feature",
      "properties": {
        "type": "ポイントGPS",
        "id": "B-25",
        "name": "ばばたれ坂上",
        "pointId": "B-25",
        "description": null
      },
      "geometry": {
        "type": "Point",
        "coordinates": [
          135.48032,
          34.85523,
          363.7
        ]
      }
    },
    {
      "type": "Feature",
      "properties": {
        "type": "ポイントGPS",
        "id": "B-26",
        "name": "ばばたれ坂下",
        "pointId": "B-26",
        "description": null
      },
      "geometry": {
        "type": "Point",
        "coordinates": [
          135.47932,
          34.85738,
          283.7
        ]
      }
    },
    {
      "type": "Feature",
      "properties": {
        "type": "ポイントGPS",
        "id": "B-27",
        "name": "雲隣展望台分岐",
        "pointId": "B-27",
        "description": null
      },
      "geometry": {
        "type": "Point",
        "coordinates": [
          135.47574,
          34.85421,
          349
        ]
      }
    },
    {
      "type": "Feature",
      "properties": {
        "type": "ポイントGPS",
        "id": "B-28",
        "name": "地獄谷口",
        "pointId": "B-28",
        "description": null
      },
      "geometry": {
        "type": "Point",
        "coordinates": [
          135.47657,
          34.84736,
          241.6
        ]
      }
    },
    {
      "type": "Feature",
      "properties": {
        "type": "ポイントGPS",
        "id": "B-29",
        "name": "才が原池",
        "pointId": "B-29",
        "description": null
      },
      "geometry": {
        "type": "Point",
        "coordinates": [
          135.48049,
          34.84903,
          285.2
        ]
      }
    },
    {
      "type": "Feature",
      "properties": {
        "type": "ポイントGPS",
        "id": "B-30",
        "name": "才が原池",
        "pointId": "B-30",
        "description": null
      },
      "geometry": {
        "type": "Point",
        "coordinates": [
          135.48091,
          34.84738,
          282.8
        ]
      }
    },
    {
      "type": "Feature",
      "properties": {
        "type": "ポイントGPS",
        "id": "B-31",
        "name": "三ツ石",
        "pointId": "B-31",
        "description": null
      },
      "geometry": {
        "type": "Point",
        "coordinates": [
          135.48143,
          34.84611,
          300.8
        ]
      }
    },
    {
      "type": "Feature",
      "properties": {
        "type": "ポイントGPS",
        "id": "B-32",
        "name": "三ツ石西",
        "pointId": "B-32",
        "description": null
      },
      "geometry": {
        "type": "Point",
        "coordinates": [
          135.48042,
          34.8449,
          303.3
        ]
      }
    },
    {
      "type": "Feature",
      "properties": {
        "type": "ポイントGPS",
        "id": "B-33",
        "name": "望海展望台分岐",
        "pointId": "B-33",
        "description": null
      },
      "geometry": {
        "type": "Point",
        "coordinates": [
          135.47599,
          34.84496,
          253
        ]
      }
    },
    {
      "type": "Feature",
      "properties": {
        "type": "ポイントGPS",
        "id": "B-34",
        "name": "箕面川ダム",
        "pointId": "B-34",
        "description": null
      },
      "geometry": {
        "type": "Point",
        "coordinates": [
          135.47702,
          34.85949,
          336.8
        ]
      }
    },
    {
      "type": "Feature",
      "properties": {
        "type": "ポイントGPS",
        "id": "B-35",
        "name": "自然研究路3号",
        "pointId": "B-35",
        "description": null
      },
      "geometry": {
        "type": "Point",
        "coordinates": [
          135.47576,
          34.85889,
          353.9
        ]
      }
    },
    {
      "type": "Feature",
      "properties": {
        "type": "ポイントGPS",
        "id": "B-36",
        "name": "才ヶ原林道分岐",
        "pointId": "B-36",
        "description": null
      },
      "geometry": {
        "type": "Point",
        "coordinates": [
          135.48185,
          34.85178,
          344.7
        ]
      }
    },
    {
      "type": "Feature",
      "properties": {
        "type": "ポイントGPS",
        "id": "B-37",
        "name": "風呂谷",
        "pointId": "B-37",
        "description": null
      },
      "geometry": {
        "type": "Point",
        "coordinates": [
          135.47732,
          34.85177,
          280.8
        ]
      }
    },
    {
      "type": "Feature",
      "properties": {
        "type": "ポイントGPS",
        "id": "B-38",
        "name": "風呂谷上",
        "pointId": "B-38",
        "description": null
      },
      "geometry": {
        "type": "Point",
        "coordinates": [
          135.48075,
          34.85369,
          380.8
        ]
      }
    },
    {
      "type": "Feature",
      "properties": {
        "type": "ポイントGPS",
        "id": "B-39",
        "name": "極楽谷分岐",
        "pointId": "B-39",
        "description": null
      },
      "geometry": {
        "type": "Point",
        "coordinates": [
          135.47963,
          34.85181,
          339.4
        ]
      }
    },
    {
      "type": "Feature",
      "properties": {
        "type": "ポイントGPS",
        "id": "B-40",
        "name": "極楽谷",
        "pointId": "B-40",
        "description": null
      },
      "geometry": {
        "type": "Point",
        "coordinates": [
          135.47819,
          34.84931,
          279
        ]
      }
    },
    {
      "type": "Feature",
      "properties": {
        "type": "ポイントGPS",
        "id": "B-41",
        "name": "極楽谷",
        "pointId": "B-41",
        "description": null
      },
      "geometry": {
        "type": "Point",
        "coordinates": [
          135.47635,
          34.84852,
          254.6
        ]
      }
    },
    {
      "type": "Feature",
      "properties": {
        "type": "ポイントGPS",
        "id": "C-01",
        "name": "勝尾寺参道分岐",
        "pointId": "C-01",
        "description": null
      },
      "geometry": {
        "type": "Point",
        "coordinates": [
          135.49939,
          34.84988,
          205.2
        ]
      }
    },
    {
      "type": "Feature",
      "properties": {
        "type": "ポイントGPS",
        "id": "C-02",
        "name": "ウツギ谷上池",
        "pointId": "C-02",
        "description": null
      },
      "geometry": {
        "type": "Point",
        "coordinates": [
          135.49547,
          34.85638,
          290.3
        ]
      }
    },
    {
      "type": "Feature",
      "properties": {
        "type": "ポイントGPS",
        "id": "C-03",
        "name": "勝尾寺山門",
        "pointId": "C-03",
        "description": null
      },
      "geometry": {
        "type": "Point",
        "coordinates": [
          135.49334,
          34.86425,
          357.8
        ]
      }
    },
    {
      "type": "Feature",
      "properties": {
        "type": "ポイントGPS",
        "id": "C-04",
        "name": "勝尾寺　車道",
        "pointId": "C-04",
        "description": "C5～10欠番"
      },
      "geometry": {
        "type": "Point",
        "coordinates": [
          135.48617,
          34.85992,
          311.6
        ]
      }
    },
    {
      "type": "Feature",
      "properties": {
        "type": "ポイントGPS",
        "id": "C-11",
        "name": "勝尾寺参道入口",
        "pointId": "C-11",
        "description": null
      },
      "geometry": {
        "type": "Point",
        "coordinates": [
          135.50274,
          34.84427,
          117.7
        ]
      }
    },
    {
      "type": "Feature",
      "properties": {
        "type": "ポイントGPS",
        "id": "C-12",
        "name": "谷山尾根",
        "pointId": "C-12",
        "description": null
      },
      "geometry": {
        "type": "Point",
        "coordinates": [
          135.49959,
          34.84635,
          143.5
        ]
      }
    },
    {
      "type": "Feature",
      "properties": {
        "type": "ポイントGPS",
        "id": "C-13",
        "name": "谷山尾根",
        "pointId": "C-13",
        "description": null
      },
      "geometry": {
        "type": "Point",
        "coordinates": [
          135.49647,
          34.85005,
          266.7
        ]
      }
    },
    {
      "type": "Feature",
      "properties": {
        "type": "ポイントGPS",
        "id": "C-14",
        "name": "勝尾寺参道",
        "pointId": "C-14",
        "description": null
      },
      "geometry": {
        "type": "Point",
        "coordinates": [
          135.49502,
          34.85333,
          323.1
        ]
      }
    },
    {
      "type": "Feature",
      "properties": {
        "type": "ポイントGPS",
        "id": "C-15",
        "name": "勝尾寺参道",
        "pointId": "C-15",
        "description": null
      },
      "geometry": {
        "type": "Point",
        "coordinates": [
          135.49513,
          34.85476,
          316.8
        ]
      }
    },
    {
      "type": "Feature",
      "properties": {
        "type": "ポイントGPS",
        "id": "C-16",
        "name": "ウツギ谷上池",
        "pointId": "C-16",
        "description": null
      },
      "geometry": {
        "type": "Point",
        "coordinates": [
          135.49527,
          34.85567,
          308.9
        ]
      }
    },
    {
      "type": "Feature",
      "properties": {
        "type": "ポイントGPS",
        "id": "C-17",
        "name": "勝尾寺参道",
        "pointId": "C-17",
        "description": null
      },
      "geometry": {
        "type": "Point",
        "coordinates": [
          135.49376,
          34.85945,
          348
        ]
      }
    },
    {
      "type": "Feature",
      "properties": {
        "type": "ポイントGPS",
        "id": "C-18",
        "name": "勝尾寺参道",
        "pointId": "C-18",
        "description": null
      },
      "geometry": {
        "type": "Point",
        "coordinates": [
          135.49442,
          34.86205,
          417.6
        ]
      }
    },
    {
      "type": "Feature",
      "properties": {
        "type": "ポイントGPS",
        "id": "C-19",
        "name": "しらみ地蔵",
        "pointId": "C-19",
        "description": null
      },
      "geometry": {
        "type": "Point",
        "coordinates": [
          135.49259,
          34.85975,
          346.4
        ]
      }
    },
    {
      "type": "Feature",
      "properties": {
        "type": "ポイントGPS",
        "id": "C-20",
        "name": "勝尾寺　車道",
        "pointId": "C-20",
        "description": null
      },
      "geometry": {
        "type": "Point",
        "coordinates": [
          135.48653,
          34.86087,
          314.9
        ]
      }
    },
    {
      "type": "Feature",
      "properties": {
        "type": "ポイントGPS",
        "id": "C-21",
        "name": "南山分岐",
        "pointId": "C-21",
        "description": null
      },
      "geometry": {
        "type": "Point",
        "coordinates": [
          135.48711,
          34.85934,
          318
        ]
      }
    },
    {
      "type": "Feature",
      "properties": {
        "type": "ポイントGPS",
        "id": "C-22",
        "name": "ウツキ谷",
        "pointId": "C-22",
        "description": null
      },
      "geometry": {
        "type": "Point",
        "coordinates": [
          135.49762,
          34.84694,
          150.7
        ]
      }
    },
    {
      "type": "Feature",
      "properties": {
        "type": "ポイントGPS",
        "id": "C-23",
        "name": "青松園北",
        "pointId": "C-23",
        "description": null
      },
      "geometry": {
        "type": "Point",
        "coordinates": [
          135.49648,
          34.84472,
          148.3
        ]
      }
    },
    {
      "type": "Feature",
      "properties": {
        "type": "ポイントGPS",
        "id": "C-24",
        "name": "勝尾寺山門南",
        "pointId": "C-24",
        "description": null
      },
      "geometry": {
        "type": "Point",
        "coordinates": [
          135.49396,
          34.86264,
          409.1
        ]
      }
    },
    {
      "type": "Feature",
      "properties": {
        "type": "ポイントGPS",
        "id": "D-01",
        "name": "教学の森事務所下",
        "pointId": "D-01",
        "description": null
      },
      "geometry": {
        "type": "Point",
        "coordinates": [
          135.4564,
          34.83791,
          242
        ]
      }
    },
    {
      "type": "Feature",
      "properties": {
        "type": "ポイントGPS",
        "id": "D-02",
        "name": "ハート広場",
        "pointId": "D-02",
        "description": null
      },
      "geometry": {
        "type": "Point",
        "coordinates": [
          135.46116,
          34.84367,
          333.6
        ]
      }
    },
    {
      "type": "Feature",
      "properties": {
        "type": "ポイントGPS",
        "id": "D-03",
        "name": "憩いの丘",
        "pointId": "D-03",
        "description": null
      },
      "geometry": {
        "type": "Point",
        "coordinates": [
          135.4615,
          34.83905,
          223.6
        ]
      }
    },
    {
      "type": "Feature",
      "properties": {
        "type": "ポイントGPS",
        "id": "D-04",
        "name": "望海の丘",
        "pointId": "D-04",
        "description": null
      },
      "geometry": {
        "type": "Point",
        "coordinates": [
          135.46494,
          34.84184,
          319.3
        ]
      }
    },
    {
      "type": "Feature",
      "properties": {
        "type": "ポイントGPS",
        "id": "D-05",
        "name": "桜谷分岐",
        "pointId": "D-05",
        "description": null
      },
      "geometry": {
        "type": "Point",
        "coordinates": [
          135.46649,
          34.84536,
          339
        ]
      }
    },
    {
      "type": "Feature",
      "properties": {
        "type": "ポイントGPS",
        "id": "D-06",
        "name": "桜広場",
        "pointId": "D-06",
        "description": "D7～10欠番"
      },
      "geometry": {
        "type": "Point",
        "coordinates": [
          135.47011,
          34.84153,
          168.6
        ]
      }
    },
    {
      "type": "Feature",
      "properties": {
        "type": "ポイントGPS",
        "id": "D-11",
        "name": "平和台北口",
        "pointId": "D-11",
        "description": null
      },
      "geometry": {
        "type": "Point",
        "coordinates": [
          135.46248,
          34.83746,
          146.4
        ]
      }
    },
    {
      "type": "Feature",
      "properties": {
        "type": "ポイントGPS",
        "id": "D-12",
        "name": "平和台西口",
        "pointId": "D-12",
        "description": null
      },
      "geometry": {
        "type": "Point",
        "coordinates": [
          135.46341,
          34.83903,
          154.8
        ]
      }
    },
    {
      "type": "Feature",
      "properties": {
        "type": "ポイントGPS",
        "id": "D-13",
        "name": "平和台北口北",
        "pointId": "D-13",
        "description": null
      },
      "geometry": {
        "type": "Point",
        "coordinates": [
          135.463,
          34.8396,
          171
        ]
      }
    },
    {
      "type": "Feature",
      "properties": {
        "type": "ポイントGPS",
        "id": "D-14",
        "name": "東尾根道",
        "pointId": "D-14",
        "description": null
      },
      "geometry": {
        "type": "Point",
        "coordinates": [
          135.45934,
          34.8381,
          204.4
        ]
      }
    },
    {
      "type": "Feature",
      "properties": {
        "type": "ポイントGPS",
        "id": "D-15",
        "name": "東尾根道",
        "pointId": "D-15",
        "description": null
      },
      "geometry": {
        "type": "Point",
        "coordinates": [
          135.45934,
          34.8392,
          248.2
        ]
      }
    },
    {
      "type": "Feature",
      "properties": {
        "type": "ポイントGPS",
        "id": "D-16",
        "name": "東尾根道",
        "pointId": "D-16",
        "description": null
      },
      "geometry": {
        "type": "Point",
        "coordinates": [
          135.45871,
          34.83969,
          269
        ]
      }
    },
    {
      "type": "Feature",
      "properties": {
        "type": "ポイントGPS",
        "id": "D-17",
        "name": "教学の森",
        "pointId": "D-17",
        "description": null
      },
      "geometry": {
        "type": "Point",
        "coordinates": [
          135.45801,
          34.84127,
          313.5
        ]
      }
    },
    {
      "type": "Feature",
      "properties": {
        "type": "ポイントGPS",
        "id": "D-18",
        "name": "六個山分岐",
        "pointId": "D-18",
        "description": null
      },
      "geometry": {
        "type": "Point",
        "coordinates": [
          135.45704,
          34.84078,
          312.3
        ]
      }
    },
    {
      "type": "Feature",
      "properties": {
        "type": "ポイントGPS",
        "id": "D-20",
        "name": "わくわく展望台下",
        "pointId": "D-20",
        "description": null
      },
      "geometry": {
        "type": "Point",
        "coordinates": [
          135.45978,
          34.84134,
          304.7
        ]
      }
    },
    {
      "type": "Feature",
      "properties": {
        "type": "ポイントGPS",
        "id": "D-21",
        "name": "わくわく展望台",
        "pointId": "D-21",
        "description": null
      },
      "geometry": {
        "type": "Point",
        "coordinates": [
          135.46012,
          34.84174,
          324.1
        ]
      }
    },
    {
      "type": "Feature",
      "properties": {
        "type": "ポイントGPS",
        "id": "D-22",
        "name": "箕面ゴルフ",
        "pointId": "D-22",
        "description": null
      },
      "geometry": {
        "type": "Point",
        "coordinates": [
          135.46003,
          34.84242,
          339.6
        ]
      }
    },
    {
      "type": "Feature",
      "properties": {
        "type": "ポイントGPS",
        "id": "D-23",
        "name": "六個山分岐",
        "pointId": "D-23",
        "description": null
      },
      "geometry": {
        "type": "Point",
        "coordinates": [
          135.45891,
          34.84211,
          340.5
        ]
      }
    },
    {
      "type": "Feature",
      "properties": {
        "type": "ポイントGPS",
        "id": "D-24",
        "name": "教学の森",
        "pointId": "D-24",
        "description": null
      },
      "geometry": {
        "type": "Point",
        "coordinates": [
          135.46246,
          34.84072,
          234.3
        ]
      }
    },
    {
      "type": "Feature",
      "properties": {
        "type": "ポイントGPS",
        "id": "D-25",
        "name": "西尾根",
        "pointId": "D-25",
        "description": "D26～30欠番"
      },
      "geometry": {
        "type": "Point",
        "coordinates": [
          135.45643,
          34.84099,
          307
        ]
      }
    },
    {
      "type": "Feature",
      "properties": {
        "type": "ポイントGPS",
        "id": "D-31",
        "name": "西尾根",
        "pointId": "D-31",
        "description": null
      },
      "geometry": {
        "type": "Point",
        "coordinates": [
          135.45535,
          34.84196,
          350.6
        ]
      }
    },
    {
      "type": "Feature",
      "properties": {
        "type": "ポイントGPS",
        "id": "D-32",
        "name": "六個山",
        "pointId": "D-32",
        "description": null
      },
      "geometry": {
        "type": "Point",
        "coordinates": [
          135.45542,
          34.84292,
          371.5
        ]
      }
    },
    {
      "type": "Feature",
      "properties": {
        "type": "ポイントGPS",
        "id": "D-33",
        "name": "石澄川上流",
        "pointId": "D-33",
        "description": null
      },
      "geometry": {
        "type": "Point",
        "coordinates": [
          135.45449,
          34.84361,
          329.3
        ]
      }
    },
    {
      "type": "Feature",
      "properties": {
        "type": "ポイントGPS",
        "id": "D-34",
        "name": "池田GC",
        "pointId": "D-34",
        "description": null
      },
      "geometry": {
        "type": "Point",
        "coordinates": [
          135.45278,
          34.84392,
          346.2
        ]
      }
    },
    {
      "type": "Feature",
      "properties": {
        "type": "ポイントGPS",
        "id": "D-35",
        "name": "箕面ゴルフ",
        "pointId": "D-35",
        "description": null
      },
      "geometry": {
        "type": "Point",
        "coordinates": [
          135.45955,
          34.84491,
          364.2
        ]
      }
    },
    {
      "type": "Feature",
      "properties": {
        "type": "ポイントGPS",
        "id": "D-36",
        "name": "ハート広場北",
        "pointId": "D-36",
        "description": null
      },
      "geometry": {
        "type": "Point",
        "coordinates": [
          135.46056,
          34.84543,
          355.5
        ]
      }
    },
    {
      "type": "Feature",
      "properties": {
        "type": "ポイントGPS",
        "id": "D-37",
        "name": "望海の丘西",
        "pointId": "D-37",
        "description": null
      },
      "geometry": {
        "type": "Point",
        "coordinates": [
          135.46453,
          34.84212,
          309.9
        ]
      }
    },
    {
      "type": "Feature",
      "properties": {
        "type": "ポイントGPS",
        "id": "D-38",
        "name": "山の神口",
        "pointId": "D-38",
        "description": null
      },
      "geometry": {
        "type": "Point",
        "coordinates": [
          135.47018,
          34.84225,
          178.3
        ]
      }
    },
    {
      "type": "Feature",
      "properties": {
        "type": "ポイントGPS",
        "id": "D-39",
        "name": "桜広場展望台",
        "pointId": "D-39",
        "description": null
      },
      "geometry": {
        "type": "Point",
        "coordinates": [
          135.47059,
          34.84082,
          172.9
        ]
      }
    },
    {
      "type": "Feature",
      "properties": {
        "type": "ポイントGPS",
        "id": "D-40",
        "name": "西尾根入口",
        "pointId": "D-40",
        "description": null
      },
      "geometry": {
        "type": "Point",
        "coordinates": [
          135.45531,
          34.8357,
          177
        ]
      }
    },
    {
      "type": "Feature",
      "properties": {
        "type": "ポイントGPS",
        "id": "D-41",
        "name": "ささゆりコース",
        "pointId": "D-41",
        "description": null
      },
      "geometry": {
        "type": "Point",
        "coordinates": [
          135.46523,
          34.84498,
          343.8
        ]
      }
    },
    {
      "type": "Feature",
      "properties": {
        "type": "ポイントGPS",
        "id": "D-42",
        "name": "望海の丘北",
        "pointId": "D-42",
        "description": null
      },
      "geometry": {
        "type": "Point",
        "coordinates": [
          135.4653,
          34.84354,
          323.9
        ]
      }
    },
    {
      "type": "Feature",
      "properties": {
        "type": "ポイントGPS",
        "id": "D-43",
        "name": "桜谷",
        "pointId": "D-43",
        "description": null
      },
      "geometry": {
        "type": "Point",
        "coordinates": [
          135.46661,
          34.84448,
          302.7
        ]
      }
    },
    {
      "type": "Feature",
      "properties": {
        "type": "ポイントGPS",
        "id": "D-44",
        "name": "桜谷",
        "pointId": "D-44",
        "description": null
      },
      "geometry": {
        "type": "Point",
        "coordinates": [
          135.46729,
          34.844,
          278.7
        ]
      }
    },
    {
      "type": "Feature",
      "properties": {
        "type": "ポイントGPS",
        "id": "D-45",
        "name": "平和台分岐",
        "pointId": "D-45",
        "description": null
      },
      "geometry": {
        "type": "Point",
        "coordinates": [
          135.4612,
          34.83786,
          203.3
        ]
      }
    },
    {
      "type": "Feature",
      "properties": {
        "type": "ポイントGPS",
        "id": "E-01",
        "name": "落合谷口",
        "pointId": "E-01",
        "description": null
      },
      "geometry": {
        "type": "Point",
        "coordinates": [
          135.47101,
          34.84558,
          153.5
        ]
      }
    },
    {
      "type": "Feature",
      "properties": {
        "type": "ポイントGPS",
        "id": "E-02",
        "name": "落合谷分岐",
        "pointId": "E-02",
        "description": null
      },
      "geometry": {
        "type": "Point",
        "coordinates": [
          135.46263,
          34.85224,
          400.8
        ]
      }
    },
    {
      "type": "Feature",
      "properties": {
        "type": "ポイントGPS",
        "id": "E-03",
        "name": "大ケヤキ",
        "pointId": "E-03",
        "description": null
      },
      "geometry": {
        "type": "Point",
        "coordinates": [
          135.46385,
          34.85386,
          409
        ]
      }
    },
    {
      "type": "Feature",
      "properties": {
        "type": "ポイントGPS",
        "id": "E-04",
        "name": "ようらく台",
        "pointId": "E-04",
        "description": null
      },
      "geometry": {
        "type": "Point",
        "coordinates": [
          135.45957,
          34.85735,
          467.2
        ]
      }
    },
    {
      "type": "Feature",
      "properties": {
        "type": "ポイントGPS",
        "id": "E-05",
        "name": "三国峠",
        "pointId": "E-05",
        "description": null
      },
      "geometry": {
        "type": "Point",
        "coordinates": [
          135.46847,
          34.85325,
          389.7
        ]
      }
    },
    {
      "type": "Feature",
      "properties": {
        "type": "ポイントGPS",
        "id": "E-06",
        "name": "東海自然歩道",
        "pointId": "E-06",
        "description": null
      },
      "geometry": {
        "type": "Point",
        "coordinates": [
          135.46145,
          34.86379,
          485.8
        ]
      }
    },
    {
      "type": "Feature",
      "properties": {
        "type": "ポイントGPS",
        "id": "E-07",
        "name": "天井岳分岐",
        "pointId": "E-07",
        "description": null
      },
      "geometry": {
        "type": "Point",
        "coordinates": [
          135.46816,
          34.86421,
          511.5
        ]
      }
    },
    {
      "type": "Feature",
      "properties": {
        "type": "ポイントGPS",
        "id": "E-08",
        "name": "自然研究路2，3号",
        "pointId": "E-08",
        "description": "E9～10欠番"
      },
      "geometry": {
        "type": "Point",
        "coordinates": [
          135.47347,
          34.85993,
          393
        ]
      }
    },
    {
      "type": "Feature",
      "properties": {
        "type": "ポイントGPS",
        "id": "E-11",
        "name": "大滝眺望",
        "pointId": "E-11",
        "description": null
      },
      "geometry": {
        "type": "Point",
        "coordinates": [
          135.4694,
          34.85036,
          332.4
        ]
      }
    },
    {
      "type": "Feature",
      "properties": {
        "type": "ポイントGPS",
        "id": "E-12",
        "name": "落合谷",
        "pointId": "E-12",
        "description": null
      },
      "geometry": {
        "type": "Point",
        "coordinates": [
          135.47085,
          34.84575,
          158.1
        ]
      }
    },
    {
      "type": "Feature",
      "properties": {
        "type": "ポイントGPS",
        "id": "E-13",
        "name": "落合谷",
        "pointId": "E-13",
        "description": "E14,16欠番"
      },
      "geometry": {
        "type": "Point",
        "coordinates": [
          135.46233,
          34.84855,
          332.6
        ]
      }
    },
    {
      "type": "Feature",
      "properties": {
        "type": "ポイントGPS",
        "id": "E-15",
        "name": "落合谷分岐",
        "pointId": "E-15",
        "description": null
      },
      "geometry": {
        "type": "Point",
        "coordinates": [
          135.45965,
          34.84907,
          372.9
        ]
      }
    },
    {
      "type": "Feature",
      "properties": {
        "type": "ポイントGPS",
        "id": "E-17",
        "name": "落合谷分岐",
        "pointId": "E-17",
        "description": null
      },
      "geometry": {
        "type": "Point",
        "coordinates": [
          135.46189,
          34.85123,
          390.4
        ]
      }
    },
    {
      "type": "Feature",
      "properties": {
        "type": "ポイントGPS",
        "id": "E-18",
        "name": "カメラ通",
        "pointId": "E-18",
        "description": null
      },
      "geometry": {
        "type": "Point",
        "coordinates": [
          135.46868,
          34.84913,
          274.9
        ]
      }
    },
    {
      "type": "Feature",
      "properties": {
        "type": "ポイントGPS",
        "id": "E-19",
        "name": "ようらく台分岐",
        "pointId": "E-19",
        "description": null
      },
      "geometry": {
        "type": "Point",
        "coordinates": [
          135.46481,
          34.85445,
          454.2
        ]
      }
    },
    {
      "type": "Feature",
      "properties": {
        "type": "ポイントGPS",
        "id": "E-20",
        "name": "落合谷分岐",
        "pointId": "E-20",
        "description": null
      },
      "geometry": {
        "type": "Point",
        "coordinates": [
          135.46528,
          34.85439,
          445.7
        ]
      }
    },
    {
      "type": "Feature",
      "properties": {
        "type": "ポイントGPS",
        "id": "E-21",
        "name": "ようらく台",
        "pointId": "E-21",
        "description": null
      },
      "geometry": {
        "type": "Point",
        "coordinates": [
          135.45864,
          34.85783,
          449.2
        ]
      }
    },
    {
      "type": "Feature",
      "properties": {
        "type": "ポイントGPS",
        "id": "E-22",
        "name": "止々呂美分岐",
        "pointId": "E-22",
        "description": null
      },
      "geometry": {
        "type": "Point",
        "coordinates": [
          135.46031,
          34.86315,
          459.4
        ]
      }
    },
    {
      "type": "Feature",
      "properties": {
        "type": "ポイントGPS",
        "id": "F-01",
        "name": "ダム林道",
        "pointId": "F-01",
        "description": null
      },
      "geometry": {
        "type": "Point",
        "coordinates": [
          135.47427,
          34.86372,
          355.6
        ]
      }
    },
    {
      "type": "Feature",
      "properties": {
        "type": "ポイントGPS",
        "id": "F-02",
        "name": "ダム林道",
        "pointId": "F-02",
        "description": "×位置不明"
      },
      "geometry": {
        "type": "Point",
        "coordinates": [
          135.47698,
          34.8642,
          343.6
        ]
      }
    },
    {
      "type": "Feature",
      "properties": {
        "type": "ポイントGPS",
        "id": "F-03",
        "name": "ダム林道",
        "pointId": "F-03",
        "description": null
      },
      "geometry": {
        "type": "Point",
        "coordinates": [
          135.47839,
          34.86879,
          335.1
        ]
      }
    },
    {
      "type": "Feature",
      "properties": {
        "type": "ポイントGPS",
        "id": "F-04",
        "name": "清水谷",
        "pointId": "F-04",
        "description": null
      },
      "geometry": {
        "type": "Point",
        "coordinates": [
          135.48532,
          34.86866,
          388.7
        ]
      }
    },
    {
      "type": "Feature",
      "properties": {
        "type": "ポイントGPS",
        "id": "F-05",
        "name": "東海自然歩道",
        "pointId": "F-05",
        "description": null
      },
      "geometry": {
        "type": "Point",
        "coordinates": [
          135.49181,
          34.86803,
          499.5
        ]
      }
    },
    {
      "type": "Feature",
      "properties": {
        "type": "ポイントGPS",
        "id": "F-06",
        "name": "東海自然歩道",
        "pointId": "F-06",
        "description": null
      },
      "geometry": {
        "type": "Point",
        "coordinates": [
          135.48257,
          34.86583,
          480.9
        ]
      }
    },
    {
      "type": "Feature",
      "properties": {
        "type": "ポイントGPS",
        "id": "F-07",
        "name": "自然研究路4号",
        "pointId": "F-07",
        "description": "F8～10欠番"
      },
      "geometry": {
        "type": "Point",
        "coordinates": [
          135.48436,
          34.86216,
          379.6
        ]
      }
    },
    {
      "type": "Feature",
      "properties": {
        "type": "ポイントGPS",
        "id": "F-11",
        "name": "清水谷",
        "pointId": "F-11",
        "description": null
      },
      "geometry": {
        "type": "Point",
        "coordinates": [
          135.49179,
          34.86884,
          471.1
        ]
      }
    },
    {
      "type": "Feature",
      "properties": {
        "type": "ポイントGPS",
        "id": "F-12",
        "name": "清水谷園地",
        "pointId": "F-12",
        "description": null
      },
      "geometry": {
        "type": "Point",
        "coordinates": [
          135.47988,
          34.8679,
          345
        ]
      }
    },
    {
      "type": "Feature",
      "properties": {
        "type": "ポイントGPS",
        "id": "F-13",
        "name": "東海自然歩道",
        "pointId": "F-13",
        "description": null
      },
      "geometry": {
        "type": "Point",
        "coordinates": [
          135.48585,
          34.86664,
          475.4
        ]
      }
    },
    {
      "type": "Feature",
      "properties": {
        "type": "ポイントGPS",
        "id": "F-14",
        "name": "東海自然歩道",
        "pointId": "F-14",
        "description": null
      },
      "geometry": {
        "type": "Point",
        "coordinates": [
          135.4806,
          34.86057,
          375.6
        ]
      }
    },
    {
      "type": "Feature",
      "properties": {
        "type": "ポイントGPS",
        "id": "F-15",
        "name": "勝尾寺　車道",
        "pointId": "F-15",
        "description": null
      },
      "geometry": {
        "type": "Point",
        "coordinates": [
          135.48627,
          34.86121,
          321.4
        ]
      }
    },
    {
      "type": "Feature",
      "properties": {
        "type": "ポイントGPS",
        "id": "G-01",
        "name": "医王岩",
        "pointId": "G-01",
        "description": null
      },
      "geometry": {
        "type": "Point",
        "coordinates": [
          135.48627,
          34.84215,
          147.8
        ]
      }
    },
    {
      "type": "Feature",
      "properties": {
        "type": "ポイントGPS",
        "id": "G-02",
        "name": "22曲がり　北",
        "pointId": "G-02",
        "description": null
      },
      "geometry": {
        "type": "Point",
        "coordinates": [
          135.48577,
          34.84866,
          301.7
        ]
      }
    },
    {
      "type": "Feature",
      "properties": {
        "type": "ポイントGPS",
        "id": "G-03",
        "name": "南山分岐",
        "pointId": "G-03",
        "description": null
      },
      "geometry": {
        "type": "Point",
        "coordinates": [
          135.49142,
          34.85708,
          343.6
        ]
      }
    },
    {
      "type": "Feature",
      "properties": {
        "type": "ポイントGPS",
        "id": "G-04",
        "name": "ウツギ谷池",
        "pointId": "G-04",
        "description": null
      },
      "geometry": {
        "type": "Point",
        "coordinates": [
          135.49334,
          34.85427,
          259.1
        ]
      }
    },
    {
      "type": "Feature",
      "properties": {
        "type": "ポイントGPS",
        "id": "G-05",
        "name": "谷山尾根分岐",
        "pointId": "G-05",
        "description": null
      },
      "geometry": {
        "type": "Point",
        "coordinates": [
          135.49201,
          34.84933,
          284.9
        ]
      }
    },
    {
      "type": "Feature",
      "properties": {
        "type": "ポイントGPS",
        "id": "G-06",
        "name": "白姫神社",
        "pointId": "G-06",
        "description": null
      },
      "geometry": {
        "type": "Point",
        "coordinates": [
          135.49177,
          34.84244,
          136.9
        ]
      }
    },
    {
      "type": "Feature",
      "properties": {
        "type": "ポイントGPS",
        "id": "G-07",
        "name": "谷山谷",
        "pointId": "G-07",
        "description": null
      },
      "geometry": {
        "type": "Point",
        "coordinates": [
          135.48813,
          34.84837,
          195.2
        ]
      }
    },
    {
      "type": "Feature",
      "properties": {
        "type": "ポイントGPS",
        "id": "G-08",
        "name": "谷山谷",
        "pointId": "G-08",
        "description": null
      },
      "geometry": {
        "type": "Point",
        "coordinates": [
          135.48631,
          34.85173,
          262
        ]
      }
    },
    {
      "type": "Feature",
      "properties": {
        "type": "ポイントGPS",
        "id": "G-09",
        "name": "南山分岐",
        "pointId": "G-09",
        "description": "G10欠番"
      },
      "geometry": {
        "type": "Point",
        "coordinates": [
          135.48587,
          34.85498,
          327
        ]
      }
    },
    {
      "type": "Feature",
      "properties": {
        "type": "ポイントGPS",
        "id": "G-11",
        "name": "大宮寺森",
        "pointId": "G-11",
        "description": null
      },
      "geometry": {
        "type": "Point",
        "coordinates": [
          135.48617,
          34.84035,
          129.8
        ]
      }
    },
    {
      "type": "Feature",
      "properties": {
        "type": "ポイントGPS",
        "id": "G-12",
        "name": "22曲がり",
        "pointId": "G-12",
        "description": null
      },
      "geometry": {
        "type": "Point",
        "coordinates": [
          135.48655,
          34.84485,
          189.2
        ]
      }
    },
    {
      "type": "Feature",
      "properties": {
        "type": "ポイントGPS",
        "id": "G-13",
        "name": "22曲がり",
        "pointId": "G-13",
        "description": null
      },
      "geometry": {
        "type": "Point",
        "coordinates": [
          135.48669,
          34.84587,
          204.4
        ]
      }
    },
    {
      "type": "Feature",
      "properties": {
        "type": "ポイントGPS",
        "id": "G-14",
        "name": "22曲がり",
        "pointId": "G-14",
        "description": null
      },
      "geometry": {
        "type": "Point",
        "coordinates": [
          135.4861,
          34.84785,
          289.5
        ]
      }
    },
    {
      "type": "Feature",
      "properties": {
        "type": "ポイントGPS",
        "id": "G-15",
        "name": "才ヶ原東",
        "pointId": "G-15",
        "description": null
      },
      "geometry": {
        "type": "Point",
        "coordinates": [
          135.48544,
          34.84906,
          313.9
        ]
      }
    },
    {
      "type": "Feature",
      "properties": {
        "type": "ポイントGPS",
        "id": "G-16",
        "name": "才ヶ原東",
        "pointId": "G-16",
        "description": null
      },
      "geometry": {
        "type": "Point",
        "coordinates": [
          135.4837,
          34.85003,
          300.1
        ]
      }
    },
    {
      "type": "Feature",
      "properties": {
        "type": "ポイントGPS",
        "id": "G-17",
        "name": "才ヶ原東",
        "pointId": "G-17",
        "description": null
      },
      "geometry": {
        "type": "Point",
        "coordinates": [
          135.48451,
          34.85069,
          282.7
        ]
      }
    },
    {
      "type": "Feature",
      "properties": {
        "type": "ポイントGPS",
        "id": "G-18",
        "name": "谷山谷",
        "pointId": "G-18",
        "description": null
      },
      "geometry": {
        "type": "Point",
        "coordinates": [
          135.4861,
          34.85266,
          274.8
        ]
      }
    },
    {
      "type": "Feature",
      "properties": {
        "type": "ポイントGPS",
        "id": "G-19",
        "name": "谷山谷",
        "pointId": "G-19",
        "description": null
      },
      "geometry": {
        "type": "Point",
        "coordinates": [
          135.48533,
          34.85471,
          301.5
        ]
      }
    },
    {
      "type": "Feature",
      "properties": {
        "type": "ポイントGPS",
        "id": "G-20",
        "name": "南山分岐",
        "pointId": "G-20",
        "description": null
      },
      "geometry": {
        "type": "Point",
        "coordinates": [
          135.4912,
          34.85725,
          345.8
        ]
      }
    },
    {
      "type": "Feature",
      "properties": {
        "type": "ポイントGPS",
        "id": "G-21",
        "name": "南山分岐",
        "pointId": "G-21",
        "description": null
      },
      "geometry": {
        "type": "Point",
        "coordinates": [
          135.49252,
          34.85774,
          342.2
        ]
      }
    },
    {
      "type": "Feature",
      "properties": {
        "type": "ポイントGPS",
        "id": "G-22",
        "name": "南山分岐",
        "pointId": "G-22",
        "description": null
      },
      "geometry": {
        "type": "Point",
        "coordinates": [
          135.49147,
          34.85803,
          375.9
        ]
      }
    },
    {
      "type": "Feature",
      "properties": {
        "type": "ポイントGPS",
        "id": "G-23",
        "name": "南山頂上",
        "pointId": "G-23",
        "description": null
      },
      "geometry": {
        "type": "Point",
        "coordinates": [
          135.49097,
          34.85848,
          394.6
        ]
      }
    },
    {
      "type": "Feature",
      "properties": {
        "type": "ポイントGPS",
        "id": "G-24",
        "name": "白島愛宕社口",
        "pointId": "G-24",
        "description": null
      },
      "geometry": {
        "type": "Point",
        "coordinates": [
          135.48981,
          34.84069,
          138.6
        ]
      }
    },
    {
      "type": "Feature",
      "properties": {
        "type": "ポイントGPS",
        "id": "G-25",
        "name": "あかつき園北",
        "pointId": "G-25",
        "description": null
      },
      "geometry": {
        "type": "Point",
        "coordinates": [
          135.48932,
          34.84172,
          158.8
        ]
      }
    },
    {
      "type": "Feature",
      "properties": {
        "type": "ポイントGPS",
        "id": "G-26",
        "name": "白島愛宕社",
        "pointId": "G-26",
        "description": null
      },
      "geometry": {
        "type": "Point",
        "coordinates": [
          135.48843,
          34.84469,
          254.6
        ]
      }
    },
    {
      "type": "Feature",
      "properties": {
        "type": "ポイントGPS",
        "id": "G-27",
        "name": "白島愛宕社道",
        "pointId": "G-27",
        "description": null
      },
      "geometry": {
        "type": "Point",
        "coordinates": [
          135.48868,
          34.84546,
          268.5
        ]
      }
    },
    {
      "type": "Feature",
      "properties": {
        "type": "ポイントGPS",
        "id": "G-28",
        "name": "谷山尾根",
        "pointId": "G-28",
        "description": null
      },
      "geometry": {
        "type": "Point",
        "coordinates": [
          135.49289,
          34.84396,
          183.9
        ]
      }
    },
    {
      "type": "Feature",
      "properties": {
        "type": "ポイントGPS",
        "id": "G-29",
        "name": "谷山尾根",
        "pointId": "G-29",
        "description": null
      },
      "geometry": {
        "type": "Point",
        "coordinates": [
          135.49185,
          34.85125,
          302.3
        ]
      }
    },
    {
      "type": "Feature",
      "properties": {
        "type": "ポイントGPS",
        "id": "G-30",
        "name": "勝尾寺　車道",
        "pointId": "G-30",
        "description": null
      },
      "geometry": {
        "type": "Point",
        "coordinates": [
          135.48248,
          34.85825,
          295.8
        ]
      }
    },
    {
      "type": "Feature",
      "properties": {
        "type": "ポイントGPS",
        "id": "H-01",
        "name": "エキスポの森入口",
        "pointId": "H-01",
        "description": null
      },
      "geometry": {
        "type": "Point",
        "coordinates": [
          135.47116,
          34.86932,
          450.4
        ]
      }
    },
    {
      "type": "Feature",
      "properties": {
        "type": "ポイントGPS",
        "id": "H-02",
        "name": "エキスポの森　中",
        "pointId": "H-02",
        "description": null
      },
      "geometry": {
        "type": "Point",
        "coordinates": [
          135.46992,
          34.8711,
          484.9
        ]
      }
    },
    {
      "type": "Feature",
      "properties": {
        "type": "ポイントGPS",
        "id": "H-03",
        "name": "エキスポの森入口",
        "pointId": "H-03",
        "description": null
      },
      "geometry": {
        "type": "Point",
        "coordinates": [
          135.46815,
          34.86947,
          492.6
        ]
      }
    },
    {
      "type": "Feature",
      "properties": {
        "type": "ポイントGPS",
        "id": "H-04",
        "name": "鉢伏山道",
        "pointId": "H-04",
        "description": null
      },
      "geometry": {
        "type": "Point",
        "coordinates": [
          135.4713,
          34.87451,
          534
        ]
      }
    },
    {
      "type": "Feature",
      "properties": {
        "type": "ポイントGPS",
        "id": "H-05",
        "name": "鉢伏山",
        "pointId": "H-05",
        "description": null
      },
      "geometry": {
        "type": "Point",
        "coordinates": [
          135.47511,
          34.87642,
          596
        ]
      }
    },
    {
      "type": "Feature",
      "properties": {
        "type": "ポイントGPS",
        "id": "H-06",
        "name": "梅ケ谷",
        "pointId": "H-06",
        "description": null
      },
      "geometry": {
        "type": "Point",
        "coordinates": [
          135.47914,
          34.88048,
          498.9
        ]
      }
    },
    {
      "type": "Feature",
      "properties": {
        "type": "ポイントGPS",
        "id": "H-07",
        "name": "梅ケ谷口",
        "pointId": "H-07",
        "description": null
      },
      "geometry": {
        "type": "Point",
        "coordinates": [
          135.48038,
          34.87343,
          358.9
        ]
      }
    },
    {
      "type": "Feature",
      "properties": {
        "type": "ポイントGPS",
        "id": "H-08",
        "name": "高山車道",
        "pointId": "H-08",
        "description": "H9.10欠番"
      },
      "geometry": {
        "type": "Point",
        "coordinates": [
          135.47895,
          34.86955,
          339.5
        ]
      }
    },
    {
      "type": "Feature",
      "properties": {
        "type": "ポイントGPS",
        "id": "H-11",
        "name": "＃32鉄塔",
        "pointId": "H-11",
        "description": null
      },
      "geometry": {
        "type": "Point",
        "coordinates": [
          135.47341,
          34.86829,
          552.9
        ]
      }
    },
    {
      "type": "Feature",
      "properties": {
        "type": "ポイントGPS",
        "id": "H-12",
        "name": "鉢伏山",
        "pointId": "H-12",
        "description": null
      },
      "geometry": {
        "type": "Point",
        "coordinates": [
          135.47457,
          34.87641,
          598.4
        ]
      }
    },
    {
      "type": "Feature",
      "properties": {
        "type": "ポイントGPS",
        "id": "H-13",
        "name": "鉢伏山山頂",
        "pointId": "H-13",
        "description": null
      },
      "geometry": {
        "type": "Point",
        "coordinates": [
          135.47403,
          34.87644,
          581.5
        ]
      }
    },
    {
      "type": "Feature",
      "properties": {
        "type": "ポイントGPS",
        "id": "H-14",
        "name": "鉢伏山",
        "pointId": "H-14",
        "description": null
      },
      "geometry": {
        "type": "Point",
        "coordinates": [
          135.47629,
          34.87671,
          576.5
        ]
      }
    },
    {
      "type": "Feature",
      "properties": {
        "type": "ポイントGPS",
        "id": "H-15",
        "name": "鉢伏山道",
        "pointId": "H-15",
        "description": "H16欠番"
      },
      "geometry": {
        "type": "Point",
        "coordinates": [
          135.47682,
          34.87892,
          592.2
        ]
      }
    },
    {
      "type": "Feature",
      "properties": {
        "type": "ポイントGPS",
        "id": "H-17",
        "name": "梅ケ谷",
        "pointId": "H-17",
        "description": null
      },
      "geometry": {
        "type": "Point",
        "coordinates": [
          135.47932,
          34.87705,
          451.8
        ]
      }
    },
    {
      "type": "Feature",
      "properties": {
        "type": "ポイントGPS",
        "id": "J-01",
        "name": "勝尾寺園地",
        "pointId": "J-01",
        "description": null
      },
      "geometry": {
        "type": "Point",
        "coordinates": [
          135.49666,
          34.86653,
          354.9
        ]
      }
    },
    {
      "type": "Feature",
      "properties": {
        "type": "ポイントGPS",
        "id": "J-02",
        "name": "クリーンセンタ分岐",
        "pointId": "J-02",
        "description": null
      },
      "geometry": {
        "type": "Point",
        "coordinates": [
          135.49815,
          34.86945,
          355.3
        ]
      }
    },
    {
      "type": "Feature",
      "properties": {
        "type": "ポイントGPS",
        "id": "J-03",
        "name": "＃24鉄塔",
        "pointId": "J-03",
        "description": null
      },
      "geometry": {
        "type": "Point",
        "coordinates": [
          135.49686,
          34.8726,
          487.6
        ]
      }
    },
    {
      "type": "Feature",
      "properties": {
        "type": "ポイントGPS",
        "id": "J-04",
        "name": "北摂霊園",
        "pointId": "J-04",
        "description": null
      },
      "geometry": {
        "type": "Point",
        "coordinates": [
          135.49457,
          34.87521,
          580.2
        ]
      }
    },
    {
      "type": "Feature",
      "properties": {
        "type": "ポイントGPS",
        "id": "J-05",
        "name": "東海自然歩道",
        "pointId": "J-05",
        "description": null
      },
      "geometry": {
        "type": "Point",
        "coordinates": [
          135.49331,
          34.87202,
          564.7
        ]
      }
    },
    {
      "type": "Feature",
      "properties": {
        "type": "ポイントGPS",
        "id": "J-06",
        "name": "東海自然歩道",
        "pointId": "J-06",
        "description": null
      },
      "geometry": {
        "type": "Point",
        "coordinates": [
          135.49368,
          34.87061,
          546.8
        ]
      }
    },
    {
      "type": "Feature",
      "properties": {
        "type": "ポイントGPS",
        "id": "J-11",
        "name": "林道止まり",
        "pointId": "J-11",
        "description": "J7～10欠番"
      },
      "geometry": {
        "type": "Point",
        "coordinates": [
          135.4977,
          34.86787,
          343.7
        ]
      }
    },
    {
      "type": "Feature",
      "properties": {
        "type": "ポイントGPS",
        "id": "J-12",
        "name": "北摂霊園",
        "pointId": "J-12",
        "description": null
      },
      "geometry": {
        "type": "Point",
        "coordinates": [
          135.49387,
          34.87405,
          592.7
        ]
      }
    },
    {
      "type": "Feature",
      "properties": {
        "type": "ポイントGPS",
        "id": "J-13",
        "name": "東海自然歩道",
        "pointId": "J-13",
        "description": null
      },
      "geometry": {
        "type": "Point",
        "coordinates": [
          135.49335,
          34.87167,
          561.2
        ]
      }
    },
    {
      "type": "Feature",
      "properties": {
        "id": "E-06",
        "name": "E-06",
        "type": "point",
        "source": "image_transformed",
        "description": "画像ポイント（GPS変換済）"
      },
      "geometry": {
        "type": "Point",
        "coordinates": [
          135.46142,
          34.86375,
          484.6
        ]
      }
    },
    {
      "type": "Feature",
      "properties": {
        "id": "H-01",
        "name": "H-01",
        "type": "point",
        "source": "image_transformed",
        "description": "画像ポイント（GPS変換済）"
      },
      "geometry": {
        "type": "Point",
        "coordinates": [
          135.47116,
          34.86932,
          450.2
        ]
      }
    },
    {
      "type": "Feature",
      "properties": {
        "id": "H-13",
        "name": "H-13",
        "type": "point",
        "source": "image_transformed",
        "description": "画像ポイント（GPS変換済）"
      },
      "geometry": {
        "type": "Point",
        "coordinates": [
          135.47387,
          34.87646,
          574.2
        ]
      }
    },
    {
      "type": "Feature",
      "properties": {
        "id": "H-02",
        "name": "H-02",
        "type": "point",
        "source": "image_transformed",
        "description": "画像ポイント（GPS変換済）"
      },
      "geometry": {
        "type": "Point",
        "coordinates": [
          135.47001,
          34.87104,
          484.8
        ]
      }
    },
    {
      "type": "Feature",
      "properties": {
        "id": "H-03",
        "name": "H-03",
        "type": "point",
        "source": "image_transformed",
        "description": "画像ポイント（GPS変換済）"
      },
      "geometry": {
        "type": "Point",
        "coordinates": [
          135.46822,
          34.86949,
          491.7
        ]
      }
    },
    {
      "type": "Feature",
      "properties": {
        "id": "F-01",
        "name": "F-01",
        "type": "point",
        "source": "image_transformed",
        "description": "画像ポイント（GPS変換済）"
      },
      "geometry": {
        "type": "Point",
        "coordinates": [
          135.47425,
          34.86372,
          352.6
        ]
      }
    },
    {
      "type": "Feature",
      "properties": {
        "id": "H-04",
        "name": "H-04",
        "type": "point",
        "source": "image_transformed",
        "description": "画像ポイント（GPS変換済）"
      },
      "geometry": {
        "type": "Point",
        "coordinates": [
          135.47141,
          34.87452,
          532.1
        ]
      }
    },
    {
      "type": "Feature",
      "properties": {
        "id": "E-07",
        "name": "E-07",
        "type": "point",
        "source": "image_transformed",
        "description": "画像ポイント（GPS変換済）"
      },
      "geometry": {
        "type": "Point",
        "coordinates": [
          135.46824,
          34.86423,
          511.4
        ]
      }
    },
    {
      "type": "Feature",
      "properties": {
        "id": "H-11",
        "name": "H-11",
        "type": "point",
        "source": "image_transformed",
        "description": "画像ポイント（GPS変換済）"
      },
      "geometry": {
        "type": "Point",
        "coordinates": [
          135.47335,
          34.86828,
          553
        ]
      }
    },
    {
      "type": "Feature",
      "properties": {
        "id": "E-22",
        "name": "E-22",
        "type": "point",
        "source": "image_transformed",
        "description": "画像ポイント（GPS変換済）"
      },
      "geometry": {
        "type": "Point",
        "coordinates": [
          135.46023,
          34.86318,
          457.6
        ]
      }
    },
    {
      "type": "Feature",
      "properties": {
        "id": "spot02_＃32鉄塔",
        "name": "＃32鉄塔",
        "type": "spot",
        "source": "image_transformed",
        "description": "スポット（GPS変換済）"
      },
      "geometry": {
        "type": "Point",
        "coordinates": [
          135.4733,
          34.86823,
          552.2
        ]
      }
    },
    {
      "type": "Feature",
      "properties": {
        "id": "spot03_堂屋敷",
        "name": "堂屋敷",
        "type": "spot",
        "source": "image_transformed",
        "description": "スポット（GPS変換済）"
      },
      "geometry": {
        "type": "Point",
        "coordinates": [
          135.46533,
          34.86662,
          552.5
        ]
      }
    },
    {
      "type": "Feature",
      "properties": {
        "id": "spot04_長谷山",
        "name": "長谷山",
        "type": "spot",
        "source": "image_transformed",
        "description": "スポット（GPS変換済）"
      },
      "geometry": {
        "type": "Point",
        "coordinates": [
          135.4736,
          34.87019,
          564.6
        ]
      }
    },
    {
      "type": "Feature",
      "properties": {
        "id": "spot05_7号線終点",
        "name": "7号線終点",
        "type": "spot",
        "source": "image_transformed",
        "description": "スポット（GPS変換済）"
      },
      "geometry": {
        "type": "Point",
        "coordinates": [
          135.47134,
          34.87,
          477
        ]
      }
    },
    {
      "type": "Feature",
      "properties": {
        "id": "spot06_エキスポ’90みのお記念の森",
        "name": "エキスポ’90みのお記念の森",
        "type": "spot",
        "source": "image_transformed",
        "description": "スポット（GPS変換済）"
      },
      "geometry": {
        "type": "Point",
        "coordinates": [
          135.46878,
          34.86968,
          485.4
        ]
      }
    },
    {
      "type": "Feature",
      "properties": {
        "id": "spot07_WC",
        "name": "WC",
        "type": "spot",
        "source": "image_transformed",
        "description": "スポット（GPS変換済）"
      },
      "geometry": {
        "type": "Point",
        "coordinates": [
          135.47082,
          34.87353,
          512.5
        ]
      }
    },
    {
      "type": "Feature",
      "properties": {
        "id": "spot08_駐車場",
        "name": "駐車場",
        "type": "spot",
        "source": "image_transformed",
        "description": "スポット（GPS変換済）"
      },
      "geometry": {
        "type": "Point",
        "coordinates": [
          135.46865,
          34.87073,
          484.9
        ]
      }
    },
    {
      "type": "Feature",
      "properties": {
        "id": "H-15",
        "name": "H-15",
        "type": "point",
        "source": "image_transformed",
        "description": "画像ポイント（GPS変換済）"
      },
      "geometry": {
        "type": "Point",
        "coordinates": [
          135.47675,
          34.87894,
          590.2
        ]
      }
    },
    {
      "type": "Feature",
      "properties": {
        "id": "H-07",
        "name": "H-07",
        "type": "point",
        "source": "image_transformed",
        "description": "画像ポイント（GPS変換済）"
      },
      "geometry": {
        "type": "Point",
        "coordinates": [
          135.48038,
          34.87344,
          358.8
        ]
      }
    },
    {
      "type": "Feature",
      "properties": {
        "id": "H-06",
        "name": "H-06",
        "type": "point",
        "source": "image_transformed",
        "description": "画像ポイント（GPS変換済）"
      },
      "geometry": {
        "type": "Point",
        "coordinates": [
          135.47922,
          34.8805,
          497.3
        ]
      }
    },
    {
      "type": "Feature",
      "properties": {
        "id": "H-14",
        "name": "H-14",
        "type": "point",
        "source": "image_transformed",
        "description": "画像ポイント（GPS変換済）"
      },
      "geometry": {
        "type": "Point",
        "coordinates": [
          135.47631,
          34.8767,
          574.4
        ]
      }
    },
    {
      "type": "Feature",
      "properties": {
        "id": "F-03",
        "name": "F-03",
        "type": "point",
        "source": "image_transformed",
        "description": "画像ポイント（GPS変換済）"
      },
      "geometry": {
        "type": "Point",
        "coordinates": [
          135.47835,
          34.86882,
          335
        ]
      }
    },
    {
      "type": "Feature",
      "properties": {
        "id": "H-12",
        "name": "H-12",
        "type": "point",
        "source": "image_transformed",
        "description": "画像ポイント（GPS変換済）"
      },
      "geometry": {
        "type": "Point",
        "coordinates": [
          135.47457,
          34.87639,
          597.9
        ]
      }
    },
    {
      "type": "Feature",
      "properties": {
        "id": "F-12",
        "name": "F-12",
        "type": "point",
        "source": "image_transformed",
        "description": "画像ポイント（GPS変換済）"
      },
      "geometry": {
        "type": "Point",
        "coordinates": [
          135.47983,
          34.86793,
          343.9
        ]
      }
    },
    {
      "type": "Feature",
      "properties": {
        "id": "F-13",
        "name": "F-13",
        "type": "point",
        "source": "image_transformed",
        "description": "画像ポイント（GPS変換済）"
      },
      "geometry": {
        "type": "Point",
        "coordinates": [
          135.48578,
          34.8666,
          476.4
        ]
      }
    },
    {
      "type": "Feature",
      "properties": {
        "id": "F-06",
        "name": "F-06",
        "type": "point",
        "source": "image_transformed",
        "description": "画像ポイント（GPS変換済）"
      },
      "geometry": {
        "type": "Point",
        "coordinates": [
          135.48263,
          34.86585,
          480.9
        ]
      }
    },
    {
      "type": "Feature",
      "properties": {
        "id": "F-11",
        "name": "F-11",
        "type": "point",
        "source": "image_transformed",
        "description": "画像ポイント（GPS変換済）"
      },
      "geometry": {
        "type": "Point",
        "coordinates": [
          135.49181,
          34.86884,
          471.7
        ]
      }
    },
    {
      "type": "Feature",
      "properties": {
        "id": "F-05",
        "name": "F-05",
        "type": "point",
        "source": "image_transformed",
        "description": "画像ポイント（GPS変換済）"
      },
      "geometry": {
        "type": "Point",
        "coordinates": [
          135.49187,
          34.86803,
          499.9
        ]
      }
    },
    {
      "type": "Feature",
      "properties": {
        "id": "H-08",
        "name": "H-08",
        "type": "point",
        "source": "image_transformed",
        "description": "画像ポイント（GPS変換済）"
      },
      "geometry": {
        "type": "Point",
        "coordinates": [
          135.47897,
          34.86955,
          339.4
        ]
      }
    },
    {
      "type": "Feature",
      "properties": {
        "id": "F-04",
        "name": "F-04",
        "type": "point",
        "source": "image_transformed",
        "description": "画像ポイント（GPS変換済）"
      },
      "geometry": {
        "type": "Point",
        "coordinates": [
          135.48525,
          34.86863,
          388.8
        ]
      }
    },
    {
      "type": "Feature",
      "properties": {
        "id": "H-17",
        "name": "H-17",
        "type": "point",
        "source": "image_transformed",
        "description": "画像ポイント（GPS変換済）"
      },
      "geometry": {
        "type": "Point",
        "coordinates": [
          135.47935,
          34.87706,
          449.3
        ]
      }
    },
    {
      "type": "Feature",
      "properties": {
        "id": "H-05",
        "name": "H-05",
        "type": "point",
        "source": "image_transformed",
        "description": "画像ポイント（GPS変換済）"
      },
      "geometry": {
        "type": "Point",
        "coordinates": [
          135.4751,
          34.8764,
          595.8
        ]
      }
    },
    {
      "type": "Feature",
      "properties": {
        "id": "spot01_本堂",
        "name": "本堂",
        "type": "spot",
        "source": "image_transformed",
        "description": "スポット（GPS変換済）"
      },
      "geometry": {
        "type": "Point",
        "coordinates": [
          135.49114,
          34.8659,
          388.6
        ]
      }
    },
    {
      "type": "Feature",
      "properties": {
        "id": "spot02_バス停 霊園十区",
        "name": "バス停 霊園十区",
        "type": "spot",
        "source": "image_transformed",
        "description": "スポット（GPS変換済）"
      },
      "geometry": {
        "type": "Point",
        "coordinates": [
          135.4899,
          34.87978,
          507.7
        ]
      }
    },
    {
      "type": "Feature",
      "properties": {
        "id": "spot03_高山岐れ",
        "name": "高山岐れ",
        "type": "spot",
        "source": "image_transformed",
        "description": "スポット（GPS変換済）"
      },
      "geometry": {
        "type": "Point",
        "coordinates": [
          135.47917,
          34.88649,
          599.5
        ]
      }
    },
    {
      "type": "Feature",
      "properties": {
        "id": "spot04_開成皇子墓",
        "name": "開成皇子墓",
        "type": "spot",
        "source": "image_transformed",
        "description": "スポット（GPS変換済）"
      },
      "geometry": {
        "type": "Point",
        "coordinates": [
          135.48848,
          34.86763,
          536.6
        ]
      }
    },
    {
      "type": "Feature",
      "properties": {
        "id": "spot05_応頂閣",
        "name": "応頂閣",
        "type": "spot",
        "source": "image_transformed",
        "description": "スポット（GPS変換済）"
      },
      "geometry": {
        "type": "Point",
        "coordinates": [
          135.49174,
          34.8651,
          372.9
        ]
      }
    },
    {
      "type": "Feature",
      "properties": {
        "id": "spot08_#32鉄塔",
        "name": "#32鉄塔",
        "type": "spot",
        "source": "image_transformed",
        "description": "スポット（GPS変換済）"
      },
      "geometry": {
        "type": "Point",
        "coordinates": [
          135.47317,
          34.86817,
          549.8
        ]
      }
    },
    {
      "type": "Feature",
      "properties": {
        "id": "spot09_鉢伏山",
        "name": "鉢伏山",
        "type": "spot",
        "source": "image_transformed",
        "description": "スポット（GPS変換済）"
      },
      "geometry": {
        "type": "Point",
        "coordinates": [
          135.47427,
          34.87674,
          602.4
        ]
      }
    },
    {
      "type": "Feature",
      "properties": {
        "id": "spot10_バス停 霊園七区",
        "name": "バス停 霊園七区",
        "type": "spot",
        "source": "image_transformed",
        "description": "スポット（GPS変換済）"
      },
      "geometry": {
        "type": "Point",
        "coordinates": [
          135.49172,
          34.87427,
          530.2
        ]
      }
    },
    {
      "type": "Feature",
      "properties": {
        "id": "spot11_二階堂",
        "name": "二階堂",
        "type": "spot",
        "source": "image_transformed",
        "description": "スポット（GPS変換済）"
      },
      "geometry": {
        "type": "Point",
        "coordinates": [
          135.49268,
          34.86711,
          442.3
        ]
      }
    },
    {
      "type": "Feature",
      "properties": {
        "id": "spot14_バス停 霊園六区",
        "name": "バス停 霊園六区",
        "type": "spot",
        "source": "image_transformed",
        "description": "スポット（GPS変換済）"
      },
      "geometry": {
        "type": "Point",
        "coordinates": [
          135.48833,
          34.87246,
          503.2
        ]
      }
    },
    {
      "type": "Feature",
      "properties": {
        "id": "spot15_バス停 霊園五区",
        "name": "バス停 霊園五区",
        "type": "spot",
        "source": "image_transformed",
        "description": "スポット（GPS変換済）"
      },
      "geometry": {
        "type": "Point",
        "coordinates": [
          135.48992,
          34.87617,
          457.4
        ]
      }
    },
    {
      "type": "Feature",
      "properties": {
        "id": "spot16_広目天の石蔵",
        "name": "広目天の石蔵",
        "type": "spot",
        "source": "image_transformed",
        "description": "スポット（GPS変換済）"
      },
      "geometry": {
        "type": "Point",
        "coordinates": [
          135.47942,
          34.86801,
          340.9
        ]
      }
    },
    {
      "type": "Feature",
      "properties": {
        "id": "spot17_トイレ",
        "name": "トイレ",
        "type": "spot",
        "source": "image_transformed",
        "description": "スポット（GPS変換済）"
      },
      "geometry": {
        "type": "Point",
        "coordinates": [
          135.47089,
          34.87338,
          511.4
        ]
      }
    },
    {
      "type": "Feature",
      "properties": {
        "id": "spot18_多宝塔",
        "name": "多宝塔",
        "type": "spot",
        "source": "image_transformed",
        "description": "スポット（GPS変換済）"
      },
      "geometry": {
        "type": "Point",
        "coordinates": [
          135.49242,
          34.86669,
          402.3
        ]
      }
    },
    {
      "type": "Feature",
      "properties": {
        "id": "spot19_金剛夜叉明王の石蔵",
        "name": "金剛夜叉明王の石蔵",
        "type": "spot",
        "source": "image_transformed",
        "description": "スポット（GPS変換済）"
      },
      "geometry": {
        "type": "Point",
        "coordinates": [
          135.48885,
          34.8775,
          406.9
        ]
      }
    },
    {
      "type": "Feature",
      "properties": {
        "id": "spot20_霊園事務所",
        "name": "霊園事務所",
        "type": "spot",
        "source": "image_transformed",
        "description": "スポット（GPS変換済）"
      },
      "geometry": {
        "type": "Point",
        "coordinates": [
          135.48895,
          34.87767,
          407.3
        ]
      }
    },
    {
      "type": "Feature",
      "properties": {
        "id": "spot21_バス停 霊園事務所前",
        "name": "バス停 霊園事務所前",
        "type": "spot",
        "source": "image_transformed",
        "description": "スポット（GPS変換済）"
      },
      "geometry": {
        "type": "Point",
        "coordinates": [
          135.48829,
          34.87758,
          403.7
        ]
      }
    },
    {
      "type": "Feature",
      "properties": {
        "id": "spot22_清水谷園地",
        "name": "清水谷園地",
        "type": "spot",
        "source": "image_transformed",
        "description": "スポット（GPS変換済）"
      },
      "geometry": {
        "type": "Point",
        "coordinates": [
          135.47978,
          34.86826,
          347.7
        ]
      }
    },
    {
      "type": "Feature",
      "properties": {
        "id": "J-13",
        "name": "J-13",
        "type": "point",
        "source": "image_transformed",
        "description": "画像ポイント（GPS変換済）"
      },
      "geometry": {
        "type": "Point",
        "coordinates": [
          135.49339,
          34.8717,
          561.1
        ]
      }
    },
    {
      "type": "Feature",
      "properties": {
        "id": "J-11",
        "name": "J-11",
        "type": "point",
        "source": "image_transformed",
        "description": "画像ポイント（GPS変換済）"
      },
      "geometry": {
        "type": "Point",
        "coordinates": [
          135.49766,
          34.8678,
          343.4
        ]
      }
    },
    {
      "type": "Feature",
      "properties": {
        "id": "J-01",
        "name": "J-01",
        "type": "point",
        "source": "image_transformed",
        "description": "画像ポイント（GPS変換済）"
      },
      "geometry": {
        "type": "Point",
        "coordinates": [
          135.49668,
          34.86655,
          356
        ]
      }
    },
    {
      "type": "Feature",
      "properties": {
        "id": "J-02",
        "name": "J-02",
        "type": "point",
        "source": "image_transformed",
        "description": "画像ポイント（GPS変換済）"
      },
      "geometry": {
        "type": "Point",
        "coordinates": [
          135.49813,
          34.86948,
          356.2
        ]
      }
    },
    {
      "type": "Feature",
      "properties": {
        "id": "J-03",
        "name": "J-03",
        "type": "point",
        "source": "image_transformed",
        "description": "画像ポイント（GPS変換済）"
      },
      "geometry": {
        "type": "Point",
        "coordinates": [
          135.49673,
          34.8726,
          481
        ]
      }
    },
    {
      "type": "Feature",
      "properties": {
        "id": "J-04",
        "name": "J-04",
        "type": "point",
        "source": "image_transformed",
        "description": "画像ポイント（GPS変換済）"
      },
      "geometry": {
        "type": "Point",
        "coordinates": [
          135.49468,
          34.87518,
          577.7
        ]
      }
    },
    {
      "type": "Feature",
      "properties": {
        "id": "C-03",
        "name": "C-03",
        "type": "point",
        "source": "image_transformed",
        "description": "画像ポイント（GPS変換済）"
      },
      "geometry": {
        "type": "Point",
        "coordinates": [
          135.4934,
          34.86424,
          361.8
        ]
      }
    },
    {
      "type": "Feature",
      "properties": {
        "id": "J-05",
        "name": "J-05",
        "type": "point",
        "source": "image_transformed",
        "description": "画像ポイント（GPS変換済）"
      },
      "geometry": {
        "type": "Point",
        "coordinates": [
          135.49334,
          34.87203,
          564.9
        ]
      }
    },
    {
      "type": "Feature",
      "properties": {
        "id": "J-12",
        "name": "J-12",
        "type": "point",
        "source": "image_transformed",
        "description": "画像ポイント（GPS変換済）"
      },
      "geometry": {
        "type": "Point",
        "coordinates": [
          135.49387,
          34.87404,
          592.3
        ]
      }
    },
    {
      "type": "Feature",
      "properties": {
        "id": "J-06",
        "name": "J-06",
        "type": "point",
        "source": "image_transformed",
        "description": "画像ポイント（GPS変換済）"
      },
      "geometry": {
        "type": "Point",
        "coordinates": [
          135.49363,
          34.87062,
          546.3
        ]
      }
    },
    {
      "type": "Feature",
      "properties": {
        "id": "spot02_休憩所",
        "name": "休憩所",
        "type": "spot",
        "source": "image_transformed",
        "description": "スポット（GPS変換済）"
      },
      "geometry": {
        "type": "Point",
        "coordinates": [
          135.50024,
          34.86469,
          383
        ]
      }
    },
    {
      "type": "Feature",
      "properties": {
        "id": "spot03_北摂霊園",
        "name": "北摂霊園",
        "type": "spot",
        "source": "image_transformed",
        "description": "スポット（GPS変換済）"
      },
      "geometry": {
        "type": "Point",
        "coordinates": [
          135.4947,
          34.87993,
          560.9
        ]
      }
    },
    {
      "type": "Feature",
      "properties": {
        "id": "spot04_バス停霊園五区",
        "name": "バス停霊園五区",
        "type": "spot",
        "source": "image_transformed",
        "description": "スポット（GPS変換済）"
      },
      "geometry": {
        "type": "Point",
        "coordinates": [
          135.48999,
          34.8763,
          456.8
        ]
      }
    },
    {
      "type": "Feature",
      "properties": {
        "id": "spot05_勝尾寺園地入口",
        "name": "勝尾寺園地入口",
        "type": "spot",
        "source": "image_transformed",
        "description": "スポット（GPS変換済）"
      },
      "geometry": {
        "type": "Point",
        "coordinates": [
          135.49618,
          34.86477,
          343.7
        ]
      }
    },
    {
      "type": "Feature",
      "properties": {
        "id": "spot06_至　泉原",
        "name": "至　泉原",
        "type": "spot",
        "source": "image_transformed",
        "description": "スポット（GPS変換済）"
      },
      "geometry": {
        "type": "Point",
        "coordinates": [
          135.50664,
          34.87598,
          399.7
        ]
      }
    },
    {
      "type": "Feature",
      "properties": {
        "id": "spot07_天狗岩",
        "name": "天狗岩",
        "type": "spot",
        "source": "image_transformed",
        "description": "スポット（GPS変換済）"
      },
      "geometry": {
        "type": "Point",
        "coordinates": [
          135.50152,
          34.88007,
          580.2
        ]
      }
    },
    {
      "type": "Feature",
      "properties": {
        "id": "spot09_明治の森霊園",
        "name": "明治の森霊園",
        "type": "spot",
        "source": "image_transformed",
        "description": "スポット（GPS変換済）"
      },
      "geometry": {
        "type": "Point",
        "coordinates": [
          135.50241,
          34.87276,
          347.1
        ]
      }
    },
    {
      "type": "Feature",
      "properties": {
        "id": "spot10_バス停霊園北口",
        "name": "バス停霊園北口",
        "type": "spot",
        "source": "image_transformed",
        "description": "スポット（GPS変換済）"
      },
      "geometry": {
        "type": "Point",
        "coordinates": [
          135.49713,
          34.88179,
          578.4
        ]
      }
    },
    {
      "type": "Feature",
      "properties": {
        "id": "spot11_バス停持国天の石蔵",
        "name": "バス停持国天の石蔵",
        "type": "spot",
        "source": "image_transformed",
        "description": "スポット（GPS変換済）"
      },
      "geometry": {
        "type": "Point",
        "coordinates": [
          135.50082,
          34.86659,
          288.3
        ]
      }
    },
    {
      "type": "Feature",
      "properties": {
        "id": "spot12_花の茶屋",
        "name": "花の茶屋",
        "type": "spot",
        "source": "image_transformed",
        "description": "スポット（GPS変換済）"
      },
      "geometry": {
        "type": "Point",
        "coordinates": [
          135.4936,
          34.86467,
          354.7
        ]
      }
    },
    {
      "type": "Feature",
      "properties": {
        "id": "spot14_43号線",
        "name": "43号線",
        "type": "spot",
        "source": "image_transformed",
        "description": "スポット（GPS変換済）"
      },
      "geometry": {
        "type": "Point",
        "coordinates": [
          135.50159,
          34.86856,
          277.9
        ]
      }
    },
    {
      "type": "Feature",
      "properties": {
        "id": "spot15_勝尾寺",
        "name": "勝尾寺",
        "type": "spot",
        "source": "image_transformed",
        "description": "スポット（GPS変換済）"
      },
      "geometry": {
        "type": "Point",
        "coordinates": [
          135.49246,
          34.86581,
          372.3
        ]
      }
    },
    {
      "type": "Feature",
      "properties": {
        "id": "spot17_バス停霊園事務所前",
        "name": "バス停霊園事務所前",
        "type": "spot",
        "source": "image_transformed",
        "description": "スポット（GPS変換済）"
      },
      "geometry": {
        "type": "Point",
        "coordinates": [
          135.48841,
          34.87767,
          404.4
        ]
      }
    },
    {
      "type": "Feature",
      "properties": {
        "id": "spot18_8号線分岐",
        "name": "8号線分岐",
        "type": "spot",
        "source": "image_transformed",
        "description": "スポット（GPS変換済）"
      },
      "geometry": {
        "type": "Point",
        "coordinates": [
          135.49464,
          34.87018,
          514.6
        ]
      }
    },
    {
      "type": "Feature",
      "properties": {
        "id": "spot19_バス停霊園八区",
        "name": "バス停霊園八区",
        "type": "spot",
        "source": "image_transformed",
        "description": "スポット（GPS変換済）"
      },
      "geometry": {
        "type": "Point",
        "coordinates": [
          135.49348,
          34.87658,
          550.9
        ]
      }
    },
    {
      "type": "Feature",
      "properties": {
        "id": "spot21_多宝堂",
        "name": "多宝堂",
        "type": "spot",
        "source": "image_transformed",
        "description": "スポット（GPS変換済）"
      },
      "geometry": {
        "type": "Point",
        "coordinates": [
          135.49239,
          34.86668,
          402.3
        ]
      }
    },
    {
      "type": "Feature",
      "properties": {
        "id": "spot22_バス停モニュメント前",
        "name": "バス停モニュメント前",
        "type": "spot",
        "source": "image_transformed",
        "description": "スポット（GPS変換済）"
      },
      "geometry": {
        "type": "Point",
        "coordinates": [
          135.4943,
          34.87966,
          559.4
        ]
      }
    },
    {
      "type": "Feature",
      "properties": {
        "id": "spot24_降三世明王の石蔵",
        "name": "降三世明王の石蔵",
        "type": "spot",
        "source": "image_transformed",
        "description": "スポット（GPS変換済）"
      },
      "geometry": {
        "type": "Point",
        "coordinates": [
          135.4972,
          34.8726,
          482.7
        ]
      }
    },
    {
      "type": "Feature",
      "properties": {
        "id": "spot26_＃24鉄塔",
        "name": "＃24鉄塔",
        "type": "spot",
        "source": "image_transformed",
        "description": "スポット（GPS変換済）"
      },
      "geometry": {
        "type": "Point",
        "coordinates": [
          135.49712,
          34.87305,
          481.3
        ]
      }
    },
    {
      "type": "Feature",
      "properties": {
        "id": "spot28_バス停八天の森",
        "name": "バス停八天の森",
        "type": "spot",
        "source": "image_transformed",
        "description": "スポット（GPS変換済）"
      },
      "geometry": {
        "type": "Point",
        "coordinates": [
          135.49514,
          34.87747,
          579.1
        ]
      }
    },
    {
      "type": "Feature",
      "properties": {
        "id": "spot29_P",
        "name": "P",
        "type": "spot",
        "source": "image_transformed",
        "description": "スポット（GPS変換済）"
      },
      "geometry": {
        "type": "Point",
        "coordinates": [
          135.49575,
          34.86561,
          348.6
        ]
      }
    },
    {
      "type": "Feature",
      "properties": {
        "id": "spot30_バス停霊園六区",
        "name": "バス停霊園六区",
        "type": "spot",
        "source": "image_transformed",
        "description": "スポット（GPS変換済）"
      },
      "geometry": {
        "type": "Point",
        "coordinates": [
          135.48842,
          34.87248,
          502.7
        ]
      }
    },
    {
      "type": "Feature",
      "properties": {
        "id": "spot31_多聞天の石蔵",
        "name": "多聞天の石蔵",
        "type": "spot",
        "source": "image_transformed",
        "description": "スポット（GPS変換済）"
      },
      "geometry": {
        "type": "Point",
        "coordinates": [
          135.49514,
          34.87829,
          584.5
        ]
      }
    },
    {
      "type": "Feature",
      "properties": {
        "id": "spot32_バス停霊園七区",
        "name": "バス停霊園七区",
        "type": "spot",
        "source": "image_transformed",
        "description": "スポット（GPS変換済）"
      },
      "geometry": {
        "type": "Point",
        "coordinates": [
          135.49176,
          34.87434,
          530.6
        ]
      }
    },
    {
      "type": "Feature",
      "properties": {
        "id": "spot33_バス停クリーンセンター前",
        "name": "バス停クリーンセンター前",
        "type": "spot",
        "source": "image_transformed",
        "description": "スポット（GPS変換済）"
      },
      "geometry": {
        "type": "Point",
        "coordinates": [
          135.50358,
          34.87002,
          290
        ]
      }
    },
    {
      "type": "Feature",
      "properties": {
        "id": "spot35_バス停霊園十区",
        "name": "バス停霊園十区",
        "type": "spot",
        "source": "image_transformed",
        "description": "スポット（GPS変換済）"
      },
      "geometry": {
        "type": "Point",
        "coordinates": [
          135.48998,
          34.87968,
          514
        ]
      }
    },
    {
      "type": "Feature",
      "properties": {
        "id": "spot36_本坊（小池院）",
        "name": "本坊（小池院）",
        "type": "spot",
        "source": "image_transformed",
        "description": "スポット（GPS変換済）"
      },
      "geometry": {
        "type": "Point",
        "coordinates": [
          135.49309,
          34.86523,
          358.3
        ]
      }
    },
    {
      "type": "Feature",
      "properties": {
        "id": "spot38_環境クリーンセンター",
        "name": "環境クリーンセンター",
        "type": "spot",
        "source": "image_transformed",
        "description": "スポット（GPS変換済）"
      },
      "geometry": {
        "type": "Point",
        "coordinates": [
          135.50115,
          34.87139,
          336.2
        ]
      }
    },
    {
      "type": "Feature",
      "properties": {
        "id": "E-11",
        "name": "E-11",
        "type": "point",
        "source": "image_transformed",
        "description": "画像ポイント（GPS変換済）"
      },
      "geometry": {
        "type": "Point",
        "coordinates": [
          135.46944,
          34.8503,
          330.8
        ]
      }
    },
    {
      "type": "Feature",
      "properties": {
        "id": "E-18",
        "name": "E-18",
        "type": "point",
        "source": "image_transformed",
        "description": "画像ポイント（GPS変換済）"
      },
      "geometry": {
        "type": "Point",
        "coordinates": [
          135.46865,
          34.84915,
          276.4
        ]
      }
    },
    {
      "type": "Feature",
      "properties": {
        "id": "E-19",
        "name": "E-19",
        "type": "point",
        "source": "image_transformed",
        "description": "画像ポイント（GPS変換済）"
      },
      "geometry": {
        "type": "Point",
        "coordinates": [
          135.46483,
          34.8544,
          453.6
        ]
      }
    },
    {
      "type": "Feature",
      "properties": {
        "id": "E-03",
        "name": "E-03",
        "type": "point",
        "source": "image_transformed",
        "description": "画像ポイント（GPS変換済）"
      },
      "geometry": {
        "type": "Point",
        "coordinates": [
          135.4639,
          34.85388,
          409.8
        ]
      }
    },
    {
      "type": "Feature",
      "properties": {
        "id": "E-15",
        "name": "E-15",
        "type": "point",
        "source": "image_transformed",
        "description": "画像ポイント（GPS変換済）"
      },
      "geometry": {
        "type": "Point",
        "coordinates": [
          135.45962,
          34.84911,
          371.8
        ]
      }
    },
    {
      "type": "Feature",
      "properties": {
        "id": "E-21",
        "name": "E-21",
        "type": "point",
        "source": "image_transformed",
        "description": "画像ポイント（GPS変換済）"
      },
      "geometry": {
        "type": "Point",
        "coordinates": [
          135.45865,
          34.85784,
          449
        ]
      }
    },
    {
      "type": "Feature",
      "properties": {
        "id": "E-08",
        "name": "E-08",
        "type": "point",
        "source": "image_transformed",
        "description": "画像ポイント（GPS変換済）"
      },
      "geometry": {
        "type": "Point",
        "coordinates": [
          135.47346,
          34.85994,
          392.7
        ]
      }
    },
    {
      "type": "Feature",
      "properties": {
        "id": "E-20",
        "name": "E-20",
        "type": "point",
        "source": "image_transformed",
        "description": "画像ポイント（GPS変換済）"
      },
      "geometry": {
        "type": "Point",
        "coordinates": [
          135.46527,
          34.85436,
          445.4
        ]
      }
    },
    {
      "type": "Feature",
      "properties": {
        "id": "E-05",
        "name": "E-05",
        "type": "point",
        "source": "image_transformed",
        "description": "画像ポイント（GPS変換済）"
      },
      "geometry": {
        "type": "Point",
        "coordinates": [
          135.4685,
          34.85323,
          389.4
        ]
      }
    },
    {
      "type": "Feature",
      "properties": {
        "id": "B-05",
        "name": "B-05",
        "type": "point",
        "source": "image_transformed",
        "description": "画像ポイント（GPS変換済）"
      },
      "geometry": {
        "type": "Point",
        "coordinates": [
          135.47345,
          34.85445,
          247.4
        ]
      }
    },
    {
      "type": "Feature",
      "properties": {
        "id": "E-02",
        "name": "E-02",
        "type": "point",
        "source": "image_transformed",
        "description": "画像ポイント（GPS変換済）"
      },
      "geometry": {
        "type": "Point",
        "coordinates": [
          135.46263,
          34.85225,
          400.6
        ]
      }
    },
    {
      "type": "Feature",
      "properties": {
        "id": "E-13",
        "name": "E-13",
        "type": "point",
        "source": "image_transformed",
        "description": "画像ポイント（GPS変換済）"
      },
      "geometry": {
        "type": "Point",
        "coordinates": [
          135.46233,
          34.84853,
          332.6
        ]
      }
    },
    {
      "type": "Feature",
      "properties": {
        "id": "B-06",
        "name": "B-06",
        "type": "point",
        "source": "image_transformed",
        "description": "画像ポイント（GPS変換済）"
      },
      "geometry": {
        "type": "Point",
        "coordinates": [
          135.47168,
          34.8565,
          234.6
        ]
      }
    },
    {
      "type": "Feature",
      "properties": {
        "id": "E-17",
        "name": "E-17",
        "type": "point",
        "source": "image_transformed",
        "description": "画像ポイント（GPS変換済）"
      },
      "geometry": {
        "type": "Point",
        "coordinates": [
          135.46192,
          34.85123,
          391.1
        ]
      }
    },
    {
      "type": "Feature",
      "properties": {
        "id": "E-04",
        "name": "E-04",
        "type": "point",
        "source": "image_transformed",
        "description": "画像ポイント（GPS変換済）"
      },
      "geometry": {
        "type": "Point",
        "coordinates": [
          135.45954,
          34.85735,
          467
        ]
      }
    },
    {
      "type": "Feature",
      "properties": {
        "id": "spot03_釣鐘淵",
        "name": "釣鐘淵",
        "type": "spot",
        "source": "image_transformed",
        "description": "スポット（GPS変換済）"
      },
      "geometry": {
        "type": "Point",
        "coordinates": [
          135.47162,
          34.85143,
          165.6
        ]
      }
    },
    {
      "type": "Feature",
      "properties": {
        "id": "spot04_ようらく台園地",
        "name": "ようらく台園地",
        "type": "spot",
        "source": "image_transformed",
        "description": "スポット（GPS変換済）"
      },
      "geometry": {
        "type": "Point",
        "coordinates": [
          135.45891,
          34.85744,
          458.1
        ]
      }
    },
    {
      "type": "Feature",
      "properties": {
        "id": "spot05_天上が岳",
        "name": "天上が岳",
        "type": "spot",
        "source": "image_transformed",
        "description": "スポット（GPS変換済）"
      },
      "geometry": {
        "type": "Point",
        "coordinates": [
          135.46837,
          34.86316,
          494.1
        ]
      }
    },
    {
      "type": "Feature",
      "properties": {
        "id": "spot06_大ケヤキ",
        "name": "大ケヤキ",
        "type": "spot",
        "source": "image_transformed",
        "description": "スポット（GPS変換済）"
      },
      "geometry": {
        "type": "Point",
        "coordinates": [
          135.46408,
          34.85403,
          411.6
        ]
      }
    },
    {
      "type": "Feature",
      "properties": {
        "id": "spot07_WC",
        "name": "WC",
        "type": "spot",
        "source": "image_transformed",
        "description": "スポット（GPS変換済）"
      },
      "geometry": {
        "type": "Point",
        "coordinates": [
          135.473,
          34.84656,
          150.1
        ]
      }
    },
    {
      "type": "Feature",
      "properties": {
        "id": "spot08_百年橋",
        "name": "百年橋",
        "type": "spot",
        "source": "image_transformed",
        "description": "スポット（GPS変換済）"
      },
      "geometry": {
        "type": "Point",
        "coordinates": [
          135.47168,
          34.85674,
          239.7
        ]
      }
    },
    {
      "type": "Feature",
      "properties": {
        "id": "spot09_天狗鼻",
        "name": "天狗鼻",
        "type": "spot",
        "source": "image_transformed",
        "description": "スポット（GPS変換済）"
      },
      "geometry": {
        "type": "Point",
        "coordinates": [
          135.47323,
          34.84752,
          149.5
        ]
      }
    },
    {
      "type": "Feature",
      "properties": {
        "id": "spot11_箕面山",
        "name": "箕面山",
        "type": "spot",
        "source": "image_transformed",
        "description": "スポット（GPS変換済）"
      },
      "geometry": {
        "type": "Point",
        "coordinates": [
          135.46826,
          34.85135,
          365.4
        ]
      }
    },
    {
      "type": "Feature",
      "properties": {
        "id": "spot15_修業の古場休憩所",
        "name": "修業の古場休憩所",
        "type": "spot",
        "source": "image_transformed",
        "description": "スポット（GPS変換済）"
      },
      "geometry": {
        "type": "Point",
        "coordinates": [
          135.47344,
          34.84668,
          157.3
        ]
      }
    },
    {
      "type": "Feature",
      "properties": {
        "id": "spot16_雲隣展望台",
        "name": "雲隣展望台",
        "type": "spot",
        "source": "image_transformed",
        "description": "スポット（GPS変換済）"
      },
      "geometry": {
        "type": "Point",
        "coordinates": [
          135.47324,
          34.85423,
          233.8
        ]
      }
    },
    {
      "type": "Feature",
      "properties": {
        "id": "spot17_石子詰",
        "name": "石子詰",
        "type": "spot",
        "source": "image_transformed",
        "description": "スポット（GPS変換済）"
      },
      "geometry": {
        "type": "Point",
        "coordinates": [
          135.47323,
          34.84949,
          172.8
        ]
      }
    },
    {
      "type": "Feature",
      "properties": {
        "id": "spot20_トイレ",
        "name": "トイレ",
        "type": "spot",
        "source": "image_transformed",
        "description": "スポット（GPS変換済）"
      },
      "geometry": {
        "type": "Point",
        "coordinates": [
          135.4724,
          34.85082,
          166.9
        ]
      }
    },
    {
      "type": "Feature",
      "properties": {
        "id": "G-17",
        "name": "G-17",
        "type": "point",
        "source": "image_transformed",
        "description": "画像ポイント（GPS変換済）"
      },
      "geometry": {
        "type": "Point",
        "coordinates": [
          135.48446,
          34.85069,
          282.6
        ]
      }
    },
    {
      "type": "Feature",
      "properties": {
        "id": "F-02",
        "name": "F-02",
        "type": "point",
        "source": "image_transformed",
        "description": "画像ポイント（GPS変換済）"
      },
      "geometry": {
        "type": "Point",
        "coordinates": [
          135.477,
          34.86412,
          340.3
        ]
      }
    },
    {
      "type": "Feature",
      "properties": {
        "id": "B-09",
        "name": "B-09",
        "type": "point",
        "source": "image_transformed",
        "description": "画像ポイント（GPS変換済）"
      },
      "geometry": {
        "type": "Point",
        "coordinates": [
          135.47796,
          34.85415,
          355.4
        ]
      }
    },
    {
      "type": "Feature",
      "properties": {
        "id": "C-20",
        "name": "C-20",
        "type": "point",
        "source": "image_transformed",
        "description": "画像ポイント（GPS変換済）"
      },
      "geometry": {
        "type": "Point",
        "coordinates": [
          135.48655,
          34.86085,
          312.8
        ]
      }
    },
    {
      "type": "Feature",
      "properties": {
        "id": "B-04",
        "name": "B-04",
        "type": "point",
        "source": "image_transformed",
        "description": "画像ポイント（GPS変換済）"
      },
      "geometry": {
        "type": "Point",
        "coordinates": [
          135.47635,
          34.85031,
          255.4
        ]
      }
    },
    {
      "type": "Feature",
      "properties": {
        "id": "B-36",
        "name": "B-36",
        "type": "point",
        "source": "image_transformed",
        "description": "画像ポイント（GPS変換済）"
      },
      "geometry": {
        "type": "Point",
        "coordinates": [
          135.48189,
          34.85173,
          340.9
        ]
      }
    },
    {
      "type": "Feature",
      "properties": {
        "id": "B-10",
        "name": "B-10",
        "type": "point",
        "source": "image_transformed",
        "description": "画像ポイント（GPS変換済）"
      },
      "geometry": {
        "type": "Point",
        "coordinates": [
          135.47989,
          34.85541,
          379.7
        ]
      }
    },
    {
      "type": "Feature",
      "properties": {
        "id": "F-15",
        "name": "F-15",
        "type": "point",
        "source": "image_transformed",
        "description": "画像ポイント（GPS変換済）"
      },
      "geometry": {
        "type": "Point",
        "coordinates": [
          135.48623,
          34.86117,
          320.4
        ]
      }
    },
    {
      "type": "Feature",
      "properties": {
        "id": "B-29",
        "name": "B-29",
        "type": "point",
        "source": "image_transformed",
        "description": "画像ポイント（GPS変換済）"
      },
      "geometry": {
        "type": "Point",
        "coordinates": [
          135.48047,
          34.84906,
          285.2
        ]
      }
    },
    {
      "type": "Feature",
      "properties": {
        "id": "G-08",
        "name": "G-08",
        "type": "point",
        "source": "image_transformed",
        "description": "画像ポイント（GPS変換済）"
      },
      "geometry": {
        "type": "Point",
        "coordinates": [
          135.48624,
          34.85173,
          261.7
        ]
      }
    },
    {
      "type": "Feature",
      "properties": {
        "id": "G-19",
        "name": "G-19",
        "type": "point",
        "source": "image_transformed",
        "description": "画像ポイント（GPS変換済）"
      },
      "geometry": {
        "type": "Point",
        "coordinates": [
          135.48532,
          34.85474,
          301.5
        ]
      }
    },
    {
      "type": "Feature",
      "properties": {
        "id": "G-29",
        "name": "G-29",
        "type": "point",
        "source": "image_transformed",
        "description": "画像ポイント（GPS変換済）"
      },
      "geometry": {
        "type": "Point",
        "coordinates": [
          135.49191,
          34.85123,
          301.9
        ]
      }
    },
    {
      "type": "Feature",
      "properties": {
        "id": "G-03",
        "name": "G-03",
        "type": "point",
        "source": "image_transformed",
        "description": "画像ポイント（GPS変換済）"
      },
      "geometry": {
        "type": "Point",
        "coordinates": [
          135.49131,
          34.85711,
          339.6
        ]
      }
    },
    {
      "type": "Feature",
      "properties": {
        "id": "G-09",
        "name": "G-09",
        "type": "point",
        "source": "image_transformed",
        "description": "画像ポイント（GPS変換済）"
      },
      "geometry": {
        "type": "Point",
        "coordinates": [
          135.48587,
          34.85504,
          325.2
        ]
      }
    },
    {
      "type": "Feature",
      "properties": {
        "id": "B-08",
        "name": "B-08",
        "type": "point",
        "source": "image_transformed",
        "description": "画像ポイント（GPS変換済）"
      },
      "geometry": {
        "type": "Point",
        "coordinates": [
          135.47524,
          34.85294,
          349.1
        ]
      }
    },
    {
      "type": "Feature",
      "properties": {
        "id": "G-15",
        "name": "G-15",
        "type": "point",
        "source": "image_transformed",
        "description": "画像ポイント（GPS変換済）"
      },
      "geometry": {
        "type": "Point",
        "coordinates": [
          135.48543,
          34.84906,
          313.8
        ]
      }
    },
    {
      "type": "Feature",
      "properties": {
        "id": "B-22",
        "name": "B-22",
        "type": "point",
        "source": "image_transformed",
        "description": "画像ポイント（GPS変換済）"
      },
      "geometry": {
        "type": "Point",
        "coordinates": [
          135.48027,
          34.85062,
          316.4
        ]
      }
    },
    {
      "type": "Feature",
      "properties": {
        "id": "G-23",
        "name": "G-23",
        "type": "point",
        "source": "image_transformed",
        "description": "画像ポイント（GPS変換済）"
      },
      "geometry": {
        "type": "Point",
        "coordinates": [
          135.49104,
          34.85847,
          394.7
        ]
      }
    },
    {
      "type": "Feature",
      "properties": {
        "id": "B-07",
        "name": "B-07",
        "type": "point",
        "source": "image_transformed",
        "description": "画像ポイント（GPS変換済）"
      },
      "geometry": {
        "type": "Point",
        "coordinates": [
          135.47875,
          34.85844,
          289
        ]
      }
    },
    {
      "type": "Feature",
      "properties": {
        "id": "B-39",
        "name": "B-39",
        "type": "point",
        "source": "image_transformed",
        "description": "画像ポイント（GPS変換済）"
      },
      "geometry": {
        "type": "Point",
        "coordinates": [
          135.4797,
          34.85173,
          335.4
        ]
      }
    },
    {
      "type": "Feature",
      "properties": {
        "id": "G-02",
        "name": "G-02",
        "type": "point",
        "source": "image_transformed",
        "description": "画像ポイント（GPS変換済）"
      },
      "geometry": {
        "type": "Point",
        "coordinates": [
          135.48577,
          34.84866,
          303.4
        ]
      }
    },
    {
      "type": "Feature",
      "properties": {
        "id": "B-28",
        "name": "B-28",
        "type": "point",
        "source": "image_transformed",
        "description": "画像ポイント（GPS変換済）"
      },
      "geometry": {
        "type": "Point",
        "coordinates": [
          135.47663,
          34.84727,
          240
        ]
      }
    },
    {
      "type": "Feature",
      "properties": {
        "id": "B-35",
        "name": "B-35",
        "type": "point",
        "source": "image_transformed",
        "description": "画像ポイント（GPS変換済）"
      },
      "geometry": {
        "type": "Point",
        "coordinates": [
          135.47575,
          34.85888,
          352.6
        ]
      }
    },
    {
      "type": "Feature",
      "properties": {
        "id": "B-31",
        "name": "B-31",
        "type": "point",
        "source": "image_transformed",
        "description": "画像ポイント（GPS変換済）"
      },
      "geometry": {
        "type": "Point",
        "coordinates": [
          135.48153,
          34.84614,
          303.2
        ]
      }
    },
    {
      "type": "Feature",
      "properties": {
        "id": "G-07",
        "name": "G-07",
        "type": "point",
        "source": "image_transformed",
        "description": "画像ポイント（GPS変換済）"
      },
      "geometry": {
        "type": "Point",
        "coordinates": [
          135.48803,
          34.84839,
          197.9
        ]
      }
    },
    {
      "type": "Feature",
      "properties": {
        "id": "G-18",
        "name": "G-18",
        "type": "point",
        "source": "image_transformed",
        "description": "画像ポイント（GPS変換済）"
      },
      "geometry": {
        "type": "Point",
        "coordinates": [
          135.48614,
          34.85268,
          278.3
        ]
      }
    },
    {
      "type": "Feature",
      "properties": {
        "id": "B-40",
        "name": "B-40",
        "type": "point",
        "source": "image_transformed",
        "description": "画像ポイント（GPS変換済）"
      },
      "geometry": {
        "type": "Point",
        "coordinates": [
          135.47819,
          34.84933,
          278.8
        ]
      }
    },
    {
      "type": "Feature",
      "properties": {
        "id": "G-30",
        "name": "G-30",
        "type": "point",
        "source": "image_transformed",
        "description": "画像ポイント（GPS変換済）"
      },
      "geometry": {
        "type": "Point",
        "coordinates": [
          135.48248,
          34.85827,
          297
        ]
      }
    },
    {
      "type": "Feature",
      "properties": {
        "id": "B-37",
        "name": "B-37",
        "type": "point",
        "source": "image_transformed",
        "description": "画像ポイント（GPS変換済）"
      },
      "geometry": {
        "type": "Point",
        "coordinates": [
          135.47729,
          34.85173,
          276.5
        ]
      }
    },
    {
      "type": "Feature",
      "properties": {
        "id": "B-27",
        "name": "B-27",
        "type": "point",
        "source": "image_transformed",
        "description": "画像ポイント（GPS変換済）"
      },
      "geometry": {
        "type": "Point",
        "coordinates": [
          135.47571,
          34.85419,
          348
        ]
      }
    },
    {
      "type": "Feature",
      "properties": {
        "id": "C-04",
        "name": "C-04",
        "type": "point",
        "source": "image_transformed",
        "description": "画像ポイント（GPS変換済）"
      },
      "geometry": {
        "type": "Point",
        "coordinates": [
          135.48613,
          34.85987,
          308.5
        ]
      }
    },
    {
      "type": "Feature",
      "properties": {
        "id": "G-14",
        "name": "G-14",
        "type": "point",
        "source": "image_transformed",
        "description": "画像ポイント（GPS変換済）"
      },
      "geometry": {
        "type": "Point",
        "coordinates": [
          135.48614,
          34.84785,
          290.1
        ]
      }
    },
    {
      "type": "Feature",
      "properties": {
        "id": "B-11",
        "name": "B-11",
        "type": "point",
        "source": "image_transformed",
        "description": "画像ポイント（GPS変換済）"
      },
      "geometry": {
        "type": "Point",
        "coordinates": [
          135.47941,
          34.84862,
          295.3
        ]
      }
    },
    {
      "type": "Feature",
      "properties": {
        "id": "B-03",
        "name": "B-03",
        "type": "point",
        "source": "image_transformed",
        "description": "画像ポイント（GPS変換済）"
      },
      "geometry": {
        "type": "Point",
        "coordinates": [
          135.47629,
          34.84784,
          254.6
        ]
      }
    },
    {
      "type": "Feature",
      "properties": {
        "id": "F-07",
        "name": "F-07",
        "type": "point",
        "source": "image_transformed",
        "description": "画像ポイント（GPS変換済）"
      },
      "geometry": {
        "type": "Point",
        "coordinates": [
          135.4844,
          34.8622,
          380.4
        ]
      }
    },
    {
      "type": "Feature",
      "properties": {
        "id": "B-23",
        "name": "B-23",
        "type": "point",
        "source": "image_transformed",
        "description": "画像ポイント（GPS変換済）"
      },
      "geometry": {
        "type": "Point",
        "coordinates": [
          135.48022,
          34.8517,
          357.4
        ]
      }
    },
    {
      "type": "Feature",
      "properties": {
        "id": "B-41",
        "name": "B-41",
        "type": "point",
        "source": "image_transformed",
        "description": "画像ポイント（GPS変換済）"
      },
      "geometry": {
        "type": "Point",
        "coordinates": [
          135.4763,
          34.84854,
          251.4
        ]
      }
    },
    {
      "type": "Feature",
      "properties": {
        "id": "B-24",
        "name": "B-24",
        "type": "point",
        "source": "image_transformed",
        "description": "画像ポイント（GPS変換済）"
      },
      "geometry": {
        "type": "Point",
        "coordinates": [
          135.48011,
          34.85418,
          390.3
        ]
      }
    },
    {
      "type": "Feature",
      "properties": {
        "id": "G-20",
        "name": "G-20",
        "type": "point",
        "source": "image_transformed",
        "description": "画像ポイント（GPS変換済）"
      },
      "geometry": {
        "type": "Point",
        "coordinates": [
          135.49115,
          34.85733,
          351.1
        ]
      }
    },
    {
      "type": "Feature",
      "properties": {
        "id": "G-22",
        "name": "G-22",
        "type": "point",
        "source": "image_transformed",
        "description": "画像ポイント（GPS変換済）"
      },
      "geometry": {
        "type": "Point",
        "coordinates": [
          135.49146,
          34.85805,
          377.1
        ]
      }
    },
    {
      "type": "Feature",
      "properties": {
        "id": "G-16",
        "name": "G-16",
        "type": "point",
        "source": "image_transformed",
        "description": "画像ポイント（GPS変換済）"
      },
      "geometry": {
        "type": "Point",
        "coordinates": [
          135.48366,
          34.85004,
          299.2
        ]
      }
    },
    {
      "type": "Feature",
      "properties": {
        "id": "B-26",
        "name": "B-26",
        "type": "point",
        "source": "image_transformed",
        "description": "画像ポイント（GPS変換済）"
      },
      "geometry": {
        "type": "Point",
        "coordinates": [
          135.47935,
          34.85746,
          285.5
        ]
      }
    },
    {
      "type": "Feature",
      "properties": {
        "id": "G-05",
        "name": "G-05",
        "type": "point",
        "source": "image_transformed",
        "description": "画像ポイント（GPS変換済）"
      },
      "geometry": {
        "type": "Point",
        "coordinates": [
          135.49196,
          34.84928,
          284.5
        ]
      }
    },
    {
      "type": "Feature",
      "properties": {
        "id": "F-14",
        "name": "F-14",
        "type": "point",
        "source": "image_transformed",
        "description": "画像ポイント（GPS変換済）"
      },
      "geometry": {
        "type": "Point",
        "coordinates": [
          135.48062,
          34.86053,
          373
        ]
      }
    },
    {
      "type": "Feature",
      "properties": {
        "id": "B-30",
        "name": "B-30",
        "type": "point",
        "source": "image_transformed",
        "description": "画像ポイント（GPS変換済）"
      },
      "geometry": {
        "type": "Point",
        "coordinates": [
          135.48098,
          34.84734,
          282.9
        ]
      }
    },
    {
      "type": "Feature",
      "properties": {
        "id": "C-21",
        "name": "C-21",
        "type": "point",
        "source": "image_transformed",
        "description": "画像ポイント（GPS変換済）"
      },
      "geometry": {
        "type": "Point",
        "coordinates": [
          135.48712,
          34.85933,
          318.1
        ]
      }
    },
    {
      "type": "Feature",
      "properties": {
        "id": "B-34",
        "name": "B-34",
        "type": "point",
        "source": "image_transformed",
        "description": "画像ポイント（GPS変換済）"
      },
      "geometry": {
        "type": "Point",
        "coordinates": [
          135.47705,
          34.85948,
          336.8
        ]
      }
    },
    {
      "type": "Feature",
      "properties": {
        "id": "B-25",
        "name": "B-25",
        "type": "point",
        "source": "image_transformed",
        "description": "画像ポイント（GPS変換済）"
      },
      "geometry": {
        "type": "Point",
        "coordinates": [
          135.48037,
          34.85514,
          364.5
        ]
      }
    },
    {
      "type": "Feature",
      "properties": {
        "id": "B-38",
        "name": "B-38",
        "type": "point",
        "source": "image_transformed",
        "description": "画像ポイント（GPS変換済）"
      },
      "geometry": {
        "type": "Point",
        "coordinates": [
          135.48074,
          34.85371,
          381.1
        ]
      }
    },
    {
      "type": "Feature",
      "properties": {
        "id": "spot01_政の茶屋園地",
        "name": "政の茶屋園地",
        "type": "spot",
        "source": "image_transformed",
        "description": "スポット（GPS変換済）"
      },
      "geometry": {
        "type": "Point",
        "coordinates": [
          135.47841,
          34.85794,
          297.2
        ]
      }
    },
    {
      "type": "Feature",
      "properties": {
        "id": "spot02_薬師堂",
        "name": "薬師堂",
        "type": "spot",
        "source": "image_transformed",
        "description": "スポット（GPS変換済）"
      },
      "geometry": {
        "type": "Point",
        "coordinates": [
          135.49062,
          34.8656,
          396.6
        ]
      }
    },
    {
      "type": "Feature",
      "properties": {
        "id": "spot03_姫岩",
        "name": "姫岩",
        "type": "spot",
        "source": "image_transformed",
        "description": "スポット（GPS変換済）"
      },
      "geometry": {
        "type": "Point",
        "coordinates": [
          135.47309,
          34.84629,
          133.5
        ]
      }
    },
    {
      "type": "Feature",
      "properties": {
        "id": "spot04_駐車場",
        "name": "駐車場",
        "type": "spot",
        "source": "image_transformed",
        "description": "スポット（GPS変換済）"
      },
      "geometry": {
        "type": "Point",
        "coordinates": [
          135.47908,
          34.85854,
          289.3
        ]
      }
    },
    {
      "type": "Feature",
      "properties": {
        "id": "spot05_戻岩橋",
        "name": "戻岩橋",
        "type": "spot",
        "source": "image_transformed",
        "description": "スポット（GPS変換済）"
      },
      "geometry": {
        "type": "Point",
        "coordinates": [
          135.47278,
          34.85089,
          165.6
        ]
      }
    },
    {
      "type": "Feature",
      "properties": {
        "id": "spot08_トイレ",
        "name": "トイレ",
        "type": "spot",
        "source": "image_transformed",
        "description": "スポット（GPS変換済）"
      },
      "geometry": {
        "type": "Point",
        "coordinates": [
          135.47118,
          34.85234,
          190.9
        ]
      }
    },
    {
      "type": "Feature",
      "properties": {
        "id": "spot11_地獄谷口",
        "name": "地獄谷口",
        "type": "spot",
        "source": "image_transformed",
        "description": "スポット（GPS変換済）"
      },
      "geometry": {
        "type": "Point",
        "coordinates": [
          135.47607,
          34.84766,
          239.2
        ]
      }
    },
    {
      "type": "Feature",
      "properties": {
        "id": "spot12_南杉の茶屋口",
        "name": "南杉の茶屋口",
        "type": "spot",
        "source": "image_transformed",
        "description": "スポット（GPS変換済）"
      },
      "geometry": {
        "type": "Point",
        "coordinates": [
          135.47162,
          34.85255,
          176.6
        ]
      }
    },
    {
      "type": "Feature",
      "properties": {
        "id": "spot13_一目千本",
        "name": "一目千本",
        "type": "spot",
        "source": "image_transformed",
        "description": "スポット（GPS変換済）"
      },
      "geometry": {
        "type": "Point",
        "coordinates": [
          135.47204,
          34.85302,
          190.6
        ]
      }
    },
    {
      "type": "Feature",
      "properties": {
        "id": "spot14_大威徳明王の石蔵",
        "name": "大威徳明王の石蔵",
        "type": "spot",
        "source": "image_transformed",
        "description": "スポット（GPS変換済）"
      },
      "geometry": {
        "type": "Point",
        "coordinates": [
          135.47916,
          34.85763,
          284.5
        ]
      }
    },
    {
      "type": "Feature",
      "properties": {
        "id": "spot15_大日橋",
        "name": "大日橋",
        "type": "spot",
        "source": "image_transformed",
        "description": "スポット（GPS変換済）"
      },
      "geometry": {
        "type": "Point",
        "coordinates": [
          135.47157,
          34.8547,
          225.9
        ]
      }
    },
    {
      "type": "Feature",
      "properties": {
        "id": "spot16_才ヶ原池",
        "name": "才ヶ原池",
        "type": "spot",
        "source": "image_transformed",
        "description": "スポット（GPS変換済）"
      },
      "geometry": {
        "type": "Point",
        "coordinates": [
          135.48103,
          34.84839,
          283
        ]
      }
    },
    {
      "type": "Feature",
      "properties": {
        "id": "spot17_風呂ヶ谷入口分岐",
        "name": "風呂ヶ谷入口分岐",
        "type": "spot",
        "source": "image_transformed",
        "description": "スポット（GPS変換済）"
      },
      "geometry": {
        "type": "Point",
        "coordinates": [
          135.47389,
          34.8498,
          164.9
        ]
      }
    },
    {
      "type": "Feature",
      "properties": {
        "id": "spot23_三国峠",
        "name": "三国峠",
        "type": "spot",
        "source": "image_transformed",
        "description": "スポット（GPS変換済）"
      },
      "geometry": {
        "type": "Point",
        "coordinates": [
          135.4682,
          34.8538,
          387.6
        ]
      }
    },
    {
      "type": "Feature",
      "properties": {
        "id": "spot24_箕面大滝",
        "name": "箕面大滝",
        "type": "spot",
        "source": "image_transformed",
        "description": "スポット（GPS変換済）"
      },
      "geometry": {
        "type": "Point",
        "coordinates": [
          135.47199,
          34.85355,
          186.7
        ]
      }
    },
    {
      "type": "Feature",
      "properties": {
        "id": "spot25_東海自然歩道西起点",
        "name": "東海自然歩道西起点",
        "type": "spot",
        "source": "image_transformed",
        "description": "スポット（GPS変換済）"
      },
      "geometry": {
        "type": "Point",
        "coordinates": [
          135.47922,
          34.85806,
          301.3
        ]
      }
    },
    {
      "type": "Feature",
      "properties": {
        "id": "spot27_箕面ビジターセンター",
        "name": "箕面ビジターセンター",
        "type": "spot",
        "source": "image_transformed",
        "description": "スポット（GPS変換済）"
      },
      "geometry": {
        "type": "Point",
        "coordinates": [
          135.47875,
          34.85751,
          285.7
        ]
      }
    },
    {
      "type": "Feature",
      "properties": {
        "id": "spot29_北杉の茶屋口",
        "name": "北杉の茶屋口",
        "type": "spot",
        "source": "image_transformed",
        "description": "スポット（GPS変換済）"
      },
      "geometry": {
        "type": "Point",
        "coordinates": [
          135.47199,
          34.85314,
          183.8
        ]
      }
    },
    {
      "type": "Feature",
      "properties": {
        "id": "spot30_雲隣展望台",
        "name": "雲隣展望台",
        "type": "spot",
        "source": "image_transformed",
        "description": "スポット（GPS変換済）"
      },
      "geometry": {
        "type": "Point",
        "coordinates": [
          135.47501,
          34.85329,
          325.3
        ]
      }
    },
    {
      "type": "Feature",
      "properties": {
        "id": "spot32_修行の古場休憩所",
        "name": "修行の古場休憩所",
        "type": "spot",
        "source": "image_transformed",
        "description": "スポット（GPS変換済）"
      },
      "geometry": {
        "type": "Point",
        "coordinates": [
          135.4734,
          34.84669,
          157.4
        ]
      }
    },
    {
      "type": "Feature",
      "properties": {
        "id": "spot33_A3 滝見橋",
        "name": "A3 滝見橋",
        "type": "spot",
        "source": "image_transformed",
        "description": "スポット（GPS変換済）"
      },
      "geometry": {
        "type": "Point",
        "coordinates": [
          135.47199,
          34.85329,
          185.1
        ]
      }
    },
    {
      "type": "Feature",
      "properties": {
        "id": "spot34_天上ヶ岳",
        "name": "天上ヶ岳",
        "type": "spot",
        "source": "image_transformed",
        "description": "スポット（GPS変換済）"
      },
      "geometry": {
        "type": "Point",
        "coordinates": [
          135.46828,
          34.86327,
          494.5
        ]
      }
    },
    {
      "type": "Feature",
      "properties": {
        "id": "spot35_Aネット内岐",
        "name": "Aネット内岐",
        "type": "spot",
        "source": "image_transformed",
        "description": "スポット（GPS変換済）"
      },
      "geometry": {
        "type": "Point",
        "coordinates": [
          135.47639,
          34.85306,
          322.3
        ]
      }
    },
    {
      "type": "Feature",
      "properties": {
        "id": "spot36_釣鐘渕",
        "name": "釣鐘渕",
        "type": "spot",
        "source": "image_transformed",
        "description": "スポット（GPS変換済）"
      },
      "geometry": {
        "type": "Point",
        "coordinates": [
          135.47147,
          34.85147,
          175.8
        ]
      }
    },
    {
      "type": "Feature",
      "properties": {
        "id": "spot38_こもれび展望所",
        "name": "こもれび展望所",
        "type": "spot",
        "source": "image_transformed",
        "description": "スポット（GPS変換済）"
      },
      "geometry": {
        "type": "Point",
        "coordinates": [
          135.48001,
          34.85565,
          357.7
        ]
      }
    },
    {
      "type": "Feature",
      "properties": {
        "id": "spot39_風呂ヶ谷口",
        "name": "風呂ヶ谷口",
        "type": "spot",
        "source": "image_transformed",
        "description": "スポット（GPS変換済）"
      },
      "geometry": {
        "type": "Point",
        "coordinates": [
          135.4763,
          34.85058,
          235.7
        ]
      }
    },
    {
      "type": "Feature",
      "properties": {
        "id": "spot40_杉の茶屋",
        "name": "杉の茶屋",
        "type": "spot",
        "source": "image_transformed",
        "description": "スポット（GPS変換済）"
      },
      "geometry": {
        "type": "Point",
        "coordinates": [
          135.47287,
          34.85415,
          224.4
        ]
      }
    },
    {
      "type": "Feature",
      "properties": {
        "id": "spot41_南山",
        "name": "南山",
        "type": "spot",
        "source": "image_transformed",
        "description": "スポット（GPS変換済）"
      },
      "geometry": {
        "type": "Point",
        "coordinates": [
          135.49105,
          34.85866,
          405.8
        ]
      }
    },
    {
      "type": "Feature",
      "properties": {
        "id": "spot44_大滝上駐車場",
        "name": "大滝上駐車場",
        "type": "spot",
        "source": "image_transformed",
        "description": "スポット（GPS変換済）"
      },
      "geometry": {
        "type": "Point",
        "coordinates": [
          135.47108,
          34.85505,
          233.1
        ]
      }
    },
    {
      "type": "Feature",
      "properties": {
        "id": "spot45_唐人戻岩",
        "name": "唐人戻岩",
        "type": "spot",
        "source": "image_transformed",
        "description": "スポット（GPS変換済）"
      },
      "geometry": {
        "type": "Point",
        "coordinates": [
          135.47304,
          34.85058,
          167.9
        ]
      }
    },
    {
      "type": "Feature",
      "properties": {
        "id": "spot46_雲隣展望台口",
        "name": "雲隣展望台口",
        "type": "spot",
        "source": "image_transformed",
        "description": "スポット（GPS変換済）"
      },
      "geometry": {
        "type": "Point",
        "coordinates": [
          135.47308,
          34.85431,
          232.1
        ]
      }
    },
    {
      "type": "Feature",
      "properties": {
        "id": "spot49_雄滝橋",
        "name": "雄滝橋",
        "type": "spot",
        "source": "image_transformed",
        "description": "スポット（GPS変換済）"
      },
      "geometry": {
        "type": "Point",
        "coordinates": [
          135.47331,
          34.85635,
          254.2
        ]
      }
    },
    {
      "type": "Feature",
      "properties": {
        "id": "spot50_筋違橋",
        "name": "筋違橋",
        "type": "spot",
        "source": "image_transformed",
        "description": "スポット（GPS変換済）"
      },
      "geometry": {
        "type": "Point",
        "coordinates": [
          135.47795,
          34.85594,
          283
        ]
      }
    },
    {
      "type": "Feature",
      "properties": {
        "id": "C-15",
        "name": "C-15",
        "type": "point",
        "source": "image_transformed",
        "description": "画像ポイント（GPS変換済）"
      },
      "geometry": {
        "type": "Point",
        "coordinates": [
          135.49515,
          34.85479,
          317
        ]
      }
    },
    {
      "type": "Feature",
      "properties": {
        "id": "C-12",
        "name": "C-12",
        "type": "point",
        "source": "image_transformed",
        "description": "画像ポイント（GPS変換済）"
      },
      "geometry": {
        "type": "Point",
        "coordinates": [
          135.49956,
          34.84635,
          143.7
        ]
      }
    },
    {
      "type": "Feature",
      "properties": {
        "id": "G-04",
        "name": "G-04",
        "type": "point",
        "source": "image_transformed",
        "description": "画像ポイント（GPS変換済）"
      },
      "geometry": {
        "type": "Point",
        "coordinates": [
          135.49333,
          34.8543,
          259.4
        ]
      }
    },
    {
      "type": "Feature",
      "properties": {
        "id": "C-14",
        "name": "C-14",
        "type": "point",
        "source": "image_transformed",
        "description": "画像ポイント（GPS変換済）"
      },
      "geometry": {
        "type": "Point",
        "coordinates": [
          135.4951,
          34.85338,
          317.9
        ]
      }
    },
    {
      "type": "Feature",
      "properties": {
        "id": "C-17",
        "name": "C-17",
        "type": "point",
        "source": "image_transformed",
        "description": "画像ポイント（GPS変換済）"
      },
      "geometry": {
        "type": "Point",
        "coordinates": [
          135.49376,
          34.8594,
          348
        ]
      }
    },
    {
      "type": "Feature",
      "properties": {
        "id": "G-13",
        "name": "G-13",
        "type": "point",
        "source": "image_transformed",
        "description": "画像ポイント（GPS変換済）"
      },
      "geometry": {
        "type": "Point",
        "coordinates": [
          135.48674,
          34.84585,
          202.6
        ]
      }
    },
    {
      "type": "Feature",
      "properties": {
        "id": "C-18",
        "name": "C-18",
        "type": "point",
        "source": "image_transformed",
        "description": "画像ポイント（GPS変換済）"
      },
      "geometry": {
        "type": "Point",
        "coordinates": [
          135.49442,
          34.86199,
          418.3
        ]
      }
    },
    {
      "type": "Feature",
      "properties": {
        "id": "C-22",
        "name": "C-22",
        "type": "point",
        "source": "image_transformed",
        "description": "画像ポイント（GPS変換済）"
      },
      "geometry": {
        "type": "Point",
        "coordinates": [
          135.4975,
          34.84696,
          149.6
        ]
      }
    },
    {
      "type": "Feature",
      "properties": {
        "id": "C-16",
        "name": "C-16",
        "type": "point",
        "source": "image_transformed",
        "description": "画像ポイント（GPS変換済）"
      },
      "geometry": {
        "type": "Point",
        "coordinates": [
          135.49528,
          34.85563,
          308.4
        ]
      }
    },
    {
      "type": "Feature",
      "properties": {
        "id": "C-01",
        "name": "C-01",
        "type": "point",
        "source": "image_transformed",
        "description": "画像ポイント（GPS変換済）"
      },
      "geometry": {
        "type": "Point",
        "coordinates": [
          135.49939,
          34.84984,
          205.4
        ]
      }
    },
    {
      "type": "Feature",
      "properties": {
        "id": "C-24",
        "name": "C-24",
        "type": "point",
        "source": "image_transformed",
        "description": "画像ポイント（GPS変換済）"
      },
      "geometry": {
        "type": "Point",
        "coordinates": [
          135.49405,
          34.86267,
          405.3
        ]
      }
    },
    {
      "type": "Feature",
      "properties": {
        "id": "G-21",
        "name": "G-21",
        "type": "point",
        "source": "image_transformed",
        "description": "画像ポイント（GPS変換済）"
      },
      "geometry": {
        "type": "Point",
        "coordinates": [
          135.49258,
          34.85773,
          342.3
        ]
      }
    },
    {
      "type": "Feature",
      "properties": {
        "id": "C-13",
        "name": "C-13",
        "type": "point",
        "source": "image_transformed",
        "description": "画像ポイント（GPS変換済）"
      },
      "geometry": {
        "type": "Point",
        "coordinates": [
          135.49648,
          34.85004,
          265.9
        ]
      }
    },
    {
      "type": "Feature",
      "properties": {
        "id": "C-19",
        "name": "C-19",
        "type": "point",
        "source": "image_transformed",
        "description": "画像ポイント（GPS変換済）"
      },
      "geometry": {
        "type": "Point",
        "coordinates": [
          135.49268,
          34.85969,
          344.7
        ]
      }
    },
    {
      "type": "Feature",
      "properties": {
        "id": "C-02",
        "name": "C-02",
        "type": "point",
        "source": "image_transformed",
        "description": "画像ポイント（GPS変換済）"
      },
      "geometry": {
        "type": "Point",
        "coordinates": [
          135.49553,
          34.85633,
          291.4
        ]
      }
    },
    {
      "type": "Feature",
      "properties": {
        "id": "spot01_八天杉",
        "name": "八天杉",
        "type": "spot",
        "source": "image_transformed",
        "description": "スポット（GPS変換済）"
      },
      "geometry": {
        "type": "Point",
        "coordinates": [
          135.4872,
          34.8618,
          323.8
        ]
      }
    },
    {
      "type": "Feature",
      "properties": {
        "id": "spot02_善福寺",
        "name": "善福寺",
        "type": "spot",
        "source": "image_transformed",
        "description": "スポット（GPS変換済）"
      },
      "geometry": {
        "type": "Point",
        "coordinates": [
          135.50117,
          34.84787,
          146.2
        ]
      }
    },
    {
      "type": "Feature",
      "properties": {
        "id": "spot03_西田橋",
        "name": "西田橋",
        "type": "spot",
        "source": "image_transformed",
        "description": "スポット（GPS変換済）"
      },
      "geometry": {
        "type": "Point",
        "coordinates": [
          135.5035,
          34.84888,
          106
        ]
      }
    },
    {
      "type": "Feature",
      "properties": {
        "id": "spot04_持国天の石蔵",
        "name": "持国天の石蔵",
        "type": "spot",
        "source": "image_transformed",
        "description": "スポット（GPS変換済）"
      },
      "geometry": {
        "type": "Point",
        "coordinates": [
          135.50017,
          34.86508,
          371.8
        ]
      }
    },
    {
      "type": "Feature",
      "properties": {
        "id": "spot05_国史跡町石（1町石)",
        "name": "国史跡町石（1町石)",
        "type": "spot",
        "source": "image_transformed",
        "description": "スポット（GPS変換済）"
      },
      "geometry": {
        "type": "Point",
        "coordinates": [
          135.49345,
          34.86363,
          383.1
        ]
      }
    },
    {
      "type": "Feature",
      "properties": {
        "id": "spot06_軍茶利明王の石蔵",
        "name": "軍茶利明王の石蔵",
        "type": "spot",
        "source": "image_transformed",
        "description": "スポット（GPS変換済）"
      },
      "geometry": {
        "type": "Point",
        "coordinates": [
          135.49484,
          34.86089,
          409.9
        ]
      }
    },
    {
      "type": "Feature",
      "properties": {
        "id": "spot09_素戔嗚尊神社",
        "name": "素戔嗚尊神社",
        "type": "spot",
        "source": "image_transformed",
        "description": "スポット（GPS変換済）"
      },
      "geometry": {
        "type": "Point",
        "coordinates": [
          135.50257,
          34.85159,
          151.8
        ]
      }
    },
    {
      "type": "Feature",
      "properties": {
        "id": "spot10_バス停勝尾寺",
        "name": "バス停勝尾寺",
        "type": "spot",
        "source": "image_transformed",
        "description": "スポット（GPS変換済）"
      },
      "geometry": {
        "type": "Point",
        "coordinates": [
          135.4929,
          34.86435,
          356.5
        ]
      }
    },
    {
      "type": "Feature",
      "properties": {
        "id": "spot11_しらみ地蔵",
        "name": "しらみ地蔵",
        "type": "spot",
        "source": "image_transformed",
        "description": "スポット（GPS変換済）"
      },
      "geometry": {
        "type": "Point",
        "coordinates": [
          135.49289,
          34.8601,
          360.7
        ]
      }
    },
    {
      "type": "Feature",
      "properties": {
        "id": "spot12_WC",
        "name": "WC",
        "type": "spot",
        "source": "image_transformed",
        "description": "スポット（GPS変換済）"
      },
      "geometry": {
        "type": "Point",
        "coordinates": [
          135.49642,
          34.8661,
          352.9
        ]
      }
    },
    {
      "type": "Feature",
      "properties": {
        "id": "spot13_バス停持国天橋",
        "name": "バス停持国天橋",
        "type": "spot",
        "source": "image_transformed",
        "description": "スポット（GPS変換済）"
      },
      "geometry": {
        "type": "Point",
        "coordinates": [
          135.50074,
          34.86679,
          314.5
        ]
      }
    },
    {
      "type": "Feature",
      "properties": {
        "id": "spot14_南山",
        "name": "南山",
        "type": "spot",
        "source": "image_transformed",
        "description": "スポット（GPS変換済）"
      },
      "geometry": {
        "type": "Point",
        "coordinates": [
          135.49076,
          34.85895,
          406.5
        ]
      }
    },
    {
      "type": "Feature",
      "properties": {
        "id": "spot15_勝尾寺園地",
        "name": "勝尾寺園地",
        "type": "spot",
        "source": "image_transformed",
        "description": "スポット（GPS変換済）"
      },
      "geometry": {
        "type": "Point",
        "coordinates": [
          135.49704,
          34.86642,
          355.7
        ]
      }
    },
    {
      "type": "Feature",
      "properties": {
        "id": "spot16_増長天の石蔵",
        "name": "増長天の石蔵",
        "type": "spot",
        "source": "image_transformed",
        "description": "スポット（GPS変換済）"
      },
      "geometry": {
        "type": "Point",
        "coordinates": [
          135.48748,
          34.8622,
          334.6
        ]
      }
    },
    {
      "type": "Feature",
      "properties": {
        "id": "D-38",
        "name": "D-38",
        "type": "point",
        "source": "image_transformed",
        "description": "画像ポイント（GPS変換済）"
      },
      "geometry": {
        "type": "Point",
        "coordinates": [
          135.47022,
          34.84226,
          175.8
        ]
      }
    },
    {
      "type": "Feature",
      "properties": {
        "id": "D-11",
        "name": "D-11",
        "type": "point",
        "source": "image_transformed",
        "description": "画像ポイント（GPS変換済）"
      },
      "geometry": {
        "type": "Point",
        "coordinates": [
          135.46244,
          34.83744,
          146.4
        ]
      }
    },
    {
      "type": "Feature",
      "properties": {
        "id": "D-25",
        "name": "D-25",
        "type": "point",
        "source": "image_transformed",
        "description": "画像ポイント（GPS変換済）"
      },
      "geometry": {
        "type": "Point",
        "coordinates": [
          135.45635,
          34.841,
          306.5
        ]
      }
    },
    {
      "type": "Feature",
      "properties": {
        "id": "D-37",
        "name": "D-37",
        "type": "point",
        "source": "image_transformed",
        "description": "画像ポイント（GPS変換済）"
      },
      "geometry": {
        "type": "Point",
        "coordinates": [
          135.46451,
          34.84217,
          307.4
        ]
      }
    },
    {
      "type": "Feature",
      "properties": {
        "id": "E-01",
        "name": "E-01",
        "type": "point",
        "source": "image_transformed",
        "description": "画像ポイント（GPS変換済）"
      },
      "geometry": {
        "type": "Point",
        "coordinates": [
          135.47104,
          34.84555,
          152.6
        ]
      }
    },
    {
      "type": "Feature",
      "properties": {
        "id": "D-33",
        "name": "D-33",
        "type": "point",
        "source": "image_transformed",
        "description": "画像ポイント（GPS変換済）"
      },
      "geometry": {
        "type": "Point",
        "coordinates": [
          135.45449,
          34.84366,
          328.8
        ]
      }
    },
    {
      "type": "Feature",
      "properties": {
        "id": "D-43",
        "name": "D-43",
        "type": "point",
        "source": "image_transformed",
        "description": "画像ポイント（GPS変換済）"
      },
      "geometry": {
        "type": "Point",
        "coordinates": [
          135.46657,
          34.84458,
          306.7
        ]
      }
    },
    {
      "type": "Feature",
      "properties": {
        "id": "E-12",
        "name": "E-12",
        "type": "point",
        "source": "image_transformed",
        "description": "画像ポイント（GPS変換済）"
      },
      "geometry": {
        "type": "Point",
        "coordinates": [
          135.47088,
          34.84581,
          159
        ]
      }
    },
    {
      "type": "Feature",
      "properties": {
        "id": "B-21",
        "name": "B-21",
        "type": "point",
        "source": "image_transformed",
        "description": "画像ポイント（GPS変換済）"
      },
      "geometry": {
        "type": "Point",
        "coordinates": [
          135.473,
          34.83919,
          191.1
        ]
      }
    },
    {
      "type": "Feature",
      "properties": {
        "id": "D-15",
        "name": "D-15",
        "type": "point",
        "source": "image_transformed",
        "description": "画像ポイント（GPS変換済）"
      },
      "geometry": {
        "type": "Point",
        "coordinates": [
          135.45938,
          34.8392,
          248.8
        ]
      }
    },
    {
      "type": "Feature",
      "properties": {
        "id": "D-22",
        "name": "D-22",
        "type": "point",
        "source": "image_transformed",
        "description": "画像ポイント（GPS変換済）"
      },
      "geometry": {
        "type": "Point",
        "coordinates": [
          135.4601,
          34.84241,
          339
        ]
      }
    },
    {
      "type": "Feature",
      "properties": {
        "id": "D-41",
        "name": "D-41",
        "type": "point",
        "source": "image_transformed",
        "description": "画像ポイント（GPS変換済）"
      },
      "geometry": {
        "type": "Point",
        "coordinates": [
          135.46521,
          34.84498,
          344.2
        ]
      }
    },
    {
      "type": "Feature",
      "properties": {
        "id": "D-36",
        "name": "D-36",
        "type": "point",
        "source": "image_transformed",
        "description": "画像ポイント（GPS変換済）"
      },
      "geometry": {
        "type": "Point",
        "coordinates": [
          135.46052,
          34.84546,
          355.2
        ]
      }
    },
    {
      "type": "Feature",
      "properties": {
        "id": "D-42",
        "name": "D-42",
        "type": "point",
        "source": "image_transformed",
        "description": "画像ポイント（GPS変換済）"
      },
      "geometry": {
        "type": "Point",
        "coordinates": [
          135.46532,
          34.84354,
          322.7
        ]
      }
    },
    {
      "type": "Feature",
      "properties": {
        "id": "D-32",
        "name": "D-32",
        "type": "point",
        "source": "image_transformed",
        "description": "画像ポイント（GPS変換済）"
      },
      "geometry": {
        "type": "Point",
        "coordinates": [
          135.45541,
          34.84286,
          371
        ]
      }
    },
    {
      "type": "Feature",
      "properties": {
        "id": "D-12",
        "name": "D-12",
        "type": "point",
        "source": "image_transformed",
        "description": "画像ポイント（GPS変換済）"
      },
      "geometry": {
        "type": "Point",
        "coordinates": [
          135.4634,
          34.83913,
          154.1
        ]
      }
    },
    {
      "type": "Feature",
      "properties": {
        "id": "D-40",
        "name": "D-40",
        "type": "point",
        "source": "image_transformed",
        "description": "画像ポイント（GPS変換済）"
      },
      "geometry": {
        "type": "Point",
        "coordinates": [
          135.45525,
          34.8358,
          183.7
        ]
      }
    },
    {
      "type": "Feature",
      "properties": {
        "id": "D-01",
        "name": "D-01",
        "type": "point",
        "source": "image_transformed",
        "description": "画像ポイント（GPS変換済）"
      },
      "geometry": {
        "type": "Point",
        "coordinates": [
          135.4565,
          34.83803,
          245.4
        ]
      }
    },
    {
      "type": "Feature",
      "properties": {
        "id": "D-34",
        "name": "D-34",
        "type": "point",
        "source": "image_transformed",
        "description": "画像ポイント（GPS変換済）"
      },
      "geometry": {
        "type": "Point",
        "coordinates": [
          135.45272,
          34.84394,
          347.3
        ]
      }
    },
    {
      "type": "Feature",
      "properties": {
        "id": "D-35",
        "name": "D-35",
        "type": "point",
        "source": "image_transformed",
        "description": "画像ポイント（GPS変換済）"
      },
      "geometry": {
        "type": "Point",
        "coordinates": [
          135.45939,
          34.84494,
          358.2
        ]
      }
    },
    {
      "type": "Feature",
      "properties": {
        "id": "D-14",
        "name": "D-14",
        "type": "point",
        "source": "image_transformed",
        "description": "画像ポイント（GPS変換済）"
      },
      "geometry": {
        "type": "Point",
        "coordinates": [
          135.45938,
          34.83809,
          206.1
        ]
      }
    },
    {
      "type": "Feature",
      "properties": {
        "id": "D-04",
        "name": "D-04",
        "type": "point",
        "source": "image_transformed",
        "description": "画像ポイント（GPS変換済）"
      },
      "geometry": {
        "type": "Point",
        "coordinates": [
          135.465,
          34.84182,
          318.9
        ]
      }
    },
    {
      "type": "Feature",
      "properties": {
        "id": "D-16",
        "name": "D-16",
        "type": "point",
        "source": "image_transformed",
        "description": "画像ポイント（GPS変換済）"
      },
      "geometry": {
        "type": "Point",
        "coordinates": [
          135.45873,
          34.83937,
          254.7
        ]
      }
    },
    {
      "type": "Feature",
      "properties": {
        "id": "D-31",
        "name": "D-31",
        "type": "point",
        "source": "image_transformed",
        "description": "画像ポイント（GPS変換済）"
      },
      "geometry": {
        "type": "Point",
        "coordinates": [
          135.45541,
          34.842,
          352.7
        ]
      }
    },
    {
      "type": "Feature",
      "properties": {
        "id": "D-24",
        "name": "D-24",
        "type": "point",
        "source": "image_transformed",
        "description": "画像ポイント（GPS変換済）"
      },
      "geometry": {
        "type": "Point",
        "coordinates": [
          135.4624,
          34.84069,
          232.6
        ]
      }
    },
    {
      "type": "Feature",
      "properties": {
        "id": "D-20",
        "name": "D-20",
        "type": "point",
        "source": "image_transformed",
        "description": "画像ポイント（GPS変換済）"
      },
      "geometry": {
        "type": "Point",
        "coordinates": [
          135.4598,
          34.84128,
          300.9
        ]
      }
    },
    {
      "type": "Feature",
      "properties": {
        "id": "D-18",
        "name": "D-18",
        "type": "point",
        "source": "image_transformed",
        "description": "画像ポイント（GPS変換済）"
      },
      "geometry": {
        "type": "Point",
        "coordinates": [
          135.45708,
          34.84076,
          310.5
        ]
      }
    },
    {
      "type": "Feature",
      "properties": {
        "id": "D-02",
        "name": "D-02",
        "type": "point",
        "source": "image_transformed",
        "description": "画像ポイント（GPS変換済）"
      },
      "geometry": {
        "type": "Point",
        "coordinates": [
          135.46109,
          34.84366,
          332.7
        ]
      }
    },
    {
      "type": "Feature",
      "properties": {
        "id": "D-21",
        "name": "D-21",
        "type": "point",
        "source": "image_transformed",
        "description": "画像ポイント（GPS変換済）"
      },
      "geometry": {
        "type": "Point",
        "coordinates": [
          135.4601,
          34.84179,
          324.7
        ]
      }
    },
    {
      "type": "Feature",
      "properties": {
        "id": "D-03",
        "name": "D-03",
        "type": "point",
        "source": "image_transformed",
        "description": "画像ポイント（GPS変換済）"
      },
      "geometry": {
        "type": "Point",
        "coordinates": [
          135.46152,
          34.83897,
          224.3
        ]
      }
    },
    {
      "type": "Feature",
      "properties": {
        "id": "D-17",
        "name": "D-17",
        "type": "point",
        "source": "image_transformed",
        "description": "画像ポイント（GPS変換済）"
      },
      "geometry": {
        "type": "Point",
        "coordinates": [
          135.4581,
          34.84124,
          312.3
        ]
      }
    },
    {
      "type": "Feature",
      "properties": {
        "id": "D-05",
        "name": "D-05",
        "type": "point",
        "source": "image_transformed",
        "description": "画像ポイント（GPS変換済）"
      },
      "geometry": {
        "type": "Point",
        "coordinates": [
          135.46658,
          34.84536,
          338.8
        ]
      }
    },
    {
      "type": "Feature",
      "properties": {
        "id": "D-13",
        "name": "D-13",
        "type": "point",
        "source": "image_transformed",
        "description": "画像ポイント（GPS変換済）"
      },
      "geometry": {
        "type": "Point",
        "coordinates": [
          135.46304,
          34.83958,
          167.2
        ]
      }
    },
    {
      "type": "Feature",
      "properties": {
        "id": "D-45",
        "name": "D-45",
        "type": "point",
        "source": "image_transformed",
        "description": "画像ポイント（GPS変換済）"
      },
      "geometry": {
        "type": "Point",
        "coordinates": [
          135.46114,
          34.83789,
          200.5
        ]
      }
    },
    {
      "type": "Feature",
      "properties": {
        "id": "D-23",
        "name": "D-23",
        "type": "point",
        "source": "image_transformed",
        "description": "画像ポイント（GPS変換済）"
      },
      "geometry": {
        "type": "Point",
        "coordinates": [
          135.45901,
          34.84215,
          338.6
        ]
      }
    },
    {
      "type": "Feature",
      "properties": {
        "id": "D-06",
        "name": "D-06",
        "type": "point",
        "source": "image_transformed",
        "description": "画像ポイント（GPS変換済）"
      },
      "geometry": {
        "type": "Point",
        "coordinates": [
          135.47012,
          34.84148,
          168.9
        ]
      }
    },
    {
      "type": "Feature",
      "properties": {
        "id": "B-01",
        "name": "B-01",
        "type": "point",
        "source": "image_transformed",
        "description": "画像ポイント（GPS変換済）"
      },
      "geometry": {
        "type": "Point",
        "coordinates": [
          135.47252,
          34.83896,
          181.4
        ]
      }
    },
    {
      "type": "Feature",
      "properties": {
        "id": "D-39",
        "name": "D-39",
        "type": "point",
        "source": "image_transformed",
        "description": "画像ポイント（GPS変換済）"
      },
      "geometry": {
        "type": "Point",
        "coordinates": [
          135.47054,
          34.84086,
          176
        ]
      }
    },
    {
      "type": "Feature",
      "properties": {
        "id": "D-44",
        "name": "D-44",
        "type": "point",
        "source": "image_transformed",
        "description": "画像ポイント（GPS変換済）"
      },
      "geometry": {
        "type": "Point",
        "coordinates": [
          135.46737,
          34.84403,
          278.6
        ]
      }
    },
    {
      "type": "Feature",
      "properties": {
        "id": "spot01_正法寺",
        "name": "正法寺",
        "type": "spot",
        "source": "image_transformed",
        "description": "スポット（GPS変換済）"
      },
      "geometry": {
        "type": "Point",
        "coordinates": [
          135.46678,
          34.8334,
          78.5
        ]
      }
    },
    {
      "type": "Feature",
      "properties": {
        "id": "spot02_青少年教学の森野外活動入口",
        "name": "青少年教学の森野外活動入口",
        "type": "spot",
        "source": "image_transformed",
        "description": "スポット（GPS変換済）"
      },
      "geometry": {
        "type": "Point",
        "coordinates": [
          135.45419,
          34.83143,
          109.4
        ]
      }
    },
    {
      "type": "Feature",
      "properties": {
        "id": "spot03_鳳凰閣",
        "name": "鳳凰閣",
        "type": "spot",
        "source": "image_transformed",
        "description": "スポット（GPS変換済）"
      },
      "geometry": {
        "type": "Point",
        "coordinates": [
          135.4723,
          34.84261,
          125.2
        ]
      }
    },
    {
      "type": "Feature",
      "properties": {
        "id": "spot04_六個山",
        "name": "六個山",
        "type": "spot",
        "source": "image_transformed",
        "description": "スポット（GPS変換済）"
      },
      "geometry": {
        "type": "Point",
        "coordinates": [
          135.45676,
          34.84272,
          395.5
        ]
      }
    },
    {
      "type": "Feature",
      "properties": {
        "id": "spot06_展望台",
        "name": "展望台",
        "type": "spot",
        "source": "image_transformed",
        "description": "スポット（GPS変換済）"
      },
      "geometry": {
        "type": "Point",
        "coordinates": [
          135.47093,
          34.84063,
          153.3
        ]
      }
    },
    {
      "type": "Feature",
      "properties": {
        "id": "spot07_憩いの丘",
        "name": "憩いの丘",
        "type": "spot",
        "source": "image_transformed",
        "description": "スポット（GPS変換済）"
      },
      "geometry": {
        "type": "Point",
        "coordinates": [
          135.46158,
          34.83933,
          212.5
        ]
      }
    },
    {
      "type": "Feature",
      "properties": {
        "id": "spot08_森のふれあい広場",
        "name": "森のふれあい広場",
        "type": "spot",
        "source": "image_transformed",
        "description": "スポット（GPS変換済）"
      },
      "geometry": {
        "type": "Point",
        "coordinates": [
          135.46856,
          34.83751,
          89.1
        ]
      }
    },
    {
      "type": "Feature",
      "properties": {
        "id": "spot09_わくわく展望台",
        "name": "わくわく展望台",
        "type": "spot",
        "source": "image_transformed",
        "description": "スポット（GPS変換済）"
      },
      "geometry": {
        "type": "Point",
        "coordinates": [
          135.45992,
          34.84177,
          324.2
        ]
      }
    },
    {
      "type": "Feature",
      "properties": {
        "id": "spot10_大阪青山大\n大阪青山短大",
        "name": "大阪青山大\n大阪青山短大",
        "type": "spot",
        "source": "image_transformed",
        "description": "スポット（GPS変換済）"
      },
      "geometry": {
        "type": "Point",
        "coordinates": [
          135.45693,
          34.83374,
          140.2
        ]
      }
    },
    {
      "type": "Feature",
      "properties": {
        "id": "spot13_望海展望台",
        "name": "望海展望台",
        "type": "spot",
        "source": "image_transformed",
        "description": "スポット（GPS変換済）"
      },
      "geometry": {
        "type": "Point",
        "coordinates": [
          135.4734,
          34.84379,
          226.6
        ]
      }
    },
    {
      "type": "Feature",
      "properties": {
        "id": "spot14_大江戸温泉物語箕面観光ホテル\n箕面温泉スパーｶﾞｰﾃﾞﾝ",
        "name": "大江戸温泉物語箕面観光ホテル\n箕面温泉スパーｶﾞｰﾃﾞﾝ",
        "type": "spot",
        "source": "image_transformed",
        "description": "スポット（GPS変換済）"
      },
      "geometry": {
        "type": "Point",
        "coordinates": [
          135.46841,
          34.83845,
          143.4
        ]
      }
    },
    {
      "type": "Feature",
      "properties": {
        "id": "spot15_落合橋",
        "name": "落合橋",
        "type": "spot",
        "source": "image_transformed",
        "description": "スポット（GPS変換済）"
      },
      "geometry": {
        "type": "Point",
        "coordinates": [
          135.47221,
          34.84565,
          138.1
        ]
      }
    },
    {
      "type": "Feature",
      "properties": {
        "id": "spot16_みのお弁財天",
        "name": "みのお弁財天",
        "type": "spot",
        "source": "image_transformed",
        "description": "スポット（GPS変換済）"
      },
      "geometry": {
        "type": "Point",
        "coordinates": [
          135.47098,
          34.84335,
          130.7
        ]
      }
    },
    {
      "type": "Feature",
      "properties": {
        "id": "spot18_瀧安寺",
        "name": "瀧安寺",
        "type": "spot",
        "source": "image_transformed",
        "description": "スポット（GPS変換済）"
      },
      "geometry": {
        "type": "Point",
        "coordinates": [
          135.47176,
          34.84337,
          139.8
        ]
      }
    },
    {
      "type": "Feature",
      "properties": {
        "id": "spot19_オルタナの森",
        "name": "オルタナの森",
        "type": "spot",
        "source": "image_transformed",
        "description": "スポット（GPS変換済）"
      },
      "geometry": {
        "type": "Point",
        "coordinates": [
          135.45659,
          34.83884,
          261.7
        ]
      }
    },
    {
      "type": "Feature",
      "properties": {
        "id": "spot20_聖天展望台",
        "name": "聖天展望台",
        "type": "spot",
        "source": "image_transformed",
        "description": "スポット（GPS変換済）"
      },
      "geometry": {
        "type": "Point",
        "coordinates": [
          135.47253,
          34.83927,
          174
        ]
      }
    },
    {
      "type": "Feature",
      "properties": {
        "id": "spot21_箕面ゴルフ倶楽部",
        "name": "箕面ゴルフ倶楽部",
        "type": "spot",
        "source": "image_transformed",
        "description": "スポット（GPS変換済）"
      },
      "geometry": {
        "type": "Point",
        "coordinates": [
          135.45546,
          34.84587,
          334.6
        ]
      }
    },
    {
      "type": "Feature",
      "properties": {
        "id": "spot22_バス停　新稲東",
        "name": "バス停　新稲東",
        "type": "spot",
        "source": "image_transformed",
        "description": "スポット（GPS変換済）"
      },
      "geometry": {
        "type": "Point",
        "coordinates": [
          135.46238,
          34.83168,
          88.8
        ]
      }
    },
    {
      "type": "Feature",
      "properties": {
        "id": "spot23_法林寺",
        "name": "法林寺",
        "type": "spot",
        "source": "image_transformed",
        "description": "スポット（GPS変換済）"
      },
      "geometry": {
        "type": "Point",
        "coordinates": [
          135.46877,
          34.83675,
          102.1
        ]
      }
    },
    {
      "type": "Feature",
      "properties": {
        "id": "spot24_箕面2",
        "name": "箕面2",
        "type": "spot",
        "source": "image_transformed",
        "description": "スポット（GPS変換済）"
      },
      "geometry": {
        "type": "Point",
        "coordinates": [
          135.47066,
          34.83481,
          82.1
        ]
      }
    },
    {
      "type": "Feature",
      "properties": {
        "id": "spot25_ハート広場",
        "name": "ハート広場",
        "type": "spot",
        "source": "image_transformed",
        "description": "スポット（GPS変換済）"
      },
      "geometry": {
        "type": "Point",
        "coordinates": [
          135.46099,
          34.84389,
          343.9
        ]
      }
    },
    {
      "type": "Feature",
      "properties": {
        "id": "spot26_西江寺",
        "name": "西江寺",
        "type": "spot",
        "source": "image_transformed",
        "description": "スポット（GPS変換済）"
      },
      "geometry": {
        "type": "Point",
        "coordinates": [
          135.4705,
          34.83687,
          107.4
        ]
      }
    },
    {
      "type": "Feature",
      "properties": {
        "id": "spot27_バス停　箕面六丁目",
        "name": "バス停　箕面六丁目",
        "type": "spot",
        "source": "image_transformed",
        "description": "スポット（GPS変換済）"
      },
      "geometry": {
        "type": "Point",
        "coordinates": [
          135.46707,
          34.8328,
          78.2
        ]
      }
    },
    {
      "type": "Feature",
      "properties": {
        "id": "spot28_箕面交通・観光案内所",
        "name": "箕面交通・観光案内所",
        "type": "spot",
        "source": "image_transformed",
        "description": "スポット（GPS変換済）"
      },
      "geometry": {
        "type": "Point",
        "coordinates": [
          135.46828,
          34.8343,
          82.2
        ]
      }
    },
    {
      "type": "Feature",
      "properties": {
        "id": "spot29_つるやゴルフセンター",
        "name": "つるやゴルフセンター",
        "type": "spot",
        "source": "image_transformed",
        "description": "スポット（GPS変換済）"
      },
      "geometry": {
        "type": "Point",
        "coordinates": [
          135.4684,
          34.84143,
          218.7
        ]
      }
    },
    {
      "type": "Feature",
      "properties": {
        "id": "spot31_バス停　新稲",
        "name": "バス停　新稲",
        "type": "spot",
        "source": "image_transformed",
        "description": "スポット（GPS変換済）"
      },
      "geometry": {
        "type": "Point",
        "coordinates": [
          135.45667,
          34.83154,
          104.1
        ]
      }
    },
    {
      "type": "Feature",
      "properties": {
        "id": "spot32_第一中学校前",
        "name": "第一中学校前",
        "type": "spot",
        "source": "image_transformed",
        "description": "スポット（GPS変換済）"
      },
      "geometry": {
        "type": "Point",
        "coordinates": [
          135.46374,
          34.832,
          86.7
        ]
      }
    },
    {
      "type": "Feature",
      "properties": {
        "id": "spot33_箕面駅",
        "name": "箕面駅",
        "type": "spot",
        "source": "image_transformed",
        "description": "スポット（GPS変換済）"
      },
      "geometry": {
        "type": "Point",
        "coordinates": [
          135.46807,
          34.83497,
          82.5
        ]
      }
    },
    {
      "type": "Feature",
      "properties": {
        "id": "spot34_スカイアリーナ 第一総合運動場 市民体育館",
        "name": "スカイアリーナ 第一総合運動場 市民体育館",
        "type": "spot",
        "source": "image_transformed",
        "description": "スポット（GPS変換済）"
      },
      "geometry": {
        "type": "Point",
        "coordinates": [
          135.45887,
          34.83443,
          124
        ]
      }
    },
    {
      "type": "Feature",
      "properties": {
        "id": "spot35_トイレ",
        "name": "トイレ",
        "type": "spot",
        "source": "image_transformed",
        "description": "スポット（GPS変換済）"
      },
      "geometry": {
        "type": "Point",
        "coordinates": [
          135.47064,
          34.83933,
          122.2
        ]
      }
    },
    {
      "type": "Feature",
      "properties": {
        "id": "spot36_野口英世像",
        "name": "野口英世像",
        "type": "spot",
        "source": "image_transformed",
        "description": "スポット（GPS変換済）"
      },
      "geometry": {
        "type": "Point",
        "coordinates": [
          135.4717,
          34.84484,
          174.1
        ]
      }
    },
    {
      "type": "Feature",
      "properties": {
        "id": "spot37_望海の丘",
        "name": "望海の丘",
        "type": "spot",
        "source": "image_transformed",
        "description": "スポット（GPS変換済）"
      },
      "geometry": {
        "type": "Point",
        "coordinates": [
          135.465,
          34.84207,
          323.3
        ]
      }
    },
    {
      "type": "Feature",
      "properties": {
        "id": "spot38_石澄瀧",
        "name": "石澄瀧",
        "type": "spot",
        "source": "image_transformed",
        "description": "スポット（GPS変換済）"
      },
      "geometry": {
        "type": "Point",
        "coordinates": [
          135.45427,
          34.83988,
          203.4
        ]
      }
    },
    {
      "type": "Feature",
      "properties": {
        "id": "spot39_寒山寺",
        "name": "寒山寺",
        "type": "spot",
        "source": "image_transformed",
        "description": "スポット（GPS変換済）"
      },
      "geometry": {
        "type": "Point",
        "coordinates": [
          135.4669,
          34.83688,
          93.3
        ]
      }
    },
    {
      "type": "Feature",
      "properties": {
        "id": "spot40_箕面7",
        "name": "箕面7",
        "type": "spot",
        "source": "image_transformed",
        "description": "スポット（GPS変換済）"
      },
      "geometry": {
        "type": "Point",
        "coordinates": [
          135.46491,
          34.83273,
          84.7
        ]
      }
    },
    {
      "type": "Feature",
      "properties": {
        "id": "spot41_桜広場",
        "name": "桜広場",
        "type": "spot",
        "source": "image_transformed",
        "description": "スポット（GPS変換済）"
      },
      "geometry": {
        "type": "Point",
        "coordinates": [
          135.46978,
          34.84134,
          174.9
        ]
      }
    },
    {
      "type": "Feature",
      "properties": {
        "id": "spot42_昆虫館\n公園管理事務所",
        "name": "昆虫館\n公園管理事務所",
        "type": "spot",
        "source": "image_transformed",
        "description": "スポット（GPS変換済）"
      },
      "geometry": {
        "type": "Point",
        "coordinates": [
          135.47176,
          34.84144,
          119.8
        ]
      }
    },
    {
      "type": "Feature",
      "properties": {
        "id": "spot43_夫婦橋",
        "name": "夫婦橋",
        "type": "spot",
        "source": "image_transformed",
        "description": "スポット（GPS変換済）"
      },
      "geometry": {
        "type": "Point",
        "coordinates": [
          135.47121,
          34.83971,
          103.3
        ]
      }
    },
    {
      "type": "Feature",
      "properties": {
        "id": "G-24",
        "name": "G-24",
        "type": "point",
        "source": "image_transformed",
        "description": "画像ポイント（GPS変換済）"
      },
      "geometry": {
        "type": "Point",
        "coordinates": [
          135.48977,
          34.84071,
          137.6
        ]
      }
    },
    {
      "type": "Feature",
      "properties": {
        "id": "B-33",
        "name": "B-33",
        "type": "point",
        "source": "image_transformed",
        "description": "画像ポイント（GPS変換済）"
      },
      "geometry": {
        "type": "Point",
        "coordinates": [
          135.476,
          34.84493,
          252.4
        ]
      }
    },
    {
      "type": "Feature",
      "properties": {
        "id": "G-26",
        "name": "G-26",
        "type": "point",
        "source": "image_transformed",
        "description": "画像ポイント（GPS変換済）"
      },
      "geometry": {
        "type": "Point",
        "coordinates": [
          135.48842,
          34.84463,
          256.2
        ]
      }
    },
    {
      "type": "Feature",
      "properties": {
        "id": "B-02",
        "name": "B-02",
        "type": "point",
        "source": "image_transformed",
        "description": "画像ポイント（GPS変換済）"
      },
      "geometry": {
        "type": "Point",
        "coordinates": [
          135.47453,
          34.84049,
          257.3
        ]
      }
    },
    {
      "type": "Feature",
      "properties": {
        "id": "G-25",
        "name": "G-25",
        "type": "point",
        "source": "image_transformed",
        "description": "画像ポイント（GPS変換済）"
      },
      "geometry": {
        "type": "Point",
        "coordinates": [
          135.48935,
          34.84167,
          156.9
        ]
      }
    },
    {
      "type": "Feature",
      "properties": {
        "id": "G-01",
        "name": "G-01",
        "type": "point",
        "source": "image_transformed",
        "description": "画像ポイント（GPS変換済）"
      },
      "geometry": {
        "type": "Point",
        "coordinates": [
          135.48629,
          34.84215,
          148.9
        ]
      }
    },
    {
      "type": "Feature",
      "properties": {
        "id": "B-32",
        "name": "B-32",
        "type": "point",
        "source": "image_transformed",
        "description": "画像ポイント（GPS変換済）"
      },
      "geometry": {
        "type": "Point",
        "coordinates": [
          135.48046,
          34.84487,
          305.8
        ]
      }
    },
    {
      "type": "Feature",
      "properties": {
        "id": "G-27",
        "name": "G-27",
        "type": "point",
        "source": "image_transformed",
        "description": "画像ポイント（GPS変換済）"
      },
      "geometry": {
        "type": "Point",
        "coordinates": [
          135.48873,
          34.84545,
          268.9
        ]
      }
    },
    {
      "type": "Feature",
      "properties": {
        "id": "G-12",
        "name": "G-12",
        "type": "point",
        "source": "image_transformed",
        "description": "画像ポイント（GPS変換済）"
      },
      "geometry": {
        "type": "Point",
        "coordinates": [
          135.48657,
          34.84482,
          187.1
        ]
      }
    },
    {
      "type": "Feature",
      "properties": {
        "id": "G-11",
        "name": "G-11",
        "type": "point",
        "source": "image_transformed",
        "description": "画像ポイント（GPS変換済）"
      },
      "geometry": {
        "type": "Point",
        "coordinates": [
          135.48618,
          34.84034,
          129.6
        ]
      }
    },
    {
      "type": "Feature",
      "properties": {
        "id": "spot01_バス停  萱野北小学校前",
        "name": "バス停  萱野北小学校前",
        "type": "spot",
        "source": "image_transformed",
        "description": "スポット（GPS変換済）"
      },
      "geometry": {
        "type": "Point",
        "coordinates": [
          135.4876,
          34.83849,
          109
        ]
      }
    },
    {
      "type": "Feature",
      "properties": {
        "id": "spot02_市立萱野北小学校",
        "name": "市立萱野北小学校",
        "type": "spot",
        "source": "image_transformed",
        "description": "スポット（GPS変換済）"
      },
      "geometry": {
        "type": "Point",
        "coordinates": [
          135.48347,
          34.83914,
          118
        ]
      }
    },
    {
      "type": "Feature",
      "properties": {
        "id": "spot04_桜広場南分岐",
        "name": "桜広場南分岐",
        "type": "spot",
        "source": "image_transformed",
        "description": "スポット（GPS変換済）"
      },
      "geometry": {
        "type": "Point",
        "coordinates": [
          135.4708,
          34.8401,
          126.1
        ]
      }
    },
    {
      "type": "Feature",
      "properties": {
        "id": "spot05_ライオン岩",
        "name": "ライオン岩",
        "type": "spot",
        "source": "image_transformed",
        "description": "スポット（GPS変換済）"
      },
      "geometry": {
        "type": "Point",
        "coordinates": [
          135.47425,
          34.84622,
          157.6
        ]
      }
    },
    {
      "type": "Feature",
      "properties": {
        "id": "spot06_三ツ石",
        "name": "三ツ石",
        "type": "spot",
        "source": "image_transformed",
        "description": "スポット（GPS変換済）"
      },
      "geometry": {
        "type": "Point",
        "coordinates": [
          135.48119,
          34.84634,
          283.6
        ]
      }
    },
    {
      "type": "Feature",
      "properties": {
        "id": "spot07_箕面駅",
        "name": "箕面駅",
        "type": "spot",
        "source": "image_transformed",
        "description": "スポット（GPS変換済）"
      },
      "geometry": {
        "type": "Point",
        "coordinates": [
          135.4684,
          34.83508,
          83.4
        ]
      }
    },
    {
      "type": "Feature",
      "properties": {
        "id": "spot08_聖天橋",
        "name": "聖天橋",
        "type": "spot",
        "source": "image_transformed",
        "description": "スポット（GPS変換済）"
      },
      "geometry": {
        "type": "Point",
        "coordinates": [
          135.47042,
          34.83904,
          101.1
        ]
      }
    },
    {
      "type": "Feature",
      "properties": {
        "id": "spot09_夫婦橋",
        "name": "夫婦橋",
        "type": "spot",
        "source": "image_transformed",
        "description": "スポット（GPS変換済）"
      },
      "geometry": {
        "type": "Point",
        "coordinates": [
          135.47075,
          34.83973,
          108.9
        ]
      }
    },
    {
      "type": "Feature",
      "properties": {
        "id": "spot10_バス停 白島",
        "name": "バス停 白島",
        "type": "spot",
        "source": "image_transformed",
        "description": "スポット（GPS変換済）"
      },
      "geometry": {
        "type": "Point",
        "coordinates": [
          135.4888,
          34.83868,
          108
        ]
      }
    },
    {
      "type": "Feature",
      "properties": {
        "id": "spot12_筆塚",
        "name": "筆塚",
        "type": "spot",
        "source": "image_transformed",
        "description": "スポット（GPS変換済）"
      },
      "geometry": {
        "type": "Point",
        "coordinates": [
          135.47216,
          34.84113,
          120.5
        ]
      }
    },
    {
      "type": "Feature",
      "properties": {
        "id": "spot14_バス停 ルミナス4番館",
        "name": "バス停 ルミナス4番館",
        "type": "spot",
        "source": "image_transformed",
        "description": "スポット（GPS変換済）"
      },
      "geometry": {
        "type": "Point",
        "coordinates": [
          135.48429,
          34.84132,
          150.9
        ]
      }
    },
    {
      "type": "Feature",
      "properties": {
        "id": "spot15_バス停  ルミナス箕面の森",
        "name": "バス停  ルミナス箕面の森",
        "type": "spot",
        "source": "image_transformed",
        "description": "スポット（GPS変換済）"
      },
      "geometry": {
        "type": "Point",
        "coordinates": [
          135.48419,
          34.8397,
          126.6
        ]
      }
    },
    {
      "type": "Feature",
      "properties": {
        "id": "spot16_バス停 山麓公園前",
        "name": "バス停 山麓公園前",
        "type": "spot",
        "source": "image_transformed",
        "description": "スポット（GPS変換済）"
      },
      "geometry": {
        "type": "Point",
        "coordinates": [
          135.47823,
          34.83696,
          112.8
        ]
      }
    },
    {
      "type": "Feature",
      "properties": {
        "id": "spot18_箕面駅前交番",
        "name": "箕面駅前交番",
        "type": "spot",
        "source": "image_transformed",
        "description": "スポット（GPS変換済）"
      },
      "geometry": {
        "type": "Point",
        "coordinates": [
          135.46864,
          34.83562,
          85.2
        ]
      }
    },
    {
      "type": "Feature",
      "properties": {
        "id": "spot19_修業の古場",
        "name": "修業の古場",
        "type": "spot",
        "source": "image_transformed",
        "description": "スポット（GPS変換済）"
      },
      "geometry": {
        "type": "Point",
        "coordinates": [
          135.47339,
          34.8467,
          157.5
        ]
      }
    },
    {
      "type": "Feature",
      "properties": {
        "id": "spot22_瀧安寺",
        "name": "瀧安寺",
        "type": "spot",
        "source": "image_transformed",
        "description": "スポット（GPS変換済）"
      },
      "geometry": {
        "type": "Point",
        "coordinates": [
          135.47186,
          34.84254,
          118.1
        ]
      }
    },
    {
      "type": "Feature",
      "properties": {
        "id": "spot24_バス停 萱野北小学校前",
        "name": "バス停 萱野北小学校前",
        "type": "spot",
        "source": "image_transformed",
        "description": "スポット（GPS変換済）"
      },
      "geometry": {
        "type": "Point",
        "coordinates": [
          135.48399,
          34.83831,
          107.9
        ]
      }
    },
    {
      "type": "Feature",
      "properties": {
        "id": "spot26_才ヶ原口",
        "name": "才ヶ原口",
        "type": "spot",
        "source": "image_transformed",
        "description": "スポット（GPS変換済）"
      },
      "geometry": {
        "type": "Point",
        "coordinates": [
          135.47941,
          34.84842,
          297.5
        ]
      }
    },
    {
      "type": "Feature",
      "properties": {
        "id": "spot27_楓橋西詰",
        "name": "楓橋西詰",
        "type": "spot",
        "source": "image_transformed",
        "description": "スポット（GPS変換済）"
      },
      "geometry": {
        "type": "Point",
        "coordinates": [
          135.47118,
          34.84338,
          121.9
        ]
      }
    },
    {
      "type": "Feature",
      "properties": {
        "id": "spot28_白島西",
        "name": "白島西",
        "type": "spot",
        "source": "image_transformed",
        "description": "スポット（GPS変換済）"
      },
      "geometry": {
        "type": "Point",
        "coordinates": [
          135.48569,
          34.83831,
          109
        ]
      }
    },
    {
      "type": "Feature",
      "properties": {
        "id": "spot29_如意谷交番",
        "name": "如意谷交番",
        "type": "spot",
        "source": "image_transformed",
        "description": "スポット（GPS変換済）"
      },
      "geometry": {
        "type": "Point",
        "coordinates": [
          135.47823,
          34.83727,
          125.4
        ]
      }
    },
    {
      "type": "Feature",
      "properties": {
        "id": "spot30_観音堂",
        "name": "観音堂",
        "type": "spot",
        "source": "image_transformed",
        "description": "スポット（GPS変換済）"
      },
      "geometry": {
        "type": "Point",
        "coordinates": [
          135.47113,
          34.84299,
          130.3
        ]
      }
    },
    {
      "type": "Feature",
      "properties": {
        "id": "spot33_A1 箕面公園昆虫館",
        "name": "A1 箕面公園昆虫館",
        "type": "spot",
        "source": "image_transformed",
        "description": "スポット（GPS変換済）"
      },
      "geometry": {
        "type": "Point",
        "coordinates": [
          135.47167,
          34.84134,
          116.5
        ]
      }
    },
    {
      "type": "Feature",
      "properties": {
        "id": "spot34_山本珈琲館",
        "name": "山本珈琲館",
        "type": "spot",
        "source": "image_transformed",
        "description": "スポット（GPS変換済）"
      },
      "geometry": {
        "type": "Point",
        "coordinates": [
          135.47113,
          34.8436,
          122.6
        ]
      }
    },
    {
      "type": "Feature",
      "properties": {
        "id": "spot36_休憩所",
        "name": "休憩所",
        "type": "spot",
        "source": "image_transformed",
        "description": "スポット（GPS変換済）"
      },
      "geometry": {
        "type": "Point",
        "coordinates": [
          135.47807,
          34.84951,
          273.1
        ]
      }
    },
    {
      "type": "Feature",
      "properties": {
        "id": "spot37_山麓事務所",
        "name": "山麓事務所",
        "type": "spot",
        "source": "image_transformed",
        "description": "スポット（GPS変換済）"
      },
      "geometry": {
        "type": "Point",
        "coordinates": [
          135.46747,
          34.83508,
          83.1
        ]
      }
    },
    {
      "type": "Feature",
      "properties": {
        "id": "spot38_山手公園",
        "name": "山手公園",
        "type": "spot",
        "source": "image_transformed",
        "description": "スポット（GPS変換済）"
      },
      "geometry": {
        "type": "Point",
        "coordinates": [
          135.48195,
          34.84107,
          153.3
        ]
      }
    },
    {
      "type": "Feature",
      "properties": {
        "id": "spot40_バス停 箕面",
        "name": "バス停 箕面",
        "type": "spot",
        "source": "image_transformed",
        "description": "スポット（GPS変換済）"
      },
      "geometry": {
        "type": "Point",
        "coordinates": [
          135.46888,
          34.83482,
          82
        ]
      }
    },
    {
      "type": "Feature",
      "properties": {
        "id": "spot41_トイレ",
        "name": "トイレ",
        "type": "spot",
        "source": "image_transformed",
        "description": "スポット（GPS変換済）"
      },
      "geometry": {
        "type": "Point",
        "coordinates": [
          135.48213,
          34.84076,
          150
        ]
      }
    },
    {
      "type": "Feature",
      "properties": {
        "id": "spot42_ふれあい広場",
        "name": "ふれあい広場",
        "type": "spot",
        "source": "image_transformed",
        "description": "スポット（GPS変換済）"
      },
      "geometry": {
        "type": "Point",
        "coordinates": [
          135.4685,
          34.83751,
          91.9
        ]
      }
    },
    {
      "type": "Feature",
      "properties": {
        "id": "spot43_阪急箕面駅",
        "name": "阪急箕面駅",
        "type": "spot",
        "source": "image_transformed",
        "description": "スポット（GPS変換済）"
      },
      "geometry": {
        "type": "Point",
        "coordinates": [
          135.46809,
          34.83446,
          81.9
        ]
      }
    },
    {
      "type": "Feature",
      "properties": {
        "id": "spot44_箕面公園管理事務所",
        "name": "箕面公園管理事務所",
        "type": "spot",
        "source": "image_transformed",
        "description": "スポット（GPS変換済）"
      },
      "geometry": {
        "type": "Point",
        "coordinates": [
          135.47168,
          34.84153,
          122.8
        ]
      }
    },
    {
      "type": "Feature",
      "properties": {
        "id": "spot45_龍王神社",
        "name": "龍王神社",
        "type": "spot",
        "source": "image_transformed",
        "description": "スポット（GPS変換済）"
      },
      "geometry": {
        "type": "Point",
        "coordinates": [
          135.4819,
          34.83841,
          117.8
        ]
      }
    },
    {
      "type": "Feature",
      "properties": {
        "id": "spot46_箕面山荘風の杜",
        "name": "箕面山荘風の杜",
        "type": "spot",
        "source": "image_transformed",
        "description": "スポット（GPS変換済）"
      },
      "geometry": {
        "type": "Point",
        "coordinates": [
          135.47508,
          34.841,
          253
        ]
      }
    },
    {
      "type": "Feature",
      "properties": {
        "id": "spot47_バス停 如意谷住宅前",
        "name": "バス停 如意谷住宅前",
        "type": "spot",
        "source": "image_transformed",
        "description": "スポット（GPS変換済）"
      },
      "geometry": {
        "type": "Point",
        "coordinates": [
          135.4806,
          34.8379,
          117.4
        ]
      }
    },
    {
      "type": "Feature",
      "properties": {
        "id": "spot48_瀧安寺広場",
        "name": "瀧安寺広場",
        "type": "spot",
        "source": "image_transformed",
        "description": "スポット（GPS変換済）"
      },
      "geometry": {
        "type": "Point",
        "coordinates": [
          135.47216,
          34.84184,
          117.2
        ]
      }
    },
    {
      "type": "Feature",
      "properties": {
        "id": "spot49_一の橋",
        "name": "一の橋",
        "type": "spot",
        "source": "image_transformed",
        "description": "スポット（GPS変換済）"
      },
      "geometry": {
        "type": "Point",
        "coordinates": [
          135.4697,
          34.83831,
          99.8
        ]
      }
    },
    {
      "type": "Feature",
      "properties": {
        "id": "spot50_西江寺",
        "name": "西江寺",
        "type": "spot",
        "source": "image_transformed",
        "description": "スポット（GPS変換済）"
      },
      "geometry": {
        "type": "Point",
        "coordinates": [
          135.47046,
          34.83728,
          121
        ]
      }
    },
    {
      "type": "Feature",
      "properties": {
        "id": "spot52_バス停  山手公園前",
        "name": "バス停  山手公園前",
        "type": "spot",
        "source": "image_transformed",
        "description": "スポット（GPS変換済）"
      },
      "geometry": {
        "type": "Point",
        "coordinates": [
          135.48259,
          34.8408,
          149.7
        ]
      }
    },
    {
      "type": "Feature",
      "properties": {
        "id": "spot53_風呂ヶ谷入口",
        "name": "風呂ヶ谷入口",
        "type": "spot",
        "source": "image_transformed",
        "description": "スポット（GPS変換済）"
      },
      "geometry": {
        "type": "Point",
        "coordinates": [
          135.47389,
          34.84983,
          164.6
        ]
      }
    },
    {
      "type": "Feature",
      "properties": {
        "id": "C-11",
        "name": "C-11",
        "type": "point",
        "source": "image_transformed",
        "description": "画像ポイント（GPS変換済）"
      },
      "geometry": {
        "type": "Point",
        "coordinates": [
          135.50275,
          34.84427,
          117.6
        ]
      }
    },
    {
      "type": "Feature",
      "properties": {
        "id": "G-28",
        "name": "G-28",
        "type": "point",
        "source": "image_transformed",
        "description": "画像ポイント（GPS変換済）"
      },
      "geometry": {
        "type": "Point",
        "coordinates": [
          135.49289,
          34.84393,
          182
        ]
      }
    },
    {
      "type": "Feature",
      "properties": {
        "id": "G-06",
        "name": "G-06",
        "type": "point",
        "source": "image_transformed",
        "description": "画像ポイント（GPS変換済）"
      },
      "geometry": {
        "type": "Point",
        "coordinates": [
          135.49181,
          34.84244,
          136.8
        ]
      }
    },
    {
      "type": "Feature",
      "properties": {
        "id": "C-23",
        "name": "C-23",
        "type": "point",
        "source": "image_transformed",
        "description": "画像ポイント（GPS変換済）"
      },
      "geometry": {
        "type": "Point",
        "coordinates": [
          135.49649,
          34.84476,
          150.6
        ]
      }
    },
    {
      "type": "Feature",
      "properties": {
        "id": "spot01_皿池公園",
        "name": "皿池公園",
        "type": "spot",
        "source": "image_transformed",
        "description": "スポット（GPS変換済）"
      },
      "geometry": {
        "type": "Point",
        "coordinates": [
          135.50379,
          34.84322,
          110.9
        ]
      }
    },
    {
      "type": "Feature",
      "properties": {
        "id": "spot02_バス停　粟生間谷西四丁目",
        "name": "バス停　粟生間谷西四丁目",
        "type": "spot",
        "source": "image_transformed",
        "description": "スポット（GPS変換済）"
      },
      "geometry": {
        "type": "Point",
        "coordinates": [
          135.50468,
          34.84711,
          111.6
        ]
      }
    },
    {
      "type": "Feature",
      "properties": {
        "id": "spot03_帝釈寺北",
        "name": "帝釈寺北",
        "type": "spot",
        "source": "image_transformed",
        "description": "スポット（GPS変換済）"
      },
      "geometry": {
        "type": "Point",
        "coordinates": [
          135.50311,
          34.84353,
          111.5
        ]
      }
    },
    {
      "type": "Feature",
      "properties": {
        "id": "spot05_白島東",
        "name": "白島東",
        "type": "spot",
        "source": "image_transformed",
        "description": "スポット（GPS変換済）"
      },
      "geometry": {
        "type": "Point",
        "coordinates": [
          135.49115,
          34.8387,
          109.4
        ]
      }
    },
    {
      "type": "Feature",
      "properties": {
        "id": "spot06_外院2",
        "name": "外院2",
        "type": "spot",
        "source": "image_transformed",
        "description": "スポット（GPS変換済）"
      },
      "geometry": {
        "type": "Point",
        "coordinates": [
          135.50107,
          34.84279,
          112.6
        ]
      }
    },
    {
      "type": "Feature",
      "properties": {
        "id": "spot07_医王岩",
        "name": "医王岩",
        "type": "spot",
        "source": "image_transformed",
        "description": "スポット（GPS変換済）"
      },
      "geometry": {
        "type": "Point",
        "coordinates": [
          135.4862,
          34.84241,
          157.1
        ]
      }
    },
    {
      "type": "Feature",
      "properties": {
        "id": "spot08_白島3",
        "name": "白島3",
        "type": "spot",
        "source": "image_transformed",
        "description": "スポット（GPS変換済）"
      },
      "geometry": {
        "type": "Point",
        "coordinates": [
          135.48874,
          34.83858,
          107.9
        ]
      }
    },
    {
      "type": "Feature",
      "properties": {
        "id": "spot09_中央公園",
        "name": "中央公園",
        "type": "spot",
        "source": "image_transformed",
        "description": "スポット（GPS変換済）"
      },
      "geometry": {
        "type": "Point",
        "coordinates": [
          135.48856,
          34.84053,
          153.5
        ]
      }
    },
    {
      "type": "Feature",
      "properties": {
        "id": "spot10_白島神社",
        "name": "白島神社",
        "type": "spot",
        "source": "image_transformed",
        "description": "スポット（GPS変換済）"
      },
      "geometry": {
        "type": "Point",
        "coordinates": [
          135.49194,
          34.84298,
          146.2
        ]
      }
    },
    {
      "type": "Feature",
      "properties": {
        "id": "spot11_西田橋",
        "name": "西田橋",
        "type": "spot",
        "source": "image_transformed",
        "description": "スポット（GPS変換済）"
      },
      "geometry": {
        "type": "Point",
        "coordinates": [
          135.50463,
          34.84895,
          106
        ]
      }
    },
    {
      "type": "Feature",
      "properties": {
        "id": "spot12_粟生外院",
        "name": "粟生外院",
        "type": "spot",
        "source": "image_transformed",
        "description": "スポット（GPS変換済）"
      },
      "geometry": {
        "type": "Point",
        "coordinates": [
          135.50436,
          34.84404,
          112.6
        ]
      }
    },
    {
      "type": "Feature",
      "properties": {
        "id": "spot13_善福寺",
        "name": "善福寺",
        "type": "spot",
        "source": "image_transformed",
        "description": "スポット（GPS変換済）"
      },
      "geometry": {
        "type": "Point",
        "coordinates": [
          135.50219,
          34.84786,
          138.6
        ]
      }
    },
    {
      "type": "Feature",
      "properties": {
        "id": "spot14_外院3",
        "name": "外院3",
        "type": "spot",
        "source": "image_transformed",
        "description": "スポット（GPS変換済）"
      },
      "geometry": {
        "type": "Point",
        "coordinates": [
          135.49693,
          34.84097,
          119.1
        ]
      }
    },
    {
      "type": "Feature",
      "properties": {
        "id": "spot15_白島",
        "name": "白島",
        "type": "spot",
        "source": "image_transformed",
        "description": "スポット（GPS変換済）"
      },
      "geometry": {
        "type": "Point",
        "coordinates": [
          135.48792,
          34.83819,
          106.8
        ]
      }
    },
    {
      "type": "Feature",
      "properties": {
        "id": "spot16_バス停　石丸",
        "name": "バス停　石丸",
        "type": "spot",
        "source": "image_transformed",
        "description": "スポット（GPS変換済）"
      },
      "geometry": {
        "type": "Point",
        "coordinates": [
          135.4933,
          34.83947,
          110.2
        ]
      }
    },
    {
      "type": "Feature",
      "properties": {
        "id": "spot17_バス停　青松園前",
        "name": "バス停　青松園前",
        "type": "spot",
        "source": "image_transformed",
        "description": "スポット（GPS変換済）"
      },
      "geometry": {
        "type": "Point",
        "coordinates": [
          135.49662,
          34.84071,
          119.9
        ]
      }
    },
    {
      "type": "Feature",
      "properties": {
        "id": "spot18_バス停　萱野北小学校前",
        "name": "バス停　萱野北小学校前",
        "type": "spot",
        "source": "image_transformed",
        "description": "スポット（GPS変換済）"
      },
      "geometry": {
        "type": "Point",
        "coordinates": [
          135.48776,
          34.83851,
          109
        ]
      }
    },
    {
      "type": "Feature",
      "properties": {
        "id": "spot19_バス停　外院",
        "name": "バス停　外院",
        "type": "spot",
        "source": "image_transformed",
        "description": "スポット（GPS変換済）"
      },
      "geometry": {
        "type": "Point",
        "coordinates": [
          135.50131,
          34.84317,
          113.8
        ]
      }
    },
    {
      "type": "Feature",
      "properties": {
        "id": "spot20_WC",
        "name": "WC",
        "type": "spot",
        "source": "image_transformed",
        "description": "スポット（GPS変換済）"
      },
      "geometry": {
        "type": "Point",
        "coordinates": [
          135.50337,
          34.84317,
          110.5
        ]
      }
    },
    {
      "type": "Feature",
      "properties": {
        "type": "route",
        "id": "route_H-04_to_H-11",
        "startPoint": "H-04",
        "endPoint": "H-11",
        "startPointGPS": [
          135.4713,
          34.87451,
          534
        ],
        "endPointGPS": [
          135.47341,
          34.86829,
          552.9
        ]
      },
      "geometry": {
        "type": "LineString",
        "coordinates": [
          [
            135.47159,
            34.87425,
            507.9
          ],
          [
            135.47183,
            34.87409,
            510.3
          ],
          [
            135.47192,
            34.87404,
            511.8
          ],
          [
            135.47205,
            34.87396,
            510.7
          ],
          [
            135.47216,
            34.87384,
            513.5
          ],
          [
            135.47224,
            34.87373,
            516.8
          ],
          [
            135.47227,
            34.87373,
            515.2
          ],
          [
            135.47242,
            34.87366,
            512.5
          ],
          [
            135.47242,
            34.87357,
            519.3
          ],
          [
            135.47265,
            34.87348,
            516.1
          ],
          [
            135.47265,
            34.87336,
            524.1
          ],
          [
            135.47265,
            34.87321,
            528.7
          ],
          [
            135.47275,
            34.87321,
            523.1
          ],
          [
            135.47275,
            34.87305,
            521
          ],
          [
            135.47283,
            34.87294,
            513.8
          ],
          [
            135.47288,
            34.87282,
            511.8
          ],
          [
            135.47301,
            34.87258,
            513.2
          ],
          [
            135.47301,
            34.87249,
            521
          ],
          [
            135.47301,
            34.87232,
            534.9
          ],
          [
            135.47301,
            34.87217,
            540.1
          ],
          [
            135.47301,
            34.87205,
            540.2
          ],
          [
            135.47301,
            34.87194,
            539.4
          ],
          [
            135.47301,
            34.87189,
            538.7
          ],
          [
            135.47288,
            34.87174,
            538.3
          ],
          [
            135.47288,
            34.8716,
            537.1
          ],
          [
            135.47288,
            34.87137,
            537.8
          ],
          [
            135.4731,
            34.87119,
            537.4
          ],
          [
            135.4731,
            34.87105,
            539.6
          ],
          [
            135.4731,
            34.87103,
            540
          ],
          [
            135.47315,
            34.87081,
            546.6
          ],
          [
            135.47315,
            34.87074,
            549.5
          ],
          [
            135.47329,
            34.8707,
            551.3
          ],
          [
            135.47334,
            34.87063,
            554.1
          ],
          [
            135.4736,
            34.87047,
            553.9
          ],
          [
            135.4736,
            34.87043,
            556.2
          ],
          [
            135.47365,
            34.87029,
            561.7
          ],
          [
            135.47365,
            34.87006,
            563.9
          ],
          [
            135.47365,
            34.87001,
            562.9
          ],
          [
            135.4736,
            34.86989,
            560.8
          ],
          [
            135.47347,
            34.86977,
            558.6
          ],
          [
            135.47347,
            34.86969,
            557.3
          ],
          [
            135.47339,
            34.8695,
            554.2
          ],
          [
            135.47347,
            34.86933,
            551.1
          ],
          [
            135.47348,
            34.86911,
            548.3
          ],
          [
            135.47348,
            34.86891,
            548.8
          ],
          [
            135.47348,
            34.86874,
            551.7
          ],
          [
            135.47348,
            34.86854,
            551
          ]
        ]
      }
    },
    {
      "type": "Feature",
      "properties": {
        "type": "route",
        "id": "route_E-06_to_E-07",
        "startPoint": "E-06",
        "endPoint": "E-07",
        "startPointGPS": [
          135.46145,
          34.86379,
          485.8
        ],
        "endPointGPS": [
          135.46816,
          34.86421,
          511.5
        ]
      },
      "geometry": {
        "type": "LineString",
        "coordinates": [
          [
            135.46183,
            34.86408,
            498.2
          ],
          [
            135.46222,
            34.86416,
            506
          ],
          [
            135.4624,
            34.86428,
            510.7
          ],
          [
            135.46259,
            34.86446,
            512.1
          ],
          [
            135.46274,
            34.86461,
            514.4
          ],
          [
            135.46292,
            34.86469,
            515.3
          ],
          [
            135.46323,
            34.86483,
            516.9
          ],
          [
            135.46333,
            34.86497,
            517.5
          ],
          [
            135.46354,
            34.86507,
            523.3
          ],
          [
            135.46373,
            34.86525,
            526.9
          ],
          [
            135.46373,
            34.86535,
            527
          ],
          [
            135.46381,
            34.86539,
            528.3
          ],
          [
            135.46391,
            34.86543,
            528.8
          ],
          [
            135.46406,
            34.86569,
            531
          ],
          [
            135.46419,
            34.86559,
            526.7
          ],
          [
            135.46437,
            34.86559,
            521.7
          ],
          [
            135.46482,
            34.8655,
            508.4
          ],
          [
            135.46513,
            34.86539,
            501.2
          ],
          [
            135.46551,
            34.86518,
            496
          ],
          [
            135.46592,
            34.86507,
            493.2
          ],
          [
            135.46637,
            34.86498,
            483.6
          ],
          [
            135.46664,
            34.86483,
            486.7
          ],
          [
            135.46664,
            34.86483,
            486.7
          ],
          [
            135.4668,
            34.86466,
            490
          ],
          [
            135.46701,
            34.86466,
            490.9
          ],
          [
            135.46726,
            34.86447,
            489.6
          ],
          [
            135.46726,
            34.86439,
            492.5
          ],
          [
            135.46739,
            34.86432,
            492.5
          ],
          [
            135.46771,
            34.86416,
            500.4
          ]
        ]
      }
    },
    {
      "type": "Feature",
      "properties": {
        "type": "route",
        "id": "route_E-06_to_H-03",
        "startPoint": "E-06",
        "endPoint": "H-03",
        "startPointGPS": [
          135.46145,
          34.86379,
          485.8
        ],
        "endPointGPS": [
          135.46815,
          34.86947,
          492.6
        ]
      },
      "geometry": {
        "type": "LineString",
        "coordinates": [
          [
            135.46142,
            34.86407,
            487.1
          ],
          [
            135.46132,
            34.86432,
            488.6
          ],
          [
            135.46142,
            34.86446,
            490.5
          ],
          [
            135.46163,
            34.86465,
            496.9
          ],
          [
            135.46168,
            34.86482,
            494.2
          ],
          [
            135.46168,
            34.86497,
            490.5
          ],
          [
            135.46168,
            34.86497,
            490.5
          ],
          [
            135.46187,
            34.86484,
            496.1
          ],
          [
            135.46214,
            34.86497,
            498.6
          ],
          [
            135.46227,
            34.86506,
            498.4
          ],
          [
            135.46233,
            34.86497,
            499.8
          ],
          [
            135.46259,
            34.86497,
            501.6
          ],
          [
            135.46279,
            34.86497,
            501.5
          ],
          [
            135.46292,
            34.86507,
            502.4
          ],
          [
            135.46292,
            34.86525,
            503.8
          ],
          [
            135.46279,
            34.86525,
            501
          ],
          [
            135.46279,
            34.86559,
            503.7
          ],
          [
            135.46279,
            34.86569,
            498.8
          ],
          [
            135.46296,
            34.86587,
            502.9
          ],
          [
            135.46296,
            34.86609,
            508.4
          ],
          [
            135.46292,
            34.86611,
            504.6
          ],
          [
            135.46274,
            34.86617,
            504.2
          ],
          [
            135.46254,
            34.86628,
            505.3
          ],
          [
            135.46226,
            34.86644,
            504.2
          ],
          [
            135.46226,
            34.86669,
            504
          ],
          [
            135.46226,
            34.86673,
            504.1
          ],
          [
            135.46226,
            34.8668,
            504.3
          ],
          [
            135.46239,
            34.86689,
            504.5
          ],
          [
            135.46273,
            34.867,
            505.5
          ],
          [
            135.46291,
            34.867,
            506.8
          ],
          [
            135.46314,
            34.867,
            505.3
          ],
          [
            135.46332,
            34.867,
            505.6
          ],
          [
            135.4636,
            34.867,
            501
          ],
          [
            135.46381,
            34.86704,
            503.4
          ],
          [
            135.46418,
            34.86726,
            506.4
          ],
          [
            135.46436,
            34.86726,
            506.5
          ],
          [
            135.46464,
            34.86718,
            506.4
          ],
          [
            135.46482,
            34.86732,
            493.5
          ],
          [
            135.465,
            34.86718,
            505.6
          ],
          [
            135.46508,
            34.86726,
            504.1
          ],
          [
            135.46508,
            34.86732,
            498
          ],
          [
            135.46541,
            34.86738,
            512.6
          ],
          [
            135.46551,
            34.86738,
            514.1
          ],
          [
            135.46533,
            34.86755,
            501.9
          ],
          [
            135.46533,
            34.86766,
            498.6
          ],
          [
            135.46541,
            34.86766,
            500.3
          ],
          [
            135.4656,
            34.86785,
            497.3
          ],
          [
            135.46591,
            34.86794,
            497.7
          ],
          [
            135.46604,
            34.86801,
            497.8
          ],
          [
            135.46637,
            34.86811,
            496
          ],
          [
            135.46642,
            34.86811,
            496.6
          ],
          [
            135.46668,
            34.86811,
            499.8
          ],
          [
            135.46673,
            34.86812,
            499.8
          ],
          [
            135.46692,
            34.86817,
            500.1
          ],
          [
            135.467,
            34.86817,
            500.3
          ],
          [
            135.4671,
            34.86822,
            496.6
          ],
          [
            135.4671,
            34.86828,
            491.1
          ],
          [
            135.46725,
            34.86828,
            496.8
          ],
          [
            135.46764,
            34.86828,
            504.1
          ],
          [
            135.4677,
            34.86828,
            504
          ],
          [
            135.46792,
            34.86841,
            498.1
          ],
          [
            135.46792,
            34.86853,
            496.5
          ],
          [
            135.46792,
            34.86873,
            497.1
          ],
          [
            135.4677,
            34.8689,
            491
          ],
          [
            135.4677,
            34.86902,
            496.5
          ],
          [
            135.46796,
            34.86925,
            496.6
          ]
        ]
      }
    },
    {
      "type": "Feature",
      "properties": {
        "type": "route",
        "id": "route_H-01_to_F-01",
        "startPoint": "H-01",
        "endPoint": "F-01",
        "startPointGPS": [
          135.47116,
          34.86932,
          450.4
        ],
        "endPointGPS": [
          135.47427,
          34.86372,
          355.6
        ]
      },
      "geometry": {
        "type": "LineString",
        "coordinates": [
          [
            135.47134,
            34.86907,
            458.6
          ],
          [
            135.47155,
            34.86874,
            476.6
          ],
          [
            135.47149,
            34.86832,
            454
          ],
          [
            135.47134,
            34.86785,
            442.6
          ],
          [
            135.47116,
            34.86756,
            432.2
          ],
          [
            135.47084,
            34.86719,
            429.1
          ],
          [
            135.47051,
            34.86681,
            409.1
          ],
          [
            135.47051,
            34.86633,
            415.9
          ],
          [
            135.47084,
            34.86602,
            402.8
          ],
          [
            135.4713,
            34.86578,
            384.2
          ],
          [
            135.47161,
            34.8656,
            376.3
          ],
          [
            135.47202,
            34.86536,
            373.3
          ],
          [
            135.47244,
            34.86502,
            364.7
          ],
          [
            135.47303,
            34.86484,
            373.8
          ],
          [
            135.4734,
            34.86467,
            361.6
          ],
          [
            135.47381,
            34.8644,
            347.1
          ],
          [
            135.47409,
            34.86409,
            365.7
          ]
        ]
      }
    },
    {
      "type": "Feature",
      "properties": {
        "type": "route",
        "id": "route_H-02_to_H-03",
        "startPoint": "H-02",
        "endPoint": "H-03",
        "startPointGPS": [
          135.46992,
          34.8711,
          484.9
        ],
        "endPointGPS": [
          135.46815,
          34.86947,
          492.6
        ]
      },
      "geometry": {
        "type": "LineString",
        "coordinates": [
          [
            135.46969,
            34.8708,
            483.8
          ],
          [
            135.46938,
            34.87074,
            483.9
          ],
          [
            135.46905,
            34.87056,
            482.9
          ],
          [
            135.46891,
            34.87037,
            481.9
          ],
          [
            135.46878,
            34.87011,
            484.1
          ],
          [
            135.46878,
            34.86984,
            484
          ]
        ]
      }
    },
    {
      "type": "Feature",
      "properties": {
        "type": "route",
        "id": "route_H-01_to_H-03",
        "startPoint": "H-01",
        "endPoint": "H-03",
        "startPointGPS": [
          135.47116,
          34.86932,
          450.4
        ],
        "endPointGPS": [
          135.46815,
          34.86947,
          492.6
        ]
      },
      "geometry": {
        "type": "LineString",
        "coordinates": [
          [
            135.47116,
            34.86955,
            453.3
          ],
          [
            135.47096,
            34.86978,
            456.5
          ],
          [
            135.47046,
            34.86988,
            462
          ],
          [
            135.47007,
            34.87006,
            467.3
          ],
          [
            135.46974,
            34.87015,
            471.5
          ],
          [
            135.46951,
            34.87011,
            474.8
          ],
          [
            135.46932,
            34.86984,
            479.2
          ],
          [
            135.46897,
            34.86963,
            483.3
          ],
          [
            135.4686,
            34.86949,
            487.8
          ]
        ]
      }
    },
    {
      "type": "Feature",
      "properties": {
        "type": "route",
        "id": "route_H-04_to_H-13",
        "startPoint": "H-04",
        "endPoint": "H-13",
        "startPointGPS": [
          135.4713,
          34.87451,
          534
        ],
        "endPointGPS": [
          135.47403,
          34.87644,
          581.5
        ]
      },
      "geometry": {
        "type": "LineString",
        "coordinates": [
          [
            135.47173,
            34.8747,
            528.8
          ],
          [
            135.472,
            34.87488,
            530.8
          ],
          [
            135.47216,
            34.87488,
            533.7
          ],
          [
            135.47227,
            34.87488,
            538
          ],
          [
            135.47242,
            34.87488,
            546.2
          ],
          [
            135.47265,
            34.87499,
            556.9
          ],
          [
            135.47265,
            34.87499,
            556.9
          ],
          [
            135.47265,
            34.87499,
            556.9
          ],
          [
            135.47265,
            34.87504,
            558.5
          ],
          [
            135.47265,
            34.87515,
            559.5
          ],
          [
            135.47265,
            34.87527,
            557.9
          ],
          [
            135.47274,
            34.87531,
            560.2
          ],
          [
            135.47274,
            34.87531,
            560.2
          ],
          [
            135.47283,
            34.87531,
            560.7
          ],
          [
            135.47283,
            34.87536,
            562.1
          ],
          [
            135.47283,
            34.8754,
            562.9
          ],
          [
            135.47287,
            34.87544,
            564
          ],
          [
            135.47309,
            34.87556,
            567.3
          ],
          [
            135.47313,
            34.8756,
            568.1
          ],
          [
            135.47328,
            34.8756,
            574.1
          ],
          [
            135.47338,
            34.87567,
            578.3
          ],
          [
            135.47346,
            34.87567,
            581.7
          ],
          [
            135.47364,
            34.87574,
            590.1
          ],
          [
            135.47379,
            34.87574,
            594.4
          ],
          [
            135.47387,
            34.87583,
            590.3
          ],
          [
            135.47415,
            34.87592,
            586.4
          ]
        ]
      }
    },
    {
      "type": "Feature",
      "properties": {
        "type": "route",
        "id": "route_H-02_to_H-04",
        "startPoint": "H-02",
        "endPoint": "H-04",
        "startPointGPS": [
          135.46992,
          34.8711,
          484.9
        ],
        "endPointGPS": [
          135.4713,
          34.87451,
          534
        ]
      },
      "geometry": {
        "type": "LineString",
        "coordinates": [
          [
            135.47029,
            34.87111,
            484.9
          ],
          [
            135.47083,
            34.87104,
            489.2
          ],
          [
            135.47116,
            34.87111,
            492.3
          ],
          [
            135.47155,
            34.87126,
            496.9
          ],
          [
            135.47184,
            34.87142,
            502.5
          ],
          [
            135.47184,
            34.87174,
            506.4
          ],
          [
            135.47155,
            34.87174,
            506.3
          ],
          [
            135.47115,
            34.87183,
            506.7
          ],
          [
            135.47106,
            34.87194,
            507.5
          ],
          [
            135.4711,
            34.87221,
            509.8
          ],
          [
            135.47141,
            34.87231,
            510.1
          ],
          [
            135.47169,
            34.87249,
            510.3
          ],
          [
            135.47159,
            34.87288,
            511.2
          ],
          [
            135.47169,
            34.8731,
            511.1
          ],
          [
            135.47148,
            34.87348,
            511.1
          ],
          [
            135.47133,
            34.87373,
            526.3
          ],
          [
            135.47115,
            34.87396,
            532.7
          ],
          [
            135.4712,
            34.87418,
            528.9
          ],
          [
            135.47128,
            34.87441,
            531
          ]
        ]
      }
    },
    {
      "type": "Feature",
      "properties": {
        "type": "route",
        "id": "route_H-03_to_H-04",
        "startPoint": "H-03",
        "endPoint": "H-04",
        "startPointGPS": [
          135.46815,
          34.86947,
          492.6
        ],
        "endPointGPS": [
          135.4713,
          34.87451,
          534
        ]
      },
      "geometry": {
        "type": "LineString",
        "coordinates": [
          [
            135.46814,
            34.86977,
            488.2
          ],
          [
            135.46822,
            34.87005,
            484
          ],
          [
            135.46842,
            34.87037,
            483.7
          ],
          [
            135.4691,
            34.87111,
            491.4
          ],
          [
            135.46918,
            34.87142,
            489.4
          ],
          [
            135.46918,
            34.87194,
            492.1
          ],
          [
            135.46918,
            34.87204,
            489.4
          ],
          [
            135.46905,
            34.87231,
            490.1
          ],
          [
            135.46905,
            34.87248,
            492.5
          ],
          [
            135.46905,
            34.87258,
            495.1
          ],
          [
            135.46918,
            34.87273,
            499.9
          ],
          [
            135.46924,
            34.87273,
            499.6
          ],
          [
            135.46937,
            34.87273,
            501
          ],
          [
            135.46937,
            34.87273,
            501
          ],
          [
            135.46937,
            34.87282,
            504.1
          ],
          [
            135.46937,
            34.87287,
            505.9
          ],
          [
            135.46941,
            34.87294,
            507.2
          ],
          [
            135.46955,
            34.87294,
            510.5
          ],
          [
            135.46973,
            34.87305,
            513.2
          ],
          [
            135.46973,
            34.8731,
            514
          ],
          [
            135.46988,
            34.87321,
            512.3
          ],
          [
            135.47006,
            34.87335,
            512
          ],
          [
            135.47024,
            34.87347,
            513.1
          ],
          [
            135.47045,
            34.87353,
            512.1
          ],
          [
            135.47056,
            34.87357,
            512.7
          ],
          [
            135.47064,
            34.87357,
            512.9
          ],
          [
            135.47082,
            34.87373,
            520.7
          ],
          [
            135.47105,
            34.87373,
            528
          ],
          [
            135.4711,
            34.87384,
            530.6
          ],
          [
            135.4711,
            34.87384,
            530.6
          ],
          [
            135.4711,
            34.874,
            529.9
          ],
          [
            135.4711,
            34.87404,
            530.7
          ]
        ]
      }
    },
    {
      "type": "Feature",
      "properties": {
        "type": "route",
        "id": "route_E-22_to_E-06",
        "startPoint": "E-22",
        "endPoint": "E-06",
        "startPointGPS": [
          135.46031,
          34.86315,
          459.4
        ],
        "endPointGPS": [
          135.46145,
          34.86379,
          485.8
        ]
      },
      "geometry": {
        "type": "LineString",
        "coordinates": [
          [
            135.46067,
            34.8633,
            467
          ],
          [
            135.461,
            34.86342,
            473.7
          ],
          [
            135.46119,
            34.86359,
            479.9
          ]
        ]
      }
    },
    {
      "type": "Feature",
      "properties": {
        "type": "route",
        "id": "route_H-15_to_H-05",
        "startPoint": "H-15",
        "endPoint": "H-05",
        "startPointGPS": [
          135.47682,
          34.87892,
          592.2
        ],
        "endPointGPS": [
          135.47511,
          34.87642,
          596
        ]
      },
      "geometry": {
        "type": "LineString",
        "coordinates": [
          [
            135.47659,
            34.87871,
            591.6
          ],
          [
            135.4763,
            34.87823,
            601.5
          ],
          [
            135.47659,
            34.87796,
            597.9
          ],
          [
            135.47622,
            34.87792,
            586.6
          ],
          [
            135.4757,
            34.87732,
            586
          ],
          [
            135.4754,
            34.8767,
            587.7
          ]
        ]
      }
    },
    {
      "type": "Feature",
      "properties": {
        "type": "route",
        "id": "route_F-06_to_F-13",
        "startPoint": "F-06",
        "endPoint": "F-13",
        "startPointGPS": [
          135.48257,
          34.86583,
          480.9
        ],
        "endPointGPS": [
          135.48585,
          34.86664,
          475.4
        ]
      },
      "geometry": {
        "type": "LineString",
        "coordinates": [
          [
            135.48304,
            34.86585,
            471.1
          ],
          [
            135.48349,
            34.86585,
            475.7
          ],
          [
            135.48386,
            34.86606,
            471.2
          ],
          [
            135.48386,
            34.86645,
            483.6
          ],
          [
            135.48432,
            34.8666,
            486.1
          ],
          [
            135.48487,
            34.8666,
            493.6
          ],
          [
            135.48527,
            34.8666,
            492.1
          ],
          [
            135.48553,
            34.86653,
            482.4
          ]
        ]
      }
    },
    {
      "type": "Feature",
      "properties": {
        "type": "route",
        "id": "route_H-08_to_F-03",
        "startPoint": "H-08",
        "endPoint": "F-03",
        "startPointGPS": [
          135.47895,
          34.86955,
          339.5
        ],
        "endPointGPS": [
          135.47839,
          34.86879,
          335.1
        ]
      },
      "geometry": {
        "type": "LineString",
        "coordinates": [
          [
            135.47875,
            34.86951,
            336.4
          ],
          [
            135.47846,
            34.86938,
            336.5
          ],
          [
            135.47834,
            34.86921,
            335.6
          ],
          [
            135.47835,
            34.86908,
            338.1
          ]
        ]
      }
    },
    {
      "type": "Feature",
      "properties": {
        "type": "route",
        "id": "route_H-07_to_H-08",
        "startPoint": "H-07",
        "endPoint": "H-08",
        "startPointGPS": [
          135.48038,
          34.87343,
          358.9
        ],
        "endPointGPS": [
          135.47895,
          34.86955,
          339.5
        ]
      },
      "geometry": {
        "type": "LineString",
        "coordinates": [
          [
            135.48051,
            34.87309,
            361.5
          ],
          [
            135.48057,
            34.87271,
            356
          ],
          [
            135.48075,
            34.87245,
            355.7
          ],
          [
            135.48057,
            34.87207,
            353.7
          ],
          [
            135.47939,
            34.87192,
            349.8
          ],
          [
            135.47874,
            34.8717,
            349.5
          ],
          [
            135.47845,
            34.87103,
            344.2
          ],
          [
            135.47875,
            34.87049,
            342.3
          ],
          [
            135.47911,
            34.86996,
            341.5
          ]
        ]
      }
    },
    {
      "type": "Feature",
      "properties": {
        "type": "route",
        "id": "route_H-05_to_H-04",
        "startPoint": "H-05",
        "endPoint": "H-04",
        "startPointGPS": [
          135.47511,
          34.87642,
          596
        ],
        "endPointGPS": [
          135.4713,
          34.87451,
          534
        ]
      },
      "geometry": {
        "type": "LineString",
        "coordinates": [
          [
            135.47433,
            34.87603,
            587
          ],
          [
            135.47393,
            34.87586,
            587.5
          ],
          [
            135.47336,
            34.8757,
            576.8
          ],
          [
            135.47276,
            34.87539,
            561.7
          ],
          [
            135.47263,
            34.8752,
            557.8
          ],
          [
            135.47263,
            34.87494,
            554.8
          ],
          [
            135.47186,
            34.87493,
            536.6
          ],
          [
            135.47161,
            34.87461,
            530.6
          ]
        ]
      }
    },
    {
      "type": "Feature",
      "properties": {
        "type": "route",
        "id": "route_H-17_to_H-07",
        "startPoint": "H-17",
        "endPoint": "H-07",
        "startPointGPS": [
          135.47932,
          34.87705,
          451.8
        ],
        "endPointGPS": [
          135.48038,
          34.87343,
          358.9
        ]
      },
      "geometry": {
        "type": "LineString",
        "coordinates": [
          [
            135.47926,
            34.87653,
            435.8
          ],
          [
            135.47926,
            34.87624,
            427.8
          ],
          [
            135.47926,
            34.87595,
            422.1
          ],
          [
            135.47936,
            34.87571,
            415.9
          ],
          [
            135.47937,
            34.87543,
            408.5
          ],
          [
            135.47937,
            34.87501,
            393.5
          ],
          [
            135.47911,
            34.87454,
            391.4
          ],
          [
            135.47937,
            34.87429,
            377.3
          ],
          [
            135.47938,
            34.87404,
            374.8
          ],
          [
            135.47958,
            34.87373,
            370.4
          ],
          [
            135.47979,
            34.8736,
            366.2
          ]
        ]
      }
    },
    {
      "type": "Feature",
      "properties": {
        "type": "route",
        "id": "route_H-04_to_H-03",
        "startPoint": "H-04",
        "endPoint": "H-03",
        "startPointGPS": [
          135.4713,
          34.87451,
          534
        ],
        "endPointGPS": [
          135.46815,
          34.86947,
          492.6
        ]
      },
      "geometry": {
        "type": "LineString",
        "coordinates": [
          [
            135.47116,
            34.87417,
            531.4
          ],
          [
            135.47111,
            34.87386,
            531.3
          ],
          [
            135.47065,
            34.87358,
            514
          ],
          [
            135.4699,
            34.87334,
            514.9
          ],
          [
            135.46964,
            34.87307,
            511.8
          ],
          [
            135.4694,
            34.87293,
            507.1
          ],
          [
            135.4694,
            34.8727,
            501
          ],
          [
            135.46894,
            34.87258,
            495.8
          ],
          [
            135.46894,
            34.8721,
            492.7
          ],
          [
            135.46923,
            34.87126,
            489.1
          ],
          [
            135.46895,
            34.87106,
            493.6
          ],
          [
            135.46854,
            34.87077,
            486.3
          ],
          [
            135.46838,
            34.87027,
            483.8
          ],
          [
            135.46814,
            34.87005,
            484.6
          ],
          [
            135.46809,
            34.86968,
            490.1
          ]
        ]
      }
    },
    {
      "type": "Feature",
      "properties": {
        "type": "route",
        "id": "route_H-06_to_H-15",
        "startPoint": "H-06",
        "endPoint": "H-15",
        "startPointGPS": [
          135.47914,
          34.88048,
          498.9
        ],
        "endPointGPS": [
          135.47682,
          34.87892,
          592.2
        ]
      },
      "geometry": {
        "type": "LineString",
        "coordinates": [
          [
            135.47858,
            34.88038,
            512.8
          ],
          [
            135.47797,
            34.88007,
            551.4
          ],
          [
            135.47727,
            34.87999,
            581
          ],
          [
            135.47686,
            34.87976,
            592.3
          ],
          [
            135.47686,
            34.87935,
            586.1
          ]
        ]
      }
    },
    {
      "type": "Feature",
      "properties": {
        "type": "route",
        "id": "route_F-03_to_F-12",
        "startPoint": "F-03",
        "endPoint": "F-12",
        "startPointGPS": [
          135.47839,
          34.86879,
          335.1
        ],
        "endPointGPS": [
          135.47988,
          34.8679,
          345
        ]
      },
      "geometry": {
        "type": "LineString",
        "coordinates": [
          [
            135.47866,
            34.86858,
            336.2
          ],
          [
            135.47942,
            34.8683,
            346.3
          ],
          [
            135.47962,
            34.86793,
            343.1
          ]
        ]
      }
    },
    {
      "type": "Feature",
      "properties": {
        "type": "route",
        "id": "route_H-03_to_H-01",
        "startPoint": "H-03",
        "endPoint": "H-01",
        "startPointGPS": [
          135.46815,
          34.86947,
          492.6
        ],
        "endPointGPS": [
          135.47116,
          34.86932,
          450.4
        ]
      },
      "geometry": {
        "type": "LineString",
        "coordinates": [
          [
            135.46855,
            34.86953,
            487.9
          ],
          [
            135.46896,
            34.86964,
            483.1
          ],
          [
            135.46942,
            34.87013,
            475.3
          ],
          [
            135.46966,
            34.87017,
            472.4
          ],
          [
            135.47027,
            34.86987,
            469.4
          ],
          [
            135.47091,
            34.86983,
            457.3
          ],
          [
            135.47109,
            34.86954,
            453.3
          ]
        ]
      }
    },
    {
      "type": "Feature",
      "properties": {
        "type": "route",
        "id": "route_H-04_to_H-08",
        "startPoint": "H-04",
        "endPoint": "H-08",
        "startPointGPS": [
          135.4713,
          34.87451,
          534
        ],
        "endPointGPS": [
          135.47895,
          34.86955,
          339.5
        ]
      },
      "geometry": {
        "type": "LineString",
        "coordinates": [
          [
            135.47242,
            34.87403,
            486.1
          ],
          [
            135.47301,
            34.87395,
            480.6
          ],
          [
            135.47338,
            34.87372,
            472
          ],
          [
            135.47376,
            34.87331,
            462.3
          ],
          [
            135.4743,
            34.87297,
            448.5
          ],
          [
            135.47488,
            34.87275,
            447.8
          ],
          [
            135.47544,
            34.87237,
            431
          ],
          [
            135.47572,
            34.87184,
            408
          ],
          [
            135.47626,
            34.87147,
            382.2
          ],
          [
            135.47692,
            34.87111,
            366.6
          ],
          [
            135.47748,
            34.87075,
            352.2
          ],
          [
            135.47748,
            34.87041,
            375.9
          ],
          [
            135.47793,
            34.87041,
            358.8
          ],
          [
            135.47804,
            34.87015,
            350.5
          ],
          [
            135.47855,
            34.86984,
            348
          ]
        ]
      }
    },
    {
      "type": "Feature",
      "properties": {
        "type": "route",
        "id": "route_F-13_to_F-05",
        "startPoint": "F-13",
        "endPoint": "F-05",
        "startPointGPS": [
          135.48585,
          34.86664,
          475.4
        ],
        "endPointGPS": [
          135.49181,
          34.86803,
          499.5
        ]
      },
      "geometry": {
        "type": "LineString",
        "coordinates": [
          [
            135.48604,
            34.8666,
            477.9
          ],
          [
            135.48619,
            34.86664,
            483.8
          ],
          [
            135.48643,
            34.86676,
            496.4
          ],
          [
            135.48674,
            34.86676,
            507.3
          ],
          [
            135.48704,
            34.86683,
            512.7
          ],
          [
            135.48723,
            34.86699,
            518
          ],
          [
            135.48749,
            34.86714,
            523.9
          ],
          [
            135.48774,
            34.86729,
            529.9
          ],
          [
            135.48794,
            34.86735,
            532
          ],
          [
            135.48817,
            34.86747,
            535.8
          ],
          [
            135.48882,
            34.86774,
            536.5
          ],
          [
            135.48916,
            34.86778,
            535.4
          ],
          [
            135.48947,
            34.86789,
            524.1
          ],
          [
            135.48979,
            34.8679,
            523.4
          ],
          [
            135.49023,
            34.86798,
            510.7
          ],
          [
            135.49057,
            34.86802,
            511
          ],
          [
            135.49088,
            34.86816,
            509
          ],
          [
            135.49116,
            34.86808,
            504.6
          ],
          [
            135.49161,
            34.86803,
            500.6
          ]
        ]
      }
    },
    {
      "type": "Feature",
      "properties": {
        "type": "route",
        "id": "route_F-04_to_F-12",
        "startPoint": "F-04",
        "endPoint": "F-12",
        "startPointGPS": [
          135.48532,
          34.86866,
          388.7
        ],
        "endPointGPS": [
          135.47988,
          34.8679,
          345
        ]
      },
      "geometry": {
        "type": "LineString",
        "coordinates": [
          [
            135.48479,
            34.86893,
            385.6
          ],
          [
            135.48397,
            34.86887,
            381.5
          ],
          [
            135.48341,
            34.86891,
            379.9
          ],
          [
            135.48242,
            34.86859,
            373.6
          ],
          [
            135.48222,
            34.86837,
            371.7
          ],
          [
            135.48165,
            34.86815,
            369.3
          ],
          [
            135.48083,
            34.86793,
            363.9
          ],
          [
            135.48022,
            34.86781,
            352.7
          ]
        ]
      }
    },
    {
      "type": "Feature",
      "properties": {
        "type": "route",
        "id": "route_F-04_to_F-11",
        "startPoint": "F-04",
        "endPoint": "F-11",
        "startPointGPS": [
          135.48532,
          34.86866,
          388.7
        ],
        "endPointGPS": [
          135.49179,
          34.86884,
          471.1
        ]
      },
      "geometry": {
        "type": "LineString",
        "coordinates": [
          [
            135.4857,
            34.86859,
            393.3
          ],
          [
            135.48612,
            34.86859,
            397.7
          ],
          [
            135.48642,
            34.86879,
            398.8
          ],
          [
            135.48678,
            34.86883,
            403
          ],
          [
            135.48717,
            34.86887,
            407.4
          ],
          [
            135.48768,
            34.86893,
            415.7
          ],
          [
            135.48825,
            34.86901,
            421.9
          ],
          [
            135.48876,
            34.86905,
            429.6
          ],
          [
            135.48915,
            34.86901,
            437.4
          ],
          [
            135.48942,
            34.86893,
            443
          ],
          [
            135.48966,
            34.86877,
            451.8
          ],
          [
            135.49003,
            34.86884,
            451.1
          ],
          [
            135.49057,
            34.86873,
            458
          ],
          [
            135.49094,
            34.86877,
            458.3
          ],
          [
            135.49135,
            34.86877,
            461.9
          ]
        ]
      }
    },
    {
      "type": "Feature",
      "properties": {
        "type": "route",
        "id": "route_H-06_to_H-17",
        "startPoint": "H-06",
        "endPoint": "H-17",
        "startPointGPS": [
          135.47914,
          34.88048,
          498.9
        ],
        "endPointGPS": [
          135.47932,
          34.87705,
          451.8
        ]
      },
      "geometry": {
        "type": "LineString",
        "coordinates": [
          [
            135.47933,
            34.88004,
            491.3
          ],
          [
            135.47934,
            34.87962,
            492.3
          ],
          [
            135.47934,
            34.87909,
            485
          ],
          [
            135.47935,
            34.87845,
            472.9
          ],
          [
            135.47935,
            34.87796,
            468
          ],
          [
            135.47935,
            34.8777,
            461.3
          ],
          [
            135.47935,
            34.87748,
            456.7
          ]
        ]
      }
    },
    {
      "type": "Feature",
      "properties": {
        "type": "route",
        "id": "route_H-05_to_H-14",
        "startPoint": "H-05",
        "endPoint": "H-14",
        "startPointGPS": [
          135.47511,
          34.87642,
          596
        ],
        "endPointGPS": [
          135.47629,
          34.87671,
          576.5
        ]
      },
      "geometry": {
        "type": "LineString",
        "coordinates": [
          [
            135.47551,
            34.8764,
            596
          ],
          [
            135.47575,
            34.8764,
            590.4
          ],
          [
            135.47605,
            34.87645,
            588.7
          ]
        ]
      }
    },
    {
      "type": "Feature",
      "properties": {
        "type": "route",
        "id": "route_H-06_to_高山岐れ",
        "startPoint": "H-06",
        "endPoint": "高山岐れ",
        "startPointGPS": [
          135.47914,
          34.88048,
          498.9
        ],
        "endPointGPS": [
          135.47917,
          34.88649,
          599.5
        ]
      },
      "geometry": {
        "type": "LineString",
        "coordinates": [
          [
            135.47872,
            34.88082,
            500.9
          ],
          [
            135.47837,
            34.8812,
            507.7
          ],
          [
            135.47806,
            34.88146,
            512.2
          ],
          [
            135.47775,
            34.88174,
            515
          ],
          [
            135.47745,
            34.88204,
            519.9
          ],
          [
            135.4774,
            34.88241,
            525.6
          ],
          [
            135.47764,
            34.88277,
            540.4
          ],
          [
            135.47784,
            34.88317,
            557.6
          ],
          [
            135.47795,
            34.88356,
            573.2
          ],
          [
            135.47824,
            34.88392,
            581.7
          ],
          [
            135.4784,
            34.8843,
            603.1
          ],
          [
            135.47845,
            34.88456,
            605.9
          ],
          [
            135.47845,
            34.88491,
            601.1
          ],
          [
            135.47864,
            34.88528,
            601
          ],
          [
            135.47885,
            34.88551,
            599.6
          ],
          [
            135.479,
            34.88583,
            593.9
          ],
          [
            135.47903,
            34.88615,
            597
          ]
        ]
      }
    },
    {
      "type": "Feature",
      "properties": {
        "type": "route",
        "id": "route_H-02_to_H-01",
        "startPoint": "H-02",
        "endPoint": "H-01",
        "startPointGPS": [
          135.46992,
          34.8711,
          484.9
        ],
        "endPointGPS": [
          135.47116,
          34.86932,
          450.4
        ]
      },
      "geometry": {
        "type": "LineString",
        "coordinates": [
          [
            135.47021,
            34.87078,
            484.5
          ],
          [
            135.47053,
            34.87063,
            474.3
          ],
          [
            135.47096,
            34.87006,
            458.6
          ],
          [
            135.47096,
            34.86979,
            456.8
          ],
          [
            135.47109,
            34.8696,
            453.8
          ]
        ]
      }
    },
    {
      "type": "Feature",
      "properties": {
        "type": "route",
        "id": "route_F-11_to_F-05",
        "startPoint": "F-11",
        "endPoint": "F-05",
        "startPointGPS": [
          135.49179,
          34.86884,
          471.1
        ],
        "endPointGPS": [
          135.49181,
          34.86803,
          499.5
        ]
      },
      "geometry": {
        "type": "LineString",
        "coordinates": [
          [
            135.49191,
            34.86864,
            482.6
          ],
          [
            135.49196,
            34.86843,
            491.4
          ],
          [
            135.49187,
            34.86824,
            494.2
          ]
        ]
      }
    },
    {
      "type": "Feature",
      "properties": {
        "type": "route",
        "id": "route_F-11_to_F-04",
        "startPoint": "F-11",
        "endPoint": "F-04",
        "startPointGPS": [
          135.49179,
          34.86884,
          471.1
        ],
        "endPointGPS": [
          135.48532,
          34.86866,
          388.7
        ]
      },
      "geometry": {
        "type": "LineString",
        "coordinates": [
          [
            135.49132,
            34.86876,
            461.3
          ],
          [
            135.49083,
            34.86875,
            458.1
          ],
          [
            135.49028,
            34.86879,
            453.7
          ],
          [
            135.48979,
            34.86875,
            454
          ],
          [
            135.48947,
            34.86894,
            442.2
          ],
          [
            135.48911,
            34.86907,
            433
          ],
          [
            135.48866,
            34.86907,
            428.1
          ],
          [
            135.48833,
            34.86907,
            427.1
          ],
          [
            135.48809,
            34.86899,
            420.1
          ],
          [
            135.4877,
            34.86898,
            413.8
          ],
          [
            135.48729,
            34.86893,
            408.4
          ],
          [
            135.48694,
            34.86878,
            405.5
          ],
          [
            135.48661,
            34.86885,
            401.9
          ],
          [
            135.48635,
            34.8687,
            400
          ],
          [
            135.48588,
            34.86862,
            393.3
          ]
        ]
      }
    },
    {
      "type": "Feature",
      "properties": {
        "type": "route",
        "id": "route_J-06_to_J-01",
        "startPoint": "J-06",
        "endPoint": "J-01",
        "startPointGPS": [
          135.49368,
          34.87061,
          546.8
        ],
        "endPointGPS": [
          135.49666,
          34.86653,
          354.9
        ]
      },
      "geometry": {
        "type": "LineString",
        "coordinates": [
          [
            135.49407,
            34.8705,
            536
          ],
          [
            135.49445,
            34.87025,
            522
          ],
          [
            135.49472,
            34.8701,
            513.7
          ],
          [
            135.49501,
            34.86989,
            501.7
          ],
          [
            135.49531,
            34.86972,
            491.1
          ],
          [
            135.49565,
            34.86956,
            475
          ],
          [
            135.49575,
            34.86933,
            463.8
          ],
          [
            135.4958,
            34.86901,
            454
          ],
          [
            135.49589,
            34.86877,
            442.7
          ],
          [
            135.49599,
            34.8685,
            432.5
          ],
          [
            135.49589,
            34.86832,
            427
          ],
          [
            135.49632,
            34.86815,
            409.1
          ],
          [
            135.4959,
            34.86796,
            408.1
          ],
          [
            135.4959,
            34.86776,
            395.4
          ],
          [
            135.49612,
            34.86768,
            383.6
          ],
          [
            135.49599,
            34.8674,
            379.9
          ],
          [
            135.49612,
            34.86712,
            371.6
          ],
          [
            135.49632,
            34.86695,
            363.1
          ],
          [
            135.49651,
            34.86689,
            355.3
          ]
        ]
      }
    },
    {
      "type": "Feature",
      "properties": {
        "type": "route",
        "id": "route_J-01_to_J-11",
        "startPoint": "J-01",
        "endPoint": "J-11",
        "startPointGPS": [
          135.49666,
          34.86653,
          354.9
        ],
        "endPointGPS": [
          135.4977,
          34.86787,
          343.7
        ]
      },
      "geometry": {
        "type": "LineString",
        "coordinates": [
          [
            135.49689,
            34.86665,
            354.8
          ],
          [
            135.49689,
            34.86685,
            350.4
          ],
          [
            135.49679,
            34.86703,
            353.3
          ],
          [
            135.49698,
            34.86716,
            348.9
          ],
          [
            135.49713,
            34.86732,
            345.9
          ],
          [
            135.49721,
            34.86751,
            345.9
          ],
          [
            135.49736,
            34.86755,
            347.9
          ]
        ]
      }
    },
    {
      "type": "Feature",
      "properties": {
        "type": "route",
        "id": "route_J-06_to_F-05",
        "startPoint": "J-06",
        "endPoint": "F-05",
        "startPointGPS": [
          135.49368,
          34.87061,
          546.8
        ],
        "endPointGPS": [
          135.49181,
          34.86803,
          499.5
        ]
      },
      "geometry": {
        "type": "LineString",
        "coordinates": [
          [
            135.49359,
            34.87032,
            539.3
          ],
          [
            135.49349,
            34.87003,
            527.3
          ],
          [
            135.49339,
            34.86971,
            529
          ],
          [
            135.49339,
            34.86932,
            533
          ],
          [
            135.49323,
            34.869,
            527.4
          ],
          [
            135.49304,
            34.8688,
            523.9
          ],
          [
            135.49268,
            34.8686,
            520
          ],
          [
            135.49245,
            34.86839,
            510.9
          ],
          [
            135.49216,
            34.86821,
            505.9
          ]
        ]
      }
    },
    {
      "type": "Feature",
      "properties": {
        "type": "route",
        "id": "route_F-05_to_F-13",
        "startPoint": "F-05",
        "endPoint": "F-13",
        "startPointGPS": [
          135.49181,
          34.86803,
          499.5
        ],
        "endPointGPS": [
          135.48585,
          34.86664,
          475.4
        ]
      },
      "geometry": {
        "type": "LineString",
        "coordinates": [
          [
            135.49146,
            34.86805,
            503.2
          ],
          [
            135.49106,
            34.86813,
            507.3
          ],
          [
            135.49069,
            34.86805,
            509.6
          ],
          [
            135.49033,
            34.86794,
            511.3
          ],
          [
            135.48979,
            34.8679,
            523.2
          ],
          [
            135.48947,
            34.86778,
            525.1
          ],
          [
            135.48911,
            34.8677,
            532.6
          ],
          [
            135.48866,
            34.86769,
            535.5
          ],
          [
            135.48824,
            34.86744,
            535.3
          ],
          [
            135.48785,
            34.86729,
            530.8
          ],
          [
            135.48756,
            34.86713,
            525.1
          ],
          [
            135.48723,
            34.86696,
            517.3
          ],
          [
            135.48684,
            34.86682,
            510.3
          ],
          [
            135.48647,
            34.86678,
            498.6
          ],
          [
            135.48626,
            34.8667,
            488.2
          ]
        ]
      }
    },
    {
      "type": "Feature",
      "properties": {
        "type": "route",
        "id": "route_勝尾寺園地_to_持国天の石蔵",
        "startPoint": "勝尾寺園地",
        "endPoint": "持国天の石蔵",
        "startPointGPS": [
          135.49704,
          34.86642,
          355.7
        ],
        "endPointGPS": [
          135.50017,
          34.86508,
          371.8
        ]
      },
      "geometry": {
        "type": "LineString",
        "coordinates": [
          [
            135.49752,
            34.8661,
            356.7
          ],
          [
            135.49772,
            34.86591,
            349
          ],
          [
            135.49799,
            34.86583,
            354.5
          ],
          [
            135.4983,
            34.86567,
            368.6
          ],
          [
            135.49851,
            34.86554,
            377.2
          ],
          [
            135.49871,
            34.86541,
            379.3
          ],
          [
            135.49889,
            34.86517,
            378.8
          ],
          [
            135.49903,
            34.86506,
            370.5
          ],
          [
            135.4991,
            34.86493,
            370.6
          ],
          [
            135.49962,
            34.86493,
            382.8
          ],
          [
            135.50007,
            34.86497,
            376.7
          ]
        ]
      }
    },
    {
      "type": "Feature",
      "properties": {
        "type": "route",
        "id": "route_J-03_to_J-04",
        "startPoint": "J-03",
        "endPoint": "J-04",
        "startPointGPS": [
          135.49686,
          34.8726,
          487.6
        ],
        "endPointGPS": [
          135.49457,
          34.87521,
          580.2
        ]
      },
      "geometry": {
        "type": "LineString",
        "coordinates": [
          [
            135.49673,
            34.87303,
            499.6
          ],
          [
            135.4965,
            34.87324,
            508.6
          ],
          [
            135.49635,
            34.8736,
            526.7
          ],
          [
            135.4963,
            34.87376,
            535.7
          ],
          [
            135.49621,
            34.87397,
            549.3
          ],
          [
            135.49588,
            34.87428,
            553.6
          ],
          [
            135.49574,
            34.87453,
            551.1
          ],
          [
            135.49557,
            34.87486,
            557
          ],
          [
            135.4953,
            34.87498,
            551.1
          ],
          [
            135.495,
            34.87498,
            559.7
          ],
          [
            135.49468,
            34.87501,
            569.4
          ]
        ]
      }
    },
    {
      "type": "Feature",
      "properties": {
        "type": "route",
        "id": "route_J-12_to_8号線分岐",
        "startPoint": "J-12",
        "endPoint": "8号線分岐",
        "startPointGPS": [
          135.49387,
          34.87405,
          592.7
        ],
        "endPointGPS": [
          135.49464,
          34.87018,
          514.6
        ]
      },
      "geometry": {
        "type": "LineString",
        "coordinates": [
          [
            135.49416,
            34.87404,
            589
          ],
          [
            135.49444,
            34.87387,
            582.4
          ],
          [
            135.49463,
            34.87359,
            565
          ],
          [
            135.49454,
            34.87329,
            539.5
          ],
          [
            135.49439,
            34.87298,
            538.5
          ],
          [
            135.49439,
            34.87263,
            538.9
          ],
          [
            135.49431,
            34.87234,
            534.3
          ],
          [
            135.49426,
            34.87211,
            525.2
          ],
          [
            135.49435,
            34.87182,
            511.3
          ],
          [
            135.49435,
            34.87153,
            521
          ],
          [
            135.49427,
            34.87126,
            523.8
          ],
          [
            135.49432,
            34.87085,
            504.6
          ],
          [
            135.49464,
            34.87066,
            501.6
          ],
          [
            135.49464,
            34.87037,
            517.5
          ]
        ]
      }
    },
    {
      "type": "Feature",
      "properties": {
        "type": "route",
        "id": "route_勝尾寺園地入口_to_勝尾寺園地",
        "startPoint": "勝尾寺園地入口",
        "endPoint": "勝尾寺園地",
        "startPointGPS": [
          135.49618,
          34.86477,
          343.7
        ],
        "endPointGPS": [
          135.49704,
          34.86642,
          355.7
        ]
      },
      "geometry": {
        "type": "LineString",
        "coordinates": [
          [
            135.49559,
            34.86505,
            349.3
          ],
          [
            135.49585,
            34.86598,
            347.2
          ]
        ]
      }
    },
    {
      "type": "Feature",
      "properties": {
        "type": "route",
        "id": "route_J-12_to_J-05",
        "startPoint": "J-12",
        "endPoint": "J-05",
        "startPointGPS": [
          135.49387,
          34.87405,
          592.7
        ],
        "endPointGPS": [
          135.49331,
          34.87202,
          564.7
        ]
      },
      "geometry": {
        "type": "LineString",
        "coordinates": [
          [
            135.49368,
            34.87375,
            595.1
          ],
          [
            135.49358,
            34.87359,
            593.6
          ],
          [
            135.49348,
            34.87332,
            598
          ],
          [
            135.49358,
            34.87319,
            595.9
          ],
          [
            135.49363,
            34.87286,
            587.4
          ],
          [
            135.49353,
            34.87263,
            580.1
          ],
          [
            135.49334,
            34.87246,
            570.8
          ]
        ]
      }
    },
    {
      "type": "Feature",
      "properties": {
        "type": "route",
        "id": "route_バス停八天の森_to_至　泉原",
        "startPoint": "バス停八天の森",
        "endPoint": "至　泉原",
        "startPointGPS": [
          135.49514,
          34.87747,
          579.1
        ],
        "endPointGPS": [
          135.50664,
          34.87598,
          399.7
        ]
      },
      "geometry": {
        "type": "LineString",
        "coordinates": [
          [
            135.49539,
            34.87791,
            575.5
          ],
          [
            135.49563,
            34.87821,
            574.3
          ],
          [
            135.49539,
            34.87867,
            568.6
          ],
          [
            135.49577,
            34.87892,
            550.1
          ],
          [
            135.49629,
            34.87877,
            541.4
          ],
          [
            135.4966,
            34.87813,
            512.3
          ],
          [
            135.49701,
            34.87773,
            493.7
          ],
          [
            135.49755,
            34.87744,
            481.4
          ],
          [
            135.49797,
            34.87758,
            476.9
          ],
          [
            135.49832,
            34.8777,
            470.5
          ],
          [
            135.49858,
            34.87784,
            462.7
          ],
          [
            135.49917,
            34.87774,
            454.4
          ],
          [
            135.49941,
            34.87733,
            442.6
          ],
          [
            135.49954,
            34.87673,
            429.9
          ],
          [
            135.49955,
            34.87629,
            419.9
          ],
          [
            135.49976,
            34.87586,
            408.6
          ],
          [
            135.50013,
            34.87566,
            406
          ],
          [
            135.5005,
            34.87544,
            406.9
          ],
          [
            135.50085,
            34.87519,
            407.1
          ],
          [
            135.50127,
            34.87476,
            406.1
          ],
          [
            135.50167,
            34.87451,
            408.4
          ],
          [
            135.50203,
            34.87459,
            413.6
          ],
          [
            135.50252,
            34.87455,
            409.6
          ],
          [
            135.50291,
            34.87473,
            406.4
          ],
          [
            135.50313,
            34.87507,
            410
          ],
          [
            135.50334,
            34.87557,
            407.7
          ],
          [
            135.50375,
            34.87591,
            412.1
          ],
          [
            135.50372,
            34.8763,
            410.2
          ],
          [
            135.50394,
            34.87661,
            408.1
          ],
          [
            135.50402,
            34.87686,
            407.7
          ],
          [
            135.50438,
            34.87653,
            408
          ],
          [
            135.50475,
            34.87622,
            408
          ],
          [
            135.50497,
            34.87593,
            403.1
          ],
          [
            135.50526,
            34.87576,
            400.9
          ],
          [
            135.50544,
            34.87553,
            402.5
          ],
          [
            135.50584,
            34.87572,
            399.1
          ],
          [
            135.5062,
            34.87572,
            398.8
          ]
        ]
      }
    },
    {
      "type": "Feature",
      "properties": {
        "type": "route",
        "id": "route_J-04_to_バス停八天の森",
        "startPoint": "J-04",
        "endPoint": "バス停八天の森",
        "startPointGPS": [
          135.49457,
          34.87521,
          580.2
        ],
        "endPointGPS": [
          135.49514,
          34.87747,
          579.1
        ]
      },
      "geometry": {
        "type": "LineString",
        "coordinates": [
          [
            135.49471,
            34.87554,
            572
          ],
          [
            135.49489,
            34.8759,
            569.3
          ],
          [
            135.4952,
            34.87627,
            571.7
          ],
          [
            135.49524,
            34.87667,
            568
          ],
          [
            135.49557,
            34.87696,
            577.4
          ]
        ]
      }
    },
    {
      "type": "Feature",
      "properties": {
        "type": "route",
        "id": "route_持国天の石蔵_to_P",
        "startPoint": "持国天の石蔵",
        "endPoint": "P",
        "startPointGPS": [
          135.50017,
          34.86508,
          371.8
        ],
        "endPointGPS": [
          135.49575,
          34.86561,
          348.6
        ]
      },
      "geometry": {
        "type": "LineString",
        "coordinates": [
          [
            135.49996,
            34.86493,
            378.3
          ],
          [
            135.49939,
            34.86478,
            383.6
          ],
          [
            135.49903,
            34.86482,
            374.1
          ],
          [
            135.49881,
            34.86478,
            379
          ],
          [
            135.49847,
            34.86473,
            387.3
          ],
          [
            135.49824,
            34.86482,
            392.6
          ],
          [
            135.49804,
            34.86498,
            396.1
          ],
          [
            135.4978,
            34.86498,
            394.3
          ],
          [
            135.49752,
            34.86496,
            393.4
          ],
          [
            135.49714,
            34.86497,
            386.3
          ],
          [
            135.49668,
            34.86516,
            376.5
          ],
          [
            135.49637,
            34.8652,
            370.1
          ],
          [
            135.49613,
            34.86528,
            364.3
          ],
          [
            135.49585,
            34.8654,
            359.2
          ]
        ]
      }
    },
    {
      "type": "Feature",
      "properties": {
        "type": "route",
        "id": "route_J-05_to_F-11",
        "startPoint": "J-05",
        "endPoint": "F-11",
        "startPointGPS": [
          135.49331,
          34.87202,
          564.7
        ],
        "endPointGPS": [
          135.49179,
          34.86884,
          471.1
        ]
      },
      "geometry": {
        "type": "LineString",
        "coordinates": [
          [
            135.49303,
            34.87191,
            552.3
          ],
          [
            135.49267,
            34.87165,
            542.6
          ],
          [
            135.49268,
            34.87129,
            528.1
          ],
          [
            135.49268,
            34.87104,
            521.9
          ],
          [
            135.49268,
            34.87065,
            512.7
          ],
          [
            135.49268,
            34.87024,
            503.3
          ],
          [
            135.49268,
            34.86995,
            490.1
          ],
          [
            135.4926,
            34.86959,
            483.9
          ],
          [
            135.49239,
            34.86928,
            480.5
          ],
          [
            135.49214,
            34.86904,
            479.4
          ]
        ]
      }
    },
    {
      "type": "Feature",
      "properties": {
        "type": "route",
        "id": "route_J-02_to_J-03",
        "startPoint": "J-02",
        "endPoint": "J-03",
        "startPointGPS": [
          135.49815,
          34.86945,
          355.3
        ],
        "endPointGPS": [
          135.49686,
          34.8726,
          487.6
        ]
      },
      "geometry": {
        "type": "LineString",
        "coordinates": [
          [
            135.49799,
            34.86972,
            362.3
          ],
          [
            135.49789,
            34.86996,
            370.7
          ],
          [
            135.49766,
            34.87023,
            382.2
          ],
          [
            135.49751,
            34.87047,
            392.4
          ],
          [
            135.49735,
            34.87067,
            402.6
          ],
          [
            135.4972,
            34.87101,
            418.7
          ],
          [
            135.49712,
            34.87123,
            431.7
          ],
          [
            135.49688,
            34.87164,
            451.8
          ],
          [
            135.49678,
            34.87188,
            463.8
          ],
          [
            135.49678,
            34.87223,
            472.2
          ]
        ]
      }
    },
    {
      "type": "Feature",
      "properties": {
        "type": "route",
        "id": "route_J-04_to_多聞天の石蔵",
        "startPoint": "J-04",
        "endPoint": "多聞天の石蔵",
        "startPointGPS": [
          135.49457,
          34.87521,
          580.2
        ],
        "endPointGPS": [
          135.49514,
          34.87829,
          584.5
        ]
      },
      "geometry": {
        "type": "LineString",
        "coordinates": [
          [
            135.49471,
            34.87581,
            575.4
          ],
          [
            135.495,
            34.87611,
            572.2
          ],
          [
            135.4952,
            34.87654,
            567
          ],
          [
            135.49539,
            34.87679,
            572.1
          ],
          [
            135.49539,
            34.87726,
            577.3
          ],
          [
            135.4951,
            34.87769,
            579.2
          ],
          [
            135.49534,
            34.87813,
            576.4
          ],
          [
            135.49539,
            34.87843,
            572.9
          ]
        ]
      }
    },
    {
      "type": "Feature",
      "properties": {
        "type": "route",
        "id": "route_J-13_to_J-06",
        "startPoint": "J-13",
        "endPoint": "J-06",
        "startPointGPS": [
          135.49335,
          34.87167,
          561.2
        ],
        "endPointGPS": [
          135.49368,
          34.87061,
          546.8
        ]
      },
      "geometry": {
        "type": "LineString",
        "coordinates": [
          [
            135.49349,
            34.87136,
            556.4
          ],
          [
            135.49354,
            34.871,
            552.4
          ]
        ]
      }
    },
    {
      "type": "Feature",
      "properties": {
        "type": "route",
        "id": "route_J-04_to_J-12",
        "startPoint": "J-04",
        "endPoint": "J-12",
        "startPointGPS": [
          135.49457,
          34.87521,
          580.2
        ],
        "endPointGPS": [
          135.49387,
          34.87405,
          592.7
        ]
      },
      "geometry": {
        "type": "LineString",
        "coordinates": [
          [
            135.49431,
            34.87504,
            574.5
          ],
          [
            135.49401,
            34.87482,
            578.6
          ],
          [
            135.49392,
            34.87466,
            579.9
          ],
          [
            135.49385,
            34.87447,
            581.7
          ]
        ]
      }
    },
    {
      "type": "Feature",
      "properties": {
        "type": "route",
        "id": "route_J-11_to_J-02",
        "startPoint": "J-11",
        "endPoint": "J-02",
        "startPointGPS": [
          135.4977,
          34.86787,
          343.7
        ],
        "endPointGPS": [
          135.49815,
          34.86945,
          355.3
        ]
      },
      "geometry": {
        "type": "LineString",
        "coordinates": [
          [
            135.49799,
            34.86755,
            349.7
          ],
          [
            135.49814,
            34.86743,
            345.4
          ],
          [
            135.4984,
            34.86751,
            339.5
          ],
          [
            135.49846,
            34.86773,
            338
          ],
          [
            135.49846,
            34.86803,
            339.1
          ],
          [
            135.49856,
            34.86823,
            334
          ],
          [
            135.49851,
            34.86841,
            335.6
          ],
          [
            135.49839,
            34.86866,
            338.4
          ],
          [
            135.49834,
            34.86892,
            344
          ],
          [
            135.49818,
            34.86922,
            347.8
          ]
        ]
      }
    },
    {
      "type": "Feature",
      "properties": {
        "type": "route",
        "id": "route_E-06_to_E-22",
        "startPoint": "E-06",
        "endPoint": "E-22",
        "startPointGPS": [
          135.46145,
          34.86379,
          485.8
        ],
        "endPointGPS": [
          135.46031,
          34.86315,
          459.4
        ]
      },
      "geometry": {
        "type": "LineString",
        "coordinates": [
          [
            135.46122,
            34.86369,
            481.6
          ],
          [
            135.46092,
            34.86345,
            472.5
          ],
          [
            135.46073,
            34.86339,
            469.1
          ],
          [
            135.46048,
            34.86325,
            463.5
          ]
        ]
      }
    },
    {
      "type": "Feature",
      "properties": {
        "type": "route",
        "id": "route_E-02_to_E-17",
        "startPoint": "E-02",
        "endPoint": "E-17",
        "startPointGPS": [
          135.46263,
          34.85224,
          400.8
        ],
        "endPointGPS": [
          135.46189,
          34.85123,
          390.4
        ]
      },
      "geometry": {
        "type": "LineString",
        "coordinates": [
          [
            135.46251,
            34.85209,
            395.4
          ],
          [
            135.46238,
            34.85199,
            394.6
          ],
          [
            135.46233,
            34.85181,
            390.8
          ],
          [
            135.46219,
            34.85167,
            391.9
          ],
          [
            135.46212,
            34.85147,
            391.9
          ],
          [
            135.46202,
            34.85141,
            392.7
          ]
        ]
      }
    },
    {
      "type": "Feature",
      "properties": {
        "type": "route",
        "id": "route_E-21_to_E-04",
        "startPoint": "E-21",
        "endPoint": "E-04",
        "startPointGPS": [
          135.45864,
          34.85783,
          449.2
        ],
        "endPointGPS": [
          135.45957,
          34.85735,
          467.2
        ]
      },
      "geometry": {
        "type": "LineString",
        "coordinates": [
          [
            135.45891,
            34.85762,
            455.8
          ],
          [
            135.4593,
            34.85744,
            466.9
          ]
        ]
      }
    },
    {
      "type": "Feature",
      "properties": {
        "type": "route",
        "id": "route_E-15_to_E-13",
        "startPoint": "E-15",
        "endPoint": "E-13",
        "startPointGPS": [
          135.45965,
          34.84907,
          372.9
        ],
        "endPointGPS": [
          135.46233,
          34.84855,
          332.6
        ]
      },
      "geometry": {
        "type": "LineString",
        "coordinates": [
          [
            135.45974,
            34.84903,
            371.2
          ],
          [
            135.46011,
            34.84906,
            370.1
          ],
          [
            135.46031,
            34.8489,
            365.4
          ],
          [
            135.4607,
            34.84877,
            365.7
          ],
          [
            135.46099,
            34.84877,
            365.2
          ],
          [
            135.46123,
            34.84868,
            355.6
          ],
          [
            135.46163,
            34.84868,
            346.7
          ],
          [
            135.46197,
            34.84857,
            339.1
          ]
        ]
      }
    },
    {
      "type": "Feature",
      "properties": {
        "type": "route",
        "id": "route_E-07_to_天上が岳",
        "startPoint": "E-07",
        "endPoint": "天上が岳",
        "startPointGPS": [
          135.46816,
          34.86421,
          511.5
        ],
        "endPointGPS": [
          135.46837,
          34.86316,
          494.1
        ]
      },
      "geometry": {
        "type": "LineString",
        "coordinates": [
          [
            135.46822,
            34.86396,
            503.5
          ],
          [
            135.46827,
            34.86366,
            493.1
          ],
          [
            135.46822,
            34.86324,
            497.8
          ]
        ]
      }
    },
    {
      "type": "Feature",
      "properties": {
        "type": "route",
        "id": "route_E-20_to_E-05",
        "startPoint": "E-20",
        "endPoint": "E-05",
        "startPointGPS": [
          135.46528,
          34.85439,
          445.7
        ],
        "endPointGPS": [
          135.46847,
          34.85325,
          389.7
        ]
      },
      "geometry": {
        "type": "LineString",
        "coordinates": [
          [
            135.46552,
            34.85452,
            438.3
          ],
          [
            135.46579,
            34.8548,
            428.2
          ],
          [
            135.46581,
            34.85512,
            431.8
          ],
          [
            135.46586,
            34.85536,
            427.8
          ],
          [
            135.46609,
            34.85556,
            419.6
          ],
          [
            135.46655,
            34.85555,
            409.8
          ],
          [
            135.46697,
            34.85556,
            402.3
          ],
          [
            135.46728,
            34.85544,
            407.3
          ],
          [
            135.46726,
            34.85511,
            398.5
          ],
          [
            135.46737,
            34.85479,
            396.5
          ],
          [
            135.46757,
            34.85459,
            393.3
          ],
          [
            135.46775,
            34.85439,
            393.7
          ],
          [
            135.46799,
            34.85433,
            389.9
          ],
          [
            135.46806,
            34.85407,
            391.4
          ],
          [
            135.46827,
            34.85386,
            389.8
          ],
          [
            135.46845,
            34.85364,
            393.3
          ],
          [
            135.46861,
            34.85343,
            392
          ]
        ]
      }
    },
    {
      "type": "Feature",
      "properties": {
        "type": "route",
        "id": "route_E-21_to_E-22",
        "startPoint": "E-21",
        "endPoint": "E-22",
        "startPointGPS": [
          135.45864,
          34.85783,
          449.2
        ],
        "endPointGPS": [
          135.46031,
          34.86315,
          459.4
        ]
      },
      "geometry": {
        "type": "LineString",
        "coordinates": [
          [
            135.45881,
            34.85823,
            452.3
          ],
          [
            135.45905,
            34.85852,
            455.9
          ],
          [
            135.45904,
            34.85903,
            460
          ],
          [
            135.4593,
            34.85947,
            462.2
          ],
          [
            135.45937,
            34.85991,
            467
          ],
          [
            135.45945,
            34.86025,
            471.1
          ],
          [
            135.45925,
            34.86068,
            475
          ],
          [
            135.45916,
            34.86096,
            468.5
          ],
          [
            135.4593,
            34.86133,
            465.8
          ],
          [
            135.45979,
            34.86153,
            464.4
          ],
          [
            135.45999,
            34.86182,
            464.7
          ],
          [
            135.46009,
            34.86221,
            458.7
          ],
          [
            135.46014,
            34.86261,
            457.1
          ],
          [
            135.46024,
            34.86291,
            457.5
          ]
        ]
      }
    },
    {
      "type": "Feature",
      "properties": {
        "type": "route",
        "id": "route_E-20_to_E-18",
        "startPoint": "E-20",
        "endPoint": "E-18",
        "startPointGPS": [
          135.46528,
          34.85439,
          445.7
        ],
        "endPointGPS": [
          135.46868,
          34.84913,
          274.9
        ]
      },
      "geometry": {
        "type": "LineString",
        "coordinates": [
          [
            135.46547,
            34.85426,
            437.6
          ],
          [
            135.46579,
            34.85408,
            421.9
          ],
          [
            135.46605,
            34.85387,
            411.5
          ],
          [
            135.4663,
            34.85373,
            405
          ],
          [
            135.46652,
            34.85344,
            389.3
          ],
          [
            135.46664,
            34.85324,
            388.4
          ],
          [
            135.46674,
            34.85297,
            383.9
          ],
          [
            135.46678,
            34.85276,
            378.7
          ],
          [
            135.46696,
            34.85248,
            377.4
          ],
          [
            135.46708,
            34.85216,
            373.6
          ],
          [
            135.46725,
            34.85185,
            361.9
          ],
          [
            135.46756,
            34.85168,
            348.7
          ],
          [
            135.46761,
            34.85135,
            346
          ],
          [
            135.46766,
            34.85099,
            332.2
          ],
          [
            135.46779,
            34.85075,
            323.8
          ],
          [
            135.46795,
            34.85046,
            312.4
          ],
          [
            135.46805,
            34.8502,
            307.8
          ],
          [
            135.46805,
            34.84998,
            307.5
          ],
          [
            135.46805,
            34.84998,
            307.5
          ],
          [
            135.46831,
            34.84978,
            298.3
          ],
          [
            135.4685,
            34.84959,
            293
          ],
          [
            135.46868,
            34.84938,
            289
          ]
        ]
      }
    },
    {
      "type": "Feature",
      "properties": {
        "type": "route",
        "id": "route_E-17_to_E-15",
        "startPoint": "E-17",
        "endPoint": "E-15",
        "startPointGPS": [
          135.46189,
          34.85123,
          390.4
        ],
        "endPointGPS": [
          135.45965,
          34.84907,
          372.9
        ]
      },
      "geometry": {
        "type": "LineString",
        "coordinates": [
          [
            135.46168,
            34.85109,
            386.4
          ],
          [
            135.46155,
            34.85087,
            383.1
          ],
          [
            135.46143,
            34.85063,
            381.2
          ],
          [
            135.46134,
            34.85049,
            380.7
          ],
          [
            135.46119,
            34.85037,
            380.5
          ],
          [
            135.46106,
            34.85018,
            381
          ],
          [
            135.46099,
            34.85001,
            382.3
          ],
          [
            135.46085,
            34.84973,
            381.4
          ],
          [
            135.46065,
            34.84949,
            379.7
          ],
          [
            135.46031,
            34.84941,
            378.8
          ],
          [
            135.46003,
            34.84941,
            378.4
          ],
          [
            135.45969,
            34.84919,
            373.2
          ]
        ]
      }
    },
    {
      "type": "Feature",
      "properties": {
        "type": "route",
        "id": "route_E-07_to_E-08",
        "startPoint": "E-07",
        "endPoint": "E-08",
        "startPointGPS": [
          135.46816,
          34.86421,
          511.5
        ],
        "endPointGPS": [
          135.47347,
          34.85993,
          393
        ]
      },
      "geometry": {
        "type": "LineString",
        "coordinates": [
          [
            135.46858,
            34.86431,
            503.5
          ],
          [
            135.46896,
            34.86422,
            492.8
          ],
          [
            135.46937,
            34.86426,
            483.4
          ],
          [
            135.46971,
            34.86426,
            482.2
          ],
          [
            135.47008,
            34.86407,
            484.2
          ],
          [
            135.47015,
            34.86386,
            481.1
          ],
          [
            135.47015,
            34.86355,
            483.6
          ],
          [
            135.47042,
            34.86327,
            482.3
          ],
          [
            135.47062,
            34.86317,
            479
          ],
          [
            135.47091,
            34.86302,
            472.5
          ],
          [
            135.47091,
            34.8627,
            465.5
          ],
          [
            135.47086,
            34.86245,
            471.1
          ],
          [
            135.47101,
            34.86221,
            463.4
          ],
          [
            135.4712,
            34.86194,
            446.2
          ],
          [
            135.4714,
            34.86174,
            442
          ],
          [
            135.47169,
            34.86178,
            425.6
          ],
          [
            135.4719,
            34.86188,
            423
          ],
          [
            135.47225,
            34.86177,
            417.2
          ],
          [
            135.47242,
            34.86153,
            416.9
          ],
          [
            135.47262,
            34.86122,
            415.9
          ],
          [
            135.47273,
            34.86098,
            421.8
          ],
          [
            135.47303,
            34.86079,
            417.1
          ],
          [
            135.47321,
            34.86066,
            400.5
          ],
          [
            135.47311,
            34.86058,
            395.1
          ],
          [
            135.47325,
            34.86034,
            381.2
          ]
        ]
      }
    },
    {
      "type": "Feature",
      "properties": {
        "type": "route",
        "id": "route_E-03_to_E-02",
        "startPoint": "E-03",
        "endPoint": "E-02",
        "startPointGPS": [
          135.46385,
          34.85386,
          409
        ],
        "endPointGPS": [
          135.46263,
          34.85224,
          400.8
        ]
      },
      "geometry": {
        "type": "LineString",
        "coordinates": [
          [
            135.46371,
            34.85379,
            407.1
          ],
          [
            135.46341,
            34.85374,
            405
          ],
          [
            135.46317,
            34.85359,
            403.7
          ],
          [
            135.46297,
            34.85334,
            401.4
          ],
          [
            135.46291,
            34.85315,
            399.2
          ],
          [
            135.46292,
            34.85291,
            400.1
          ],
          [
            135.46292,
            34.85269,
            398.6
          ],
          [
            135.46292,
            34.85251,
            396.8
          ],
          [
            135.46281,
            34.85235,
            399
          ]
        ]
      }
    },
    {
      "type": "Feature",
      "properties": {
        "type": "route",
        "id": "route_E-05_to_E-11",
        "startPoint": "E-05",
        "endPoint": "E-11",
        "startPointGPS": [
          135.46847,
          34.85325,
          389.7
        ],
        "endPointGPS": [
          135.4694,
          34.85036,
          332.4
        ]
      },
      "geometry": {
        "type": "LineString",
        "coordinates": [
          [
            135.46851,
            34.85299,
            381.6
          ],
          [
            135.46845,
            34.85275,
            373.4
          ],
          [
            135.46845,
            34.85252,
            366.4
          ],
          [
            135.46851,
            34.85235,
            363.4
          ],
          [
            135.46861,
            34.85219,
            359.9
          ],
          [
            135.46884,
            34.85199,
            351.9
          ],
          [
            135.46893,
            34.85183,
            345.4
          ],
          [
            135.46893,
            34.85159,
            342.1
          ],
          [
            135.46895,
            34.85138,
            338.6
          ],
          [
            135.46905,
            34.85106,
            344.3
          ],
          [
            135.46913,
            34.85084,
            344.4
          ],
          [
            135.46927,
            34.85062,
            338
          ],
          [
            135.46934,
            34.85046,
            333.9
          ]
        ]
      }
    },
    {
      "type": "Feature",
      "properties": {
        "type": "route",
        "id": "route_E-02_to_E-18",
        "startPoint": "E-02",
        "endPoint": "E-18",
        "startPointGPS": [
          135.46263,
          34.85224,
          400.8
        ],
        "endPointGPS": [
          135.46868,
          34.84913,
          274.9
        ]
      },
      "geometry": {
        "type": "LineString",
        "coordinates": [
          [
            135.46276,
            34.85209,
            396.1
          ],
          [
            135.46292,
            34.85193,
            392.4
          ],
          [
            135.46307,
            34.8517,
            389.1
          ],
          [
            135.46316,
            34.85146,
            389.1
          ],
          [
            135.46341,
            34.85141,
            385.5
          ],
          [
            135.46359,
            34.85122,
            381
          ],
          [
            135.46365,
            34.85104,
            377
          ],
          [
            135.46375,
            34.85086,
            376.2
          ],
          [
            135.46394,
            34.85076,
            373.5
          ],
          [
            135.46407,
            34.85048,
            372
          ],
          [
            135.46407,
            34.85025,
            369.6
          ],
          [
            135.46424,
            34.85013,
            367.6
          ],
          [
            135.46443,
            34.85004,
            365.9
          ],
          [
            135.46466,
            34.84993,
            362.8
          ],
          [
            135.46477,
            34.84975,
            362
          ],
          [
            135.46482,
            34.84961,
            359.6
          ],
          [
            135.465,
            34.84947,
            355.8
          ],
          [
            135.46534,
            34.84952,
            356.4
          ],
          [
            135.46564,
            34.84943,
            356.7
          ],
          [
            135.46585,
            34.8492,
            354.1
          ],
          [
            135.4659,
            34.84911,
            354.2
          ],
          [
            135.46624,
            34.84908,
            352.1
          ],
          [
            135.46673,
            34.84888,
            344.4
          ],
          [
            135.467,
            34.84884,
            341.7
          ],
          [
            135.46707,
            34.84866,
            340.2
          ],
          [
            135.4672,
            34.84847,
            335.6
          ],
          [
            135.46726,
            34.84831,
            334.6
          ],
          [
            135.46751,
            34.84826,
            335.7
          ],
          [
            135.46779,
            34.8483,
            329.2
          ],
          [
            135.46795,
            34.84839,
            322.1
          ],
          [
            135.4681,
            34.84847,
            316
          ],
          [
            135.46819,
            34.84866,
            305.9
          ],
          [
            135.46831,
            34.84883,
            298.5
          ],
          [
            135.46831,
            34.84899,
            294.8
          ],
          [
            135.46839,
            34.84915,
            283.7
          ]
        ]
      }
    },
    {
      "type": "Feature",
      "properties": {
        "type": "route",
        "id": "route_E-04_to_E-19",
        "startPoint": "E-04",
        "endPoint": "E-19",
        "startPointGPS": [
          135.45957,
          34.85735,
          467.2
        ],
        "endPointGPS": [
          135.46481,
          34.85445,
          454.2
        ]
      },
      "geometry": {
        "type": "LineString",
        "coordinates": [
          [
            135.45988,
            34.85751,
            463.8
          ],
          [
            135.46029,
            34.85751,
            459.4
          ],
          [
            135.46057,
            34.85762,
            459.2
          ],
          [
            135.46078,
            34.8577,
            460.6
          ],
          [
            135.46117,
            34.8577,
            462.3
          ],
          [
            135.46135,
            34.85755,
            463.5
          ],
          [
            135.46164,
            34.85743,
            462.8
          ],
          [
            135.46203,
            34.85733,
            457.3
          ],
          [
            135.46247,
            34.85729,
            429.4
          ],
          [
            135.46282,
            34.85718,
            428.2
          ],
          [
            135.46308,
            34.8571,
            425
          ],
          [
            135.46335,
            34.85704,
            423.3
          ],
          [
            135.4636,
            34.85682,
            424.5
          ],
          [
            135.46381,
            34.85672,
            429.2
          ],
          [
            135.46409,
            34.85657,
            438
          ],
          [
            135.46438,
            34.8564,
            440.9
          ],
          [
            135.4643,
            34.85613,
            441.3
          ],
          [
            135.46425,
            34.85581,
            443.1
          ],
          [
            135.46439,
            34.85551,
            446.4
          ],
          [
            135.46454,
            34.85523,
            444.1
          ],
          [
            135.46462,
            34.85491,
            450.3
          ],
          [
            135.46462,
            34.85487,
            450.8
          ],
          [
            135.46478,
            34.85471,
            451.2
          ]
        ]
      }
    },
    {
      "type": "Feature",
      "properties": {
        "type": "route",
        "id": "route_E-11_to_石子詰",
        "startPoint": "E-11",
        "endPoint": "石子詰",
        "startPointGPS": [
          135.4694,
          34.85036,
          332.4
        ],
        "endPointGPS": [
          135.47323,
          34.84949,
          172.8
        ]
      },
      "geometry": {
        "type": "LineString",
        "coordinates": [
          [
            135.46961,
            34.85019,
            327.5
          ],
          [
            135.46961,
            34.84998,
            337.4
          ],
          [
            135.46983,
            34.84987,
            336.6
          ],
          [
            135.46996,
            34.84977,
            332.4
          ],
          [
            135.47012,
            34.84969,
            331.9
          ],
          [
            135.4703,
            34.8495,
            330.7
          ],
          [
            135.4703,
            34.84941,
            331.7
          ],
          [
            135.47039,
            34.84933,
            329.9
          ],
          [
            135.47061,
            34.84941,
            312.7
          ],
          [
            135.47088,
            34.8495,
            299.1
          ],
          [
            135.47108,
            34.84958,
            292.4
          ],
          [
            135.47128,
            34.84958,
            287
          ],
          [
            135.47154,
            34.84958,
            277.4
          ],
          [
            135.47172,
            34.84973,
            268.3
          ],
          [
            135.47193,
            34.84977,
            257.7
          ],
          [
            135.47216,
            34.84986,
            245
          ],
          [
            135.47227,
            34.84997,
            238.9
          ],
          [
            135.4724,
            34.8501,
            228.5
          ],
          [
            135.47261,
            34.85014,
            217.4
          ],
          [
            135.47274,
            34.84996,
            214.1
          ],
          [
            135.47284,
            34.84976,
            211.9
          ],
          [
            135.47271,
            34.84958,
            212.6
          ],
          [
            135.47284,
            34.84945,
            201.2
          ],
          [
            135.47295,
            34.84949,
            197.9
          ]
        ]
      }
    },
    {
      "type": "Feature",
      "properties": {
        "type": "route",
        "id": "route_E-17_to_E-13",
        "startPoint": "E-17",
        "endPoint": "E-13",
        "startPointGPS": [
          135.46189,
          34.85123,
          390.4
        ],
        "endPointGPS": [
          135.46233,
          34.84855,
          332.6
        ]
      },
      "geometry": {
        "type": "LineString",
        "coordinates": [
          [
            135.46202,
            34.85105,
            385.6
          ],
          [
            135.46218,
            34.85078,
            383.7
          ],
          [
            135.46218,
            34.85058,
            382.4
          ],
          [
            135.46218,
            34.85033,
            377.5
          ],
          [
            135.46223,
            34.85013,
            374.6
          ],
          [
            135.46233,
            34.8499,
            372.1
          ],
          [
            135.46238,
            34.84972,
            370.3
          ],
          [
            135.46262,
            34.84962,
            363.8
          ],
          [
            135.4629,
            34.84944,
            364.9
          ],
          [
            135.46262,
            34.84925,
            360.5
          ],
          [
            135.46238,
            34.84909,
            345.4
          ],
          [
            135.46233,
            34.84884,
            340
          ]
        ]
      }
    },
    {
      "type": "Feature",
      "properties": {
        "type": "route",
        "id": "route_E-03_to_E-19",
        "startPoint": "E-03",
        "endPoint": "E-19",
        "startPointGPS": [
          135.46385,
          34.85386,
          409
        ],
        "endPointGPS": [
          135.46481,
          34.85445,
          454.2
        ]
      },
      "geometry": {
        "type": "LineString",
        "coordinates": [
          [
            135.46413,
            34.85396,
            413.1
          ],
          [
            135.46439,
            34.85408,
            427.2
          ],
          [
            135.46473,
            34.85416,
            445.9
          ]
        ]
      }
    },
    {
      "type": "Feature",
      "properties": {
        "type": "route",
        "id": "route_B-07_to_F-14",
        "startPoint": "B-07",
        "endPoint": "F-14",
        "startPointGPS": [
          135.4788,
          34.85839,
          288.6
        ],
        "endPointGPS": [
          135.4806,
          34.86057,
          375.6
        ]
      },
      "geometry": {
        "type": "LineString",
        "coordinates": [
          [
            135.47974,
            34.85844,
            325.8
          ],
          [
            135.47989,
            34.85854,
            332.9
          ],
          [
            135.47989,
            34.85868,
            330.4
          ],
          [
            135.48005,
            34.85899,
            340.3
          ],
          [
            135.4801,
            34.85913,
            331.1
          ],
          [
            135.48015,
            34.85932,
            348
          ],
          [
            135.48015,
            34.85948,
            356
          ],
          [
            135.48022,
            34.85971,
            364.7
          ],
          [
            135.48022,
            34.85987,
            368.6
          ],
          [
            135.48021,
            34.86005,
            368.9
          ],
          [
            135.48036,
            34.86011,
            370.1
          ],
          [
            135.48046,
            34.86027,
            373.2
          ],
          [
            135.48046,
            34.86038,
            375
          ]
        ]
      }
    },
    {
      "type": "Feature",
      "properties": {
        "type": "route",
        "id": "route_B-36_to_G-16",
        "startPoint": "B-36",
        "endPoint": "G-16",
        "startPointGPS": [
          135.48185,
          34.85178,
          344.7
        ],
        "endPointGPS": [
          135.4837,
          34.85003,
          300.1
        ]
      },
      "geometry": {
        "type": "LineString",
        "coordinates": [
          [
            135.48216,
            34.85164,
            337.3
          ],
          [
            135.48249,
            34.85155,
            335.7
          ],
          [
            135.48259,
            34.85142,
            330.9
          ],
          [
            135.48273,
            34.85123,
            323.2
          ],
          [
            135.48295,
            34.85108,
            312.3
          ],
          [
            135.483,
            34.85088,
            313.3
          ],
          [
            135.48306,
            34.85074,
            314
          ],
          [
            135.48321,
            34.85062,
            309.6
          ],
          [
            135.4834,
            34.85039,
            306.5
          ],
          [
            135.48353,
            34.85017,
            302.9
          ]
        ]
      }
    },
    {
      "type": "Feature",
      "properties": {
        "type": "route",
        "id": "route_C-20_to_C-04",
        "startPoint": "C-20",
        "endPoint": "C-04",
        "startPointGPS": [
          135.48653,
          34.86087,
          314.9
        ],
        "endPointGPS": [
          135.48617,
          34.85992,
          311.6
        ]
      },
      "geometry": {
        "type": "LineString",
        "coordinates": [
          [
            135.48639,
            34.86064,
            316.2
          ],
          [
            135.48634,
            34.86038,
            314.1
          ],
          [
            135.48623,
            34.86018,
            313.3
          ],
          [
            135.48623,
            34.86009,
            313.2
          ]
        ]
      }
    },
    {
      "type": "Feature",
      "properties": {
        "type": "route",
        "id": "route_唐人戻岩_to_箕面大滝",
        "startPoint": "唐人戻岩",
        "endPoint": "箕面大滝",
        "startPointGPS": [
          135.47304,
          34.85058,
          167.9
        ],
        "endPointGPS": [
          135.47199,
          34.85355,
          186.7
        ]
      },
      "geometry": {
        "type": "LineString",
        "coordinates": [
          [
            135.47278,
            34.85089,
            165.6
          ],
          [
            135.4724,
            34.85101,
            167.7
          ],
          [
            135.47188,
            34.85121,
            168.3
          ],
          [
            135.47175,
            34.85139,
            171.5
          ],
          [
            135.47167,
            34.8516,
            170
          ],
          [
            135.47162,
            34.8519,
            172.5
          ],
          [
            135.47157,
            34.8523,
            172.5
          ],
          [
            135.47167,
            34.85267,
            180.1
          ],
          [
            135.47199,
            34.85326,
            184.7
          ]
        ]
      }
    },
    {
      "type": "Feature",
      "properties": {
        "type": "route",
        "id": "route_南杉の茶屋口_to_杉の茶屋",
        "startPoint": "南杉の茶屋口",
        "endPoint": "杉の茶屋",
        "startPointGPS": [
          135.47162,
          34.85255,
          176.6
        ],
        "endPointGPS": [
          135.47287,
          34.85415,
          224.4
        ]
      },
      "geometry": {
        "type": "LineString",
        "coordinates": [
          [
            135.47175,
            34.85238,
            180.4
          ],
          [
            135.47183,
            34.8522,
            183.5
          ],
          [
            135.47183,
            34.85206,
            185.4
          ],
          [
            135.47214,
            34.85191,
            206.9
          ],
          [
            135.47231,
            34.85222,
            211.3
          ],
          [
            135.4723,
            34.85234,
            212.3
          ],
          [
            135.47209,
            34.85234,
            199.9
          ],
          [
            135.47198,
            34.85267,
            196.5
          ],
          [
            135.47226,
            34.85259,
            215.4
          ],
          [
            135.4723,
            34.85294,
            220.6
          ],
          [
            135.47256,
            34.85322,
            227.9
          ],
          [
            135.47256,
            34.85338,
            225.7
          ],
          [
            135.47256,
            34.85361,
            222.6
          ],
          [
            135.47265,
            34.8538,
            243.9
          ],
          [
            135.47282,
            34.85393,
            233.9
          ],
          [
            135.47304,
            34.85411,
            233
          ]
        ]
      }
    },
    {
      "type": "Feature",
      "properties": {
        "type": "route",
        "id": "route_ライオン岩_to_姫岩",
        "startPoint": "ライオン岩",
        "endPoint": "姫岩",
        "startPointGPS": [
          135.47425,
          34.84622,
          157.6
        ],
        "endPointGPS": [
          135.47309,
          34.84629,
          133.5
        ]
      },
      "geometry": {
        "type": "LineString",
        "coordinates": [
          [
            135.47375,
            34.84618,
            142.9
          ],
          [
            135.47342,
            34.84614,
            139.8
          ]
        ]
      }
    },
    {
      "type": "Feature",
      "properties": {
        "type": "route",
        "id": "route_B-09_to_B-27",
        "startPoint": "B-09",
        "endPoint": "B-27",
        "startPointGPS": [
          135.47792,
          34.85413,
          354.5
        ],
        "endPointGPS": [
          135.47574,
          34.85421,
          349
        ]
      },
      "geometry": {
        "type": "LineString",
        "coordinates": [
          [
            135.4777,
            34.85415,
            350.5
          ],
          [
            135.47744,
            34.85389,
            351.7
          ],
          [
            135.47739,
            34.85376,
            350.4
          ],
          [
            135.47727,
            34.85349,
            349.3
          ],
          [
            135.47687,
            34.8538,
            348.3
          ],
          [
            135.47662,
            34.85389,
            350.3
          ],
          [
            135.47634,
            34.8538,
            350.5
          ],
          [
            135.47618,
            34.85405,
            348.6
          ],
          [
            135.47597,
            34.85415,
            348.4
          ]
        ]
      }
    },
    {
      "type": "Feature",
      "properties": {
        "type": "route",
        "id": "route_B-04_to_B-05",
        "startPoint": "B-04",
        "endPoint": "B-05",
        "startPointGPS": [
          135.47633,
          34.85043,
          244.6
        ],
        "endPointGPS": [
          135.47347,
          34.85442,
          247.1
        ]
      },
      "geometry": {
        "type": "LineString",
        "coordinates": [
          [
            135.47607,
            34.8505,
            233.9
          ],
          [
            135.47597,
            34.85058,
            238.4
          ],
          [
            135.47576,
            34.8505,
            235.9
          ],
          [
            135.47548,
            34.85043,
            239.1
          ],
          [
            135.47524,
            34.85035,
            235.3
          ],
          [
            135.47501,
            34.85058,
            234.6
          ],
          [
            135.47498,
            34.8507,
            234.3
          ],
          [
            135.47477,
            34.85089,
            233.9
          ],
          [
            135.47434,
            34.85089,
            237.2
          ],
          [
            135.47398,
            34.85089,
            228.9
          ],
          [
            135.47382,
            34.8512,
            232.1
          ],
          [
            135.47364,
            34.85143,
            232.6
          ],
          [
            135.47309,
            34.85164,
            232.5
          ],
          [
            135.47242,
            34.85164,
            232.7
          ],
          [
            135.47247,
            34.85202,
            229.6
          ],
          [
            135.47257,
            34.8523,
            232
          ],
          [
            135.47247,
            34.85259,
            231.4
          ]
        ]
      }
    },
    {
      "type": "Feature",
      "properties": {
        "type": "route",
        "id": "route_B-35_to_B-26",
        "startPoint": "B-35",
        "endPoint": "B-26",
        "startPointGPS": [
          135.47576,
          34.85889,
          353.9
        ],
        "endPointGPS": [
          135.47932,
          34.85738,
          283.7
        ]
      },
      "geometry": {
        "type": "LineString",
        "coordinates": [
          [
            135.47554,
            34.85867,
            346.3
          ],
          [
            135.47548,
            34.85844,
            346.4
          ],
          [
            135.47548,
            34.85833,
            345.3
          ],
          [
            135.47559,
            34.85816,
            352.1
          ],
          [
            135.47596,
            34.85806,
            358
          ],
          [
            135.47618,
            34.85828,
            361.9
          ],
          [
            135.4766,
            34.85812,
            362.7
          ],
          [
            135.47676,
            34.85747,
            348.1
          ],
          [
            135.47717,
            34.857,
            345.3
          ],
          [
            135.47733,
            34.8568,
            343.2
          ],
          [
            135.47795,
            34.85685,
            319
          ],
          [
            135.47841,
            34.857,
            303.7
          ],
          [
            135.47869,
            34.85712,
            287.3
          ],
          [
            135.4788,
            34.85723,
            281.4
          ]
        ]
      }
    },
    {
      "type": "Feature",
      "properties": {
        "type": "route",
        "id": "route_B-28_to_ライオン岩",
        "startPoint": "B-28",
        "endPoint": "ライオン岩",
        "startPointGPS": [
          135.47657,
          34.84736,
          241.6
        ],
        "endPointGPS": [
          135.47425,
          34.84622,
          157.6
        ]
      },
      "geometry": {
        "type": "LineString",
        "coordinates": [
          [
            135.47635,
            34.84716,
            236.3
          ],
          [
            135.47619,
            34.84703,
            219.5
          ],
          [
            135.47624,
            34.84694,
            215.9
          ],
          [
            135.47619,
            34.84673,
            211.7
          ],
          [
            135.47619,
            34.84673,
            211.7
          ],
          [
            135.47619,
            34.84664,
            214.4
          ],
          [
            135.47619,
            34.84656,
            217
          ],
          [
            135.47598,
            34.84648,
            201.5
          ],
          [
            135.47588,
            34.84622,
            193.9
          ],
          [
            135.47572,
            34.84622,
            193.4
          ],
          [
            135.47549,
            34.84618,
            188.6
          ],
          [
            135.47536,
            34.8461,
            184.2
          ],
          [
            135.47516,
            34.8461,
            183.2
          ],
          [
            135.47498,
            34.8461,
            176.7
          ],
          [
            135.47464,
            34.8461,
            173.8
          ],
          [
            135.47451,
            34.84614,
            167.6
          ]
        ]
      }
    },
    {
      "type": "Feature",
      "properties": {
        "type": "route",
        "id": "route_B-09_to_B-08",
        "startPoint": "B-09",
        "endPoint": "B-08",
        "startPointGPS": [
          135.47792,
          34.85413,
          354.5
        ],
        "endPointGPS": [
          135.47532,
          34.8529,
          349.3
        ]
      },
      "geometry": {
        "type": "LineString",
        "coordinates": [
          [
            135.47796,
            34.85389,
            347.5
          ],
          [
            135.47784,
            34.8538,
            342.7
          ],
          [
            135.47775,
            34.85376,
            339.8
          ],
          [
            135.47753,
            34.85354,
            337.6
          ],
          [
            135.47752,
            34.85329,
            331.6
          ],
          [
            135.47734,
            34.85306,
            336.5
          ],
          [
            135.47734,
            34.85294,
            329.7
          ],
          [
            135.47727,
            34.85276,
            330.4
          ],
          [
            135.47718,
            34.85276,
            338.1
          ],
          [
            135.47713,
            34.85285,
            339.9
          ],
          [
            135.47695,
            34.85306,
            331.2
          ],
          [
            135.47687,
            34.85326,
            327.9
          ],
          [
            135.47672,
            34.85349,
            328.8
          ],
          [
            135.47667,
            34.85361,
            332.6
          ],
          [
            135.47654,
            34.85361,
            336.2
          ],
          [
            135.47644,
            34.85338,
            327.4
          ],
          [
            135.47639,
            34.85326,
            328.1
          ],
          [
            135.47635,
            34.85302,
            327.3
          ],
          [
            135.47635,
            34.85281,
            313.9
          ],
          [
            135.47613,
            34.85285,
            313.4
          ],
          [
            135.47592,
            34.85294,
            314.5
          ],
          [
            135.47576,
            34.85306,
            320.6
          ],
          [
            135.47571,
            34.85318,
            322.5
          ],
          [
            135.47571,
            34.85338,
            323.1
          ],
          [
            135.47566,
            34.85354,
            330
          ],
          [
            135.4755,
            34.85357,
            339
          ],
          [
            135.47535,
            34.85334,
            335.7
          ]
        ]
      }
    },
    {
      "type": "Feature",
      "properties": {
        "type": "route",
        "id": "route_F-03_to_B-34",
        "startPoint": "F-03",
        "endPoint": "B-34",
        "startPointGPS": [
          135.47839,
          34.86879,
          335.1
        ],
        "endPointGPS": [
          135.47702,
          34.85949,
          336.8
        ]
      },
      "geometry": {
        "type": "LineString",
        "coordinates": [
          [
            135.47874,
            34.86852,
            335.7
          ],
          [
            135.47902,
            34.86824,
            335.3
          ],
          [
            135.47926,
            34.86798,
            337.8
          ],
          [
            135.47939,
            34.8677,
            334.1
          ],
          [
            135.47954,
            34.86721,
            327.4
          ],
          [
            135.47946,
            34.86676,
            326.1
          ],
          [
            135.47926,
            34.86635,
            326.2
          ],
          [
            135.47907,
            34.86591,
            326.3
          ],
          [
            135.47874,
            34.86557,
            322.2
          ],
          [
            135.47858,
            34.86517,
            330.8
          ],
          [
            135.47874,
            34.86479,
            331.1
          ],
          [
            135.47926,
            34.86439,
            326.4
          ],
          [
            135.47964,
            34.86427,
            330.7
          ],
          [
            135.47954,
            34.8638,
            318.4
          ],
          [
            135.4794,
            34.86351,
            327.4
          ],
          [
            135.47915,
            34.86308,
            328.1
          ],
          [
            135.47875,
            34.86277,
            326.9
          ],
          [
            135.478,
            34.86272,
            331.4
          ],
          [
            135.47752,
            34.86277,
            341.6
          ],
          [
            135.47726,
            34.86289,
            338.6
          ],
          [
            135.47728,
            34.86246,
            331.3
          ],
          [
            135.47726,
            34.86213,
            331.5
          ],
          [
            135.47738,
            34.86175,
            334.1
          ],
          [
            135.47795,
            34.86147,
            335.2
          ],
          [
            135.47811,
            34.86113,
            336.7
          ],
          [
            135.47845,
            34.86104,
            336.7
          ],
          [
            135.47875,
            34.86078,
            336.7
          ],
          [
            135.47841,
            34.86058,
            336.7
          ],
          [
            135.478,
            34.86027,
            336.9
          ],
          [
            135.47774,
            34.8601,
            337.4
          ],
          [
            135.47751,
            34.85989,
            337
          ],
          [
            135.47727,
            34.85971,
            336.8
          ]
        ]
      }
    },
    {
      "type": "Feature",
      "properties": {
        "type": "route",
        "id": "route_B-07_to_B-26",
        "startPoint": "B-07",
        "endPoint": "B-26",
        "startPointGPS": [
          135.4788,
          34.85839,
          288.6
        ],
        "endPointGPS": [
          135.47932,
          34.85738,
          283.7
        ]
      },
      "geometry": {
        "type": "LineString",
        "coordinates": [
          [
            135.47895,
            34.85816,
            289.8
          ],
          [
            135.47895,
            34.85794,
            292.6
          ]
        ]
      }
    },
    {
      "type": "Feature",
      "properties": {
        "type": "route",
        "id": "route_B-24_to_B-38",
        "startPoint": "B-24",
        "endPoint": "B-38",
        "startPointGPS": [
          135.48007,
          34.85417,
          391.2
        ],
        "endPointGPS": [
          135.48075,
          34.85369,
          380.8
        ]
      },
      "geometry": {
        "type": "LineString",
        "coordinates": [
          [
            135.48032,
            34.85401,
            385.1
          ],
          [
            135.48053,
            34.85389,
            383.2
          ],
          [
            135.4806,
            34.8538,
            381.2
          ]
        ]
      }
    },
    {
      "type": "Feature",
      "properties": {
        "type": "route",
        "id": "route_B-08_to_B-05",
        "startPoint": "B-08",
        "endPoint": "B-05",
        "startPointGPS": [
          135.47532,
          34.8529,
          349.3
        ],
        "endPointGPS": [
          135.47347,
          34.85442,
          247.1
        ]
      },
      "geometry": {
        "type": "LineString",
        "coordinates": [
          [
            135.47498,
            34.85302,
            344.4
          ],
          [
            135.47455,
            34.85306,
            330.8
          ],
          [
            135.47434,
            34.85329,
            309
          ],
          [
            135.47413,
            34.85338,
            289.5
          ],
          [
            135.47403,
            34.8538,
            259.4
          ],
          [
            135.47398,
            34.85405,
            261.7
          ],
          [
            135.47382,
            34.85419,
            255.6
          ],
          [
            135.47372,
            34.85431,
            254.3
          ]
        ]
      }
    },
    {
      "type": "Feature",
      "properties": {
        "type": "route",
        "id": "route_B-38_to_B-23",
        "startPoint": "B-38",
        "endPoint": "B-23",
        "startPointGPS": [
          135.48075,
          34.85369,
          380.8
        ],
        "endPointGPS": [
          135.4802,
          34.85169,
          357
        ]
      },
      "geometry": {
        "type": "LineString",
        "coordinates": [
          [
            135.48083,
            34.85349,
            375.4
          ],
          [
            135.48097,
            34.85322,
            369.4
          ],
          [
            135.48102,
            34.8528,
            379.9
          ],
          [
            135.48102,
            34.85267,
            379.9
          ],
          [
            135.48102,
            34.85232,
            377.4
          ],
          [
            135.48102,
            34.8522,
            374.1
          ],
          [
            135.48102,
            34.85197,
            371.4
          ],
          [
            135.48102,
            34.85189,
            372.6
          ],
          [
            135.48083,
            34.85173,
            370.6
          ],
          [
            135.48068,
            34.8517,
            370.1
          ],
          [
            135.4806,
            34.85164,
            368
          ]
        ]
      }
    },
    {
      "type": "Feature",
      "properties": {
        "type": "route",
        "id": "route_G-03_to_G-29",
        "startPoint": "G-03",
        "endPoint": "G-29",
        "startPointGPS": [
          135.49142,
          34.85708,
          343.6
        ],
        "endPointGPS": [
          135.49185,
          34.85125,
          302.3
        ]
      },
      "geometry": {
        "type": "LineString",
        "coordinates": [
          [
            135.49162,
            34.85685,
            350.1
          ],
          [
            135.49167,
            34.8566,
            349
          ],
          [
            135.49163,
            34.85628,
            340.2
          ],
          [
            135.49143,
            34.85601,
            331.8
          ],
          [
            135.49132,
            34.85579,
            324.4
          ],
          [
            135.49122,
            34.85544,
            324.4
          ],
          [
            135.49132,
            34.85521,
            319
          ],
          [
            135.49104,
            34.85485,
            314.1
          ],
          [
            135.49063,
            34.85442,
            309.3
          ],
          [
            135.49063,
            34.85404,
            300
          ],
          [
            135.49063,
            34.85348,
            284.4
          ],
          [
            135.49028,
            34.85337,
            300.6
          ],
          [
            135.49016,
            34.85276,
            293.4
          ],
          [
            135.49034,
            34.85233,
            296.8
          ],
          [
            135.49049,
            34.85194,
            284
          ],
          [
            135.49085,
            34.85182,
            278.4
          ],
          [
            135.49132,
            34.85172,
            286.2
          ],
          [
            135.49168,
            34.85163,
            293.4
          ],
          [
            135.49191,
            34.85145,
            302
          ]
        ]
      }
    },
    {
      "type": "Feature",
      "properties": {
        "type": "route",
        "id": "route_B-39_to_B-40",
        "startPoint": "B-39",
        "endPoint": "B-40",
        "startPointGPS": [
          135.47963,
          34.85181,
          339.4
        ],
        "endPointGPS": [
          135.47819,
          34.84931,
          279
        ]
      },
      "geometry": {
        "type": "LineString",
        "coordinates": [
          [
            135.47965,
            34.85148,
            326.6
          ],
          [
            135.47948,
            34.85142,
            321
          ],
          [
            135.47941,
            34.85117,
            313.7
          ],
          [
            135.47941,
            34.85105,
            311.7
          ],
          [
            135.47928,
            34.85085,
            303.8
          ],
          [
            135.47923,
            34.8507,
            300.3
          ],
          [
            135.47917,
            34.85062,
            298.5
          ],
          [
            135.47909,
            34.8505,
            295.4
          ],
          [
            135.47909,
            34.85018,
            290.3
          ],
          [
            135.47896,
            34.85,
            290.1
          ],
          [
            135.47881,
            34.84995,
            287.2
          ],
          [
            135.47871,
            34.84975,
            294.7
          ],
          [
            135.4786,
            34.84975,
            288.1
          ],
          [
            135.47842,
            34.84957,
            284.6
          ]
        ]
      }
    },
    {
      "type": "Feature",
      "properties": {
        "type": "route",
        "id": "route_F-12_to_F-04",
        "startPoint": "F-12",
        "endPoint": "F-04",
        "startPointGPS": [
          135.47988,
          34.8679,
          345
        ],
        "endPointGPS": [
          135.48532,
          34.86866,
          388.7
        ]
      },
      "geometry": {
        "type": "LineString",
        "coordinates": [
          [
            135.48004,
            34.8679,
            344.5
          ],
          [
            135.4804,
            34.8679,
            351.7
          ],
          [
            135.48071,
            34.86794,
            356.6
          ],
          [
            135.48105,
            34.86802,
            365.6
          ],
          [
            135.48125,
            34.86816,
            367.9
          ],
          [
            135.48156,
            34.86824,
            369
          ],
          [
            135.48187,
            34.86833,
            370.1
          ],
          [
            135.48214,
            34.86845,
            369.5
          ],
          [
            135.48234,
            34.86864,
            378.1
          ],
          [
            135.48271,
            34.86879,
            379.8
          ],
          [
            135.48297,
            34.86883,
            377.8
          ],
          [
            135.48314,
            34.86887,
            377.7
          ],
          [
            135.48511,
            34.86887,
            387.9
          ]
        ]
      }
    },
    {
      "type": "Feature",
      "properties": {
        "type": "route",
        "id": "route_B-37_to_Aネット内岐",
        "startPoint": "B-37",
        "endPoint": "Aネット内岐",
        "startPointGPS": [
          135.47732,
          34.85177,
          280.8
        ],
        "endPointGPS": [
          135.47639,
          34.85306,
          322.3
        ]
      },
      "geometry": {
        "type": "LineString",
        "coordinates": [
          [
            135.47695,
            34.85191,
            293.3
          ],
          [
            135.47687,
            34.85205,
            300.5
          ],
          [
            135.47677,
            34.85226,
            304.9
          ],
          [
            135.47667,
            34.85242,
            305.6
          ],
          [
            135.47662,
            34.85267,
            307.6
          ],
          [
            135.47662,
            34.85294,
            310.2
          ],
          [
            135.47662,
            34.8531,
            313
          ]
        ]
      }
    },
    {
      "type": "Feature",
      "properties": {
        "type": "route",
        "id": "route_B-25_to_B-10",
        "startPoint": "B-25",
        "endPoint": "B-10",
        "startPointGPS": [
          135.48032,
          34.85523,
          363.7
        ],
        "endPointGPS": [
          135.47995,
          34.85544,
          374.6
        ]
      },
      "geometry": {
        "type": "LineString",
        "coordinates": [
          [
            135.48022,
            34.85531,
            365
          ],
          [
            135.48022,
            34.8554,
            364.4
          ]
        ]
      }
    },
    {
      "type": "Feature",
      "properties": {
        "type": "route",
        "id": "route_F-13_to_F-06",
        "startPoint": "F-13",
        "endPoint": "F-06",
        "startPointGPS": [
          135.48585,
          34.86664,
          475.4
        ],
        "endPointGPS": [
          135.48257,
          34.86583,
          480.9
        ]
      },
      "geometry": {
        "type": "LineString",
        "coordinates": [
          [
            135.4856,
            34.8666,
            480.4
          ],
          [
            135.48539,
            34.8666,
            488.3
          ],
          [
            135.48511,
            34.86668,
            494.6
          ],
          [
            135.48492,
            34.86664,
            492.3
          ],
          [
            135.48444,
            34.86664,
            486.5
          ],
          [
            135.48413,
            34.86664,
            485.5
          ],
          [
            135.48392,
            34.8666,
            485.6
          ],
          [
            135.48374,
            34.86635,
            478.7
          ],
          [
            135.48369,
            34.86614,
            477.2
          ],
          [
            135.48352,
            34.8659,
            475.2
          ],
          [
            135.48298,
            34.8659,
            472.9
          ]
        ]
      }
    },
    {
      "type": "Feature",
      "properties": {
        "type": "route",
        "id": "route_B-26_to_G-30",
        "startPoint": "B-26",
        "endPoint": "G-30",
        "startPointGPS": [
          135.47932,
          34.85738,
          283.7
        ],
        "endPointGPS": [
          135.48248,
          34.85825,
          295.8
        ]
      },
      "geometry": {
        "type": "LineString",
        "coordinates": [
          [
            135.47947,
            34.85759,
            284.4
          ],
          [
            135.4797,
            34.85777,
            285.8
          ],
          [
            135.48001,
            34.85785,
            287.4
          ],
          [
            135.48022,
            34.85794,
            288.2
          ],
          [
            135.48053,
            34.85801,
            291.8
          ],
          [
            135.48067,
            34.85811,
            290.5
          ],
          [
            135.48106,
            34.85811,
            292.7
          ],
          [
            135.48131,
            34.85811,
            293.1
          ],
          [
            135.48152,
            34.85811,
            293.8
          ],
          [
            135.48188,
            34.85806,
            293.4
          ],
          [
            135.48209,
            34.85801,
            296
          ],
          [
            135.48235,
            34.85806,
            296.9
          ]
        ]
      }
    },
    {
      "type": "Feature",
      "properties": {
        "type": "route",
        "id": "route_B-03_to_B-28",
        "startPoint": "B-03",
        "endPoint": "B-28",
        "startPointGPS": [
          135.47626,
          34.84785,
          250.3
        ],
        "endPointGPS": [
          135.47657,
          34.84736,
          241.6
        ]
      },
      "geometry": {
        "type": "LineString",
        "coordinates": [
          [
            135.47635,
            34.84766,
            240.3
          ],
          [
            135.47645,
            34.84753,
            240.3
          ]
        ]
      }
    },
    {
      "type": "Feature",
      "properties": {
        "type": "route",
        "id": "route_B-34_to_F-01",
        "startPoint": "B-34",
        "endPoint": "F-01",
        "startPointGPS": [
          135.47702,
          34.85949,
          336.8
        ],
        "endPointGPS": [
          135.47427,
          34.86372,
          355.6
        ]
      },
      "geometry": {
        "type": "LineString",
        "coordinates": [
          [
            135.47661,
            34.85948,
            336.8
          ],
          [
            135.4766,
            34.85971,
            336.9
          ],
          [
            135.47639,
            34.85989,
            337.8
          ],
          [
            135.47606,
            34.86005,
            339.4
          ],
          [
            135.47575,
            34.86018,
            341.1
          ],
          [
            135.47539,
            34.86038,
            342.5
          ],
          [
            135.47497,
            34.86065,
            340.1
          ],
          [
            135.47467,
            34.86092,
            338
          ],
          [
            135.47433,
            34.86118,
            342.4
          ],
          [
            135.47418,
            34.86163,
            330.2
          ],
          [
            135.47405,
            34.86213,
            342.2
          ],
          [
            135.47397,
            34.86246,
            341.4
          ],
          [
            135.47397,
            34.86289,
            333.3
          ],
          [
            135.47392,
            34.86324,
            336.7
          ],
          [
            135.47387,
            34.86355,
            339.2
          ],
          [
            135.47412,
            34.86363,
            338.9
          ]
        ]
      }
    },
    {
      "type": "Feature",
      "properties": {
        "type": "route",
        "id": "route_G-23_to_G-22",
        "startPoint": "G-23",
        "endPoint": "G-22",
        "startPointGPS": [
          135.49097,
          34.85848,
          394.6
        ],
        "endPointGPS": [
          135.49147,
          34.85803,
          375.9
        ]
      },
      "geometry": {
        "type": "LineString",
        "coordinates": [
          [
            135.49131,
            34.85843,
            394.9
          ],
          [
            135.49131,
            34.85835,
            392.5
          ],
          [
            135.49143,
            34.85827,
            387.4
          ]
        ]
      }
    },
    {
      "type": "Feature",
      "properties": {
        "type": "route",
        "id": "route_B-07_to_B-34",
        "startPoint": "B-07",
        "endPoint": "B-34",
        "startPointGPS": [
          135.4788,
          34.85839,
          288.6
        ],
        "endPointGPS": [
          135.47702,
          34.85949,
          336.8
        ]
      },
      "geometry": {
        "type": "LineString",
        "coordinates": [
          [
            135.47846,
            34.85844,
            294.5
          ],
          [
            135.47859,
            34.85866,
            299
          ],
          [
            135.47868,
            34.85895,
            297.9
          ],
          [
            135.47846,
            34.85903,
            300.4
          ],
          [
            135.47818,
            34.85899,
            307.4
          ],
          [
            135.47795,
            34.8588,
            323.8
          ],
          [
            135.47779,
            34.85863,
            332.5
          ],
          [
            135.47751,
            34.85854,
            331.8
          ],
          [
            135.47717,
            34.85844,
            344.4
          ],
          [
            135.47686,
            34.85844,
            343.6
          ],
          [
            135.4766,
            34.85844,
            341
          ],
          [
            135.47618,
            34.85859,
            352.2
          ],
          [
            135.47618,
            34.8588,
            357.8
          ],
          [
            135.4766,
            34.85888,
            344.8
          ],
          [
            135.47686,
            34.85895,
            342.8
          ],
          [
            135.47717,
            34.85899,
            336.5
          ],
          [
            135.47727,
            34.85914,
            336.1
          ],
          [
            135.47727,
            34.85932,
            327.7
          ]
        ]
      }
    },
    {
      "type": "Feature",
      "properties": {
        "type": "route",
        "id": "route_F-01_to_F-02",
        "startPoint": "F-01",
        "endPoint": "F-02",
        "startPointGPS": [
          135.47427,
          34.86372,
          355.6
        ],
        "endPointGPS": [
          135.47698,
          34.8642,
          343.6
        ]
      },
      "geometry": {
        "type": "LineString",
        "coordinates": [
          [
            135.47433,
            34.86341,
            339.1
          ],
          [
            135.47433,
            34.86324,
            334.7
          ],
          [
            135.47433,
            34.86299,
            335.6
          ],
          [
            135.47444,
            34.86264,
            333.4
          ],
          [
            135.47454,
            34.86221,
            333.4
          ],
          [
            135.47475,
            34.86195,
            336.3
          ],
          [
            135.47497,
            34.86159,
            336.6
          ],
          [
            135.47515,
            34.86132,
            334.3
          ],
          [
            135.47547,
            34.86159,
            338
          ],
          [
            135.47575,
            34.86179,
            337.6
          ],
          [
            135.47596,
            34.86199,
            338.3
          ],
          [
            135.47596,
            34.86221,
            337.3
          ],
          [
            135.47596,
            34.86256,
            329.7
          ],
          [
            135.4757,
            34.86277,
            337.1
          ],
          [
            135.4757,
            34.86312,
            336.4
          ],
          [
            135.47547,
            34.86351,
            345.7
          ],
          [
            135.47547,
            34.86384,
            343.9
          ],
          [
            135.47591,
            34.86427,
            338
          ],
          [
            135.47628,
            34.86435,
            338.7
          ],
          [
            135.47661,
            34.86439,
            336.6
          ],
          [
            135.47685,
            34.86435,
            344.9
          ]
        ]
      }
    },
    {
      "type": "Feature",
      "properties": {
        "type": "route",
        "id": "route_B-39_to_B-23",
        "startPoint": "B-39",
        "endPoint": "B-23",
        "startPointGPS": [
          135.47963,
          34.85181,
          339.4
        ],
        "endPointGPS": [
          135.4802,
          34.85169,
          357
        ]
      },
      "geometry": {
        "type": "LineString",
        "coordinates": [
          [
            135.48001,
            34.8513,
            342.5
          ],
          [
            135.48006,
            34.85121,
            344.3
          ],
          [
            135.48032,
            34.85089,
            324.1
          ]
        ]
      }
    },
    {
      "type": "Feature",
      "properties": {
        "type": "route",
        "id": "route_B-41_to_B-40",
        "startPoint": "B-41",
        "endPoint": "B-40",
        "startPointGPS": [
          135.47635,
          34.84852,
          254.6
        ],
        "endPointGPS": [
          135.47819,
          34.84931,
          279
        ]
      },
      "geometry": {
        "type": "LineString",
        "coordinates": [
          [
            135.47661,
            34.84854,
            261.5
          ],
          [
            135.47687,
            34.84862,
            264.9
          ],
          [
            135.47702,
            34.84866,
            269.6
          ],
          [
            135.47739,
            34.84882,
            266
          ],
          [
            135.47767,
            34.84901,
            266.1
          ],
          [
            135.47785,
            34.84906,
            269.2
          ],
          [
            135.47801,
            34.84914,
            272.4
          ]
        ]
      }
    },
    {
      "type": "Feature",
      "properties": {
        "type": "route",
        "id": "route_F-06_to_F-14",
        "startPoint": "F-06",
        "endPoint": "F-14",
        "startPointGPS": [
          135.48257,
          34.86583,
          480.9
        ],
        "endPointGPS": [
          135.4806,
          34.86057,
          375.6
        ]
      },
      "geometry": {
        "type": "LineString",
        "coordinates": [
          [
            135.48247,
            34.86539,
            465.8
          ],
          [
            135.48247,
            34.86501,
            458
          ],
          [
            135.48234,
            34.86462,
            455.4
          ],
          [
            135.48223,
            34.86435,
            449.3
          ],
          [
            135.48187,
            34.86405,
            426.4
          ],
          [
            135.48151,
            34.86392,
            425.9
          ],
          [
            135.4813,
            34.86367,
            433.9
          ],
          [
            135.4813,
            34.86341,
            435.1
          ],
          [
            135.48125,
            34.86308,
            437.5
          ],
          [
            135.48101,
            34.86298,
            428.4
          ],
          [
            135.48073,
            34.86265,
            415.1
          ],
          [
            135.48067,
            34.86238,
            406.4
          ],
          [
            135.48059,
            34.86212,
            398.9
          ],
          [
            135.48059,
            34.86194,
            394.3
          ],
          [
            135.48059,
            34.86171,
            387.2
          ],
          [
            135.48091,
            34.86156,
            379.6
          ],
          [
            135.48091,
            34.86132,
            375.5
          ],
          [
            135.48106,
            34.86117,
            374.2
          ],
          [
            135.48106,
            34.86104,
            375.8
          ],
          [
            135.48091,
            34.86085,
            374.4
          ],
          [
            135.48067,
            34.8607,
            375.6
          ]
        ]
      }
    },
    {
      "type": "Feature",
      "properties": {
        "type": "route",
        "id": "route_G-09_to_G-18",
        "startPoint": "G-09",
        "endPoint": "G-18",
        "startPointGPS": [
          135.48587,
          34.85498,
          327
        ],
        "endPointGPS": [
          135.4861,
          34.85266,
          274.8
        ]
      },
      "geometry": {
        "type": "LineString",
        "coordinates": [
          [
            135.48599,
            34.85469,
            330.6
          ],
          [
            135.48599,
            34.8543,
            326
          ],
          [
            135.48599,
            34.85389,
            326.7
          ],
          [
            135.48624,
            34.85364,
            311.1
          ],
          [
            135.48624,
            34.85317,
            290.1
          ],
          [
            135.48624,
            34.85317,
            290.1
          ],
          [
            135.48599,
            34.85284,
            281.7
          ]
        ]
      }
    },
    {
      "type": "Feature",
      "properties": {
        "type": "route",
        "id": "route_F-07_to_F-14",
        "startPoint": "F-07",
        "endPoint": "F-14",
        "startPointGPS": [
          135.48436,
          34.86216,
          379.6
        ],
        "endPointGPS": [
          135.4806,
          34.86057,
          375.6
        ]
      },
      "geometry": {
        "type": "LineString",
        "coordinates": [
          [
            135.48399,
            34.86216,
            387.3
          ],
          [
            135.48393,
            34.86179,
            382.7
          ],
          [
            135.48393,
            34.86146,
            374.7
          ],
          [
            135.4837,
            34.86132,
            366.9
          ],
          [
            135.48362,
            34.86146,
            371.5
          ],
          [
            135.48339,
            34.86132,
            364.6
          ],
          [
            135.48305,
            34.86146,
            355.2
          ],
          [
            135.48305,
            34.86171,
            351.3
          ],
          [
            135.48266,
            34.86203,
            359.2
          ],
          [
            135.48253,
            34.86175,
            364.1
          ],
          [
            135.48235,
            34.86156,
            367.5
          ],
          [
            135.4821,
            34.86163,
            373
          ],
          [
            135.48191,
            34.86163,
            371.8
          ],
          [
            135.48191,
            34.86163,
            371.8
          ],
          [
            135.48187,
            34.86179,
            376.6
          ],
          [
            135.48157,
            34.86189,
            380.6
          ],
          [
            135.48152,
            34.86171,
            380.4
          ],
          [
            135.48106,
            34.86194,
            375.1
          ],
          [
            135.48106,
            34.86139,
            371
          ],
          [
            135.48114,
            34.86108,
            374.1
          ],
          [
            135.48114,
            34.86078,
            372.2
          ],
          [
            135.48091,
            34.86066,
            366.4
          ]
        ]
      }
    },
    {
      "type": "Feature",
      "properties": {
        "type": "route",
        "id": "route_C-04_to_G-30",
        "startPoint": "C-04",
        "endPoint": "G-30",
        "startPointGPS": [
          135.48617,
          34.85992,
          311.6
        ],
        "endPointGPS": [
          135.48248,
          34.85825,
          295.8
        ]
      },
      "geometry": {
        "type": "LineString",
        "coordinates": [
          [
            135.48576,
            34.85987,
            310.9
          ],
          [
            135.48546,
            34.85975,
            308.8
          ],
          [
            135.48519,
            34.8596,
            306.8
          ],
          [
            135.48507,
            34.85952,
            306.6
          ],
          [
            135.48489,
            34.85941,
            306.5
          ],
          [
            135.48457,
            34.85941,
            305.3
          ],
          [
            135.4844,
            34.85937,
            304.6
          ],
          [
            135.48414,
            34.85932,
            303.6
          ],
          [
            135.48393,
            34.85921,
            302.7
          ],
          [
            135.48365,
            34.85917,
            302.1
          ],
          [
            135.48348,
            34.85902,
            299.5
          ],
          [
            135.4832,
            34.85894,
            301.1
          ],
          [
            135.48305,
            34.85872,
            299.2
          ],
          [
            135.48294,
            34.85862,
            297
          ],
          [
            135.48273,
            34.85858,
            298.7
          ],
          [
            135.48253,
            34.85843,
            298.2
          ]
        ]
      }
    },
    {
      "type": "Feature",
      "properties": {
        "type": "route",
        "id": "route_F-14_to_B-07",
        "startPoint": "F-14",
        "endPoint": "B-07",
        "startPointGPS": [
          135.4806,
          34.86057,
          375.6
        ],
        "endPointGPS": [
          135.4788,
          34.85839,
          288.6
        ]
      },
      "geometry": {
        "type": "LineString",
        "coordinates": [
          [
            135.48074,
            34.86038,
            365.9
          ],
          [
            135.48101,
            34.86027,
            369.5
          ],
          [
            135.48114,
            34.8601,
            363.8
          ],
          [
            135.48119,
            34.85988,
            367.9
          ],
          [
            135.48136,
            34.85987,
            361.4
          ],
          [
            135.48136,
            34.85956,
            358.2
          ],
          [
            135.48152,
            34.85932,
            346.1
          ],
          [
            135.48136,
            34.85894,
            343.6
          ],
          [
            135.48101,
            34.85899,
            337.6
          ],
          [
            135.48036,
            34.85899,
            329.4
          ],
          [
            135.48022,
            34.85866,
            315.3
          ],
          [
            135.48022,
            34.85836,
            308.2
          ],
          [
            135.47965,
            34.85817,
            307.2
          ],
          [
            135.47965,
            34.85817,
            307.2
          ]
        ]
      }
    },
    {
      "type": "Feature",
      "properties": {
        "type": "route",
        "id": "route_G-16_to_G-15",
        "startPoint": "G-16",
        "endPoint": "G-15",
        "startPointGPS": [
          135.4837,
          34.85003,
          300.1
        ],
        "endPointGPS": [
          135.48544,
          34.84906,
          313.9
        ]
      },
      "geometry": {
        "type": "LineString",
        "coordinates": [
          [
            135.48388,
            34.8499,
            304
          ],
          [
            135.48415,
            34.84974,
            315.8
          ],
          [
            135.48446,
            34.84949,
            315.5
          ],
          [
            135.48486,
            34.84922,
            310.8
          ],
          [
            135.48513,
            34.84914,
            303
          ]
        ]
      }
    },
    {
      "type": "Feature",
      "properties": {
        "type": "route",
        "id": "route_E-08_to_B-06",
        "startPoint": "E-08",
        "endPoint": "B-06",
        "startPointGPS": [
          135.47347,
          34.85993,
          393
        ],
        "endPointGPS": [
          135.47175,
          34.85643,
          235.2
        ]
      },
      "geometry": {
        "type": "LineString",
        "coordinates": [
          [
            135.47358,
            34.85971,
            392.8
          ],
          [
            135.47358,
            34.85934,
            375.9
          ],
          [
            135.47358,
            34.85903,
            379.8
          ],
          [
            135.47381,
            34.85868,
            369.8
          ],
          [
            135.47412,
            34.85855,
            357.8
          ],
          [
            135.47445,
            34.85829,
            365.1
          ],
          [
            135.47445,
            34.85794,
            358.2
          ],
          [
            135.47419,
            34.85755,
            352.2
          ],
          [
            135.47393,
            34.85747,
            347.2
          ],
          [
            135.47341,
            34.85723,
            305.9
          ],
          [
            135.47308,
            34.85691,
            277.6
          ],
          [
            135.47272,
            34.8568,
            262.5
          ],
          [
            135.47235,
            34.85691,
            250.8
          ],
          [
            135.47225,
            34.85701,
            256.1
          ],
          [
            135.47204,
            34.85695,
            253.2
          ],
          [
            135.47183,
            34.85681,
            244.7
          ]
        ]
      }
    },
    {
      "type": "Feature",
      "properties": {
        "type": "route",
        "id": "route_G-02_to_G-14",
        "startPoint": "G-02",
        "endPoint": "G-14",
        "startPointGPS": [
          135.48577,
          34.84866,
          301.7
        ],
        "endPointGPS": [
          135.4861,
          34.84785,
          289.5
        ]
      },
      "geometry": {
        "type": "LineString",
        "coordinates": [
          [
            135.48598,
            34.84861,
            289.9
          ],
          [
            135.486,
            34.84827,
            292.3
          ],
          [
            135.486,
            34.84811,
            293.1
          ],
          [
            135.486,
            34.84793,
            292.1
          ]
        ]
      }
    },
    {
      "type": "Feature",
      "properties": {
        "type": "route",
        "id": "route_石子詰_to_E-11",
        "startPoint": "石子詰",
        "endPoint": "E-11",
        "startPointGPS": [
          135.47323,
          34.84949,
          172.8
        ],
        "endPointGPS": [
          135.4694,
          34.85036,
          332.4
        ]
      },
      "geometry": {
        "type": "LineString",
        "coordinates": [
          [
            135.47283,
            34.84954,
            205.4
          ],
          [
            135.47273,
            34.84975,
            217.7
          ],
          [
            135.47273,
            34.84984,
            216.6
          ],
          [
            135.47257,
            34.85014,
            218.3
          ],
          [
            135.47231,
            34.85018,
            228.2
          ],
          [
            135.47205,
            34.84991,
            250.3
          ],
          [
            135.47162,
            34.84975,
            271.7
          ],
          [
            135.47127,
            34.8496,
            286.6
          ],
          [
            135.47086,
            34.8496,
            295.6
          ],
          [
            135.47061,
            34.84942,
            312.4
          ],
          [
            135.47032,
            34.84934,
            332.4
          ],
          [
            135.47021,
            34.84958,
            332.4
          ],
          [
            135.4699,
            34.84975,
            336.1
          ],
          [
            135.4698,
            34.84981,
            339.5
          ],
          [
            135.46957,
            34.85001,
            337.8
          ],
          [
            135.46947,
            34.85018,
            331.7
          ]
        ]
      }
    },
    {
      "type": "Feature",
      "properties": {
        "type": "route",
        "id": "route_B-08_to_B-37",
        "startPoint": "B-08",
        "endPoint": "B-37",
        "startPointGPS": [
          135.47532,
          34.8529,
          349.3
        ],
        "endPointGPS": [
          135.47732,
          34.85177,
          280.8
        ]
      },
      "geometry": {
        "type": "LineString",
        "coordinates": [
          [
            135.47535,
            34.85277,
            348.5
          ],
          [
            135.47548,
            34.85259,
            345
          ],
          [
            135.47548,
            34.85234,
            338.8
          ],
          [
            135.47548,
            34.85222,
            336.7
          ],
          [
            135.4754,
            34.85201,
            335
          ],
          [
            135.47535,
            34.85191,
            333.6
          ],
          [
            135.4754,
            34.85156,
            315.3
          ],
          [
            135.4755,
            34.85121,
            301.7
          ],
          [
            135.4756,
            34.85105,
            295.5
          ],
          [
            135.47588,
            34.85089,
            279.2
          ],
          [
            135.47607,
            34.85085,
            264.4
          ],
          [
            135.47635,
            34.85095,
            264.3
          ],
          [
            135.47662,
            34.8512,
            266.4
          ],
          [
            135.47687,
            34.85124,
            255.5
          ],
          [
            135.47695,
            34.85146,
            266.9
          ],
          [
            135.47701,
            34.8516,
            269.3
          ],
          [
            135.47718,
            34.85171,
            272.1
          ],
          [
            135.47718,
            34.85173,
            273.7
          ]
        ]
      }
    },
    {
      "type": "Feature",
      "properties": {
        "type": "route",
        "id": "route_風呂ヶ谷口_to_風呂ヶ谷入口分岐",
        "startPoint": "風呂ヶ谷口",
        "endPoint": "風呂ヶ谷入口分岐",
        "startPointGPS": [
          135.4763,
          34.85058,
          235.7
        ],
        "endPointGPS": [
          135.47389,
          34.8498,
          164.9
        ]
      },
      "geometry": {
        "type": "LineString",
        "coordinates": [
          [
            135.47592,
            34.85031,
            230.5
          ],
          [
            135.47571,
            34.85018,
            225.9
          ],
          [
            135.4755,
            34.85018,
            218.6
          ],
          [
            135.4754,
            34.85014,
            213.7
          ],
          [
            135.47524,
            34.85018,
            220.8
          ],
          [
            135.47503,
            34.85018,
            209.7
          ],
          [
            135.47501,
            34.84996,
            211.3
          ],
          [
            135.47482,
            34.84996,
            216.4
          ],
          [
            135.47464,
            34.85014,
            200.5
          ],
          [
            135.47446,
            34.85018,
            185.7
          ],
          [
            135.4743,
            34.85014,
            181.3
          ],
          [
            135.47407,
            34.84995,
            176.3
          ]
        ]
      }
    },
    {
      "type": "Feature",
      "properties": {
        "type": "route",
        "id": "route_B-09_to_B-24",
        "startPoint": "B-09",
        "endPoint": "B-24",
        "startPointGPS": [
          135.47792,
          34.85413,
          354.5
        ],
        "endPointGPS": [
          135.48007,
          34.85417,
          391.2
        ]
      },
      "geometry": {
        "type": "LineString",
        "coordinates": [
          [
            135.47822,
            34.85415,
            363.1
          ],
          [
            135.47846,
            34.85415,
            370.4
          ],
          [
            135.47871,
            34.85405,
            376.1
          ],
          [
            135.47885,
            34.85389,
            383.6
          ],
          [
            135.47908,
            34.8538,
            385.8
          ],
          [
            135.47928,
            34.85376,
            383.5
          ],
          [
            135.47955,
            34.8538,
            384.9
          ],
          [
            135.47975,
            34.85389,
            389.8
          ],
          [
            135.47983,
            34.85405,
            391
          ]
        ]
      }
    },
    {
      "type": "Feature",
      "properties": {
        "type": "route",
        "id": "route_石子詰_to_唐人戻岩",
        "startPoint": "石子詰",
        "endPoint": "唐人戻岩",
        "startPointGPS": [
          135.47323,
          34.84949,
          172.8
        ],
        "endPointGPS": [
          135.47304,
          34.85058,
          167.9
        ]
      },
      "geometry": {
        "type": "LineString",
        "coordinates": [
          [
            135.47332,
            34.84975,
            174.5
          ],
          [
            135.47327,
            34.84991,
            180.2
          ],
          [
            135.4732,
            34.85018,
            175
          ],
          [
            135.4732,
            34.8505,
            164.6
          ]
        ]
      }
    },
    {
      "type": "Feature",
      "properties": {
        "type": "route",
        "id": "route_B-25_to_B-36",
        "startPoint": "B-25",
        "endPoint": "B-36",
        "startPointGPS": [
          135.48032,
          34.85523,
          363.7
        ],
        "endPointGPS": [
          135.48185,
          34.85178,
          344.7
        ]
      },
      "geometry": {
        "type": "LineString",
        "coordinates": [
          [
            135.4806,
            34.85508,
            363.8
          ],
          [
            135.48068,
            34.85492,
            370.1
          ],
          [
            135.48092,
            34.85479,
            365.8
          ],
          [
            135.48102,
            34.85461,
            360.8
          ],
          [
            135.48107,
            34.8543,
            354.9
          ],
          [
            135.48107,
            34.85414,
            354.3
          ],
          [
            135.4812,
            34.85389,
            361.2
          ],
          [
            135.48153,
            34.85379,
            344.3
          ],
          [
            135.48153,
            34.85349,
            347.3
          ],
          [
            135.48162,
            34.85329,
            345.7
          ],
          [
            135.48189,
            34.85302,
            338.6
          ],
          [
            135.48189,
            34.85267,
            336.7
          ],
          [
            135.48189,
            34.85225,
            343.9
          ],
          [
            135.48189,
            34.85201,
            346.9
          ]
        ]
      }
    },
    {
      "type": "Feature",
      "properties": {
        "type": "route",
        "id": "route_B-26_to_B-27",
        "startPoint": "B-26",
        "endPoint": "B-27",
        "startPointGPS": [
          135.47932,
          34.85738,
          283.7
        ],
        "endPointGPS": [
          135.47574,
          34.85421,
          349
        ]
      },
      "geometry": {
        "type": "LineString",
        "coordinates": [
          [
            135.47927,
            34.857,
            286
          ],
          [
            135.47927,
            34.85661,
            291.6
          ],
          [
            135.47895,
            34.85653,
            294.3
          ],
          [
            135.47852,
            34.85617,
            298.6
          ],
          [
            135.47833,
            34.8559,
            302.2
          ],
          [
            135.47822,
            34.85565,
            305.5
          ],
          [
            135.47841,
            34.85531,
            309.3
          ],
          [
            135.47812,
            34.85526,
            311.1
          ],
          [
            135.47796,
            34.85492,
            314.2
          ],
          [
            135.47753,
            34.85475,
            315.3
          ],
          [
            135.47667,
            34.85492,
            324
          ],
          [
            135.47629,
            34.85541,
            327.2
          ],
          [
            135.47597,
            34.85531,
            328.8
          ],
          [
            135.47554,
            34.85509,
            332.1
          ],
          [
            135.47523,
            34.85522,
            334.6
          ],
          [
            135.47488,
            34.85522,
            333.5
          ],
          [
            135.47497,
            34.85487,
            338.1
          ],
          [
            135.47528,
            34.85462,
            344
          ],
          [
            135.47548,
            34.85432,
            338
          ]
        ]
      }
    },
    {
      "type": "Feature",
      "properties": {
        "type": "route",
        "id": "route_G-15_to_G-02",
        "startPoint": "G-15",
        "endPoint": "G-02",
        "startPointGPS": [
          135.48544,
          34.84906,
          313.9
        ],
        "endPointGPS": [
          135.48577,
          34.84866,
          301.7
        ]
      },
      "geometry": {
        "type": "LineString",
        "coordinates": [
          [
            135.48547,
            34.84896,
            315.3
          ],
          [
            135.48557,
            34.84878,
            312.2
          ]
        ]
      }
    },
    {
      "type": "Feature",
      "properties": {
        "type": "route",
        "id": "route_B-34_to_B-35",
        "startPoint": "B-34",
        "endPoint": "B-35",
        "startPointGPS": [
          135.47702,
          34.85949,
          336.8
        ],
        "endPointGPS": [
          135.47576,
          34.85889,
          353.9
        ]
      },
      "geometry": {
        "type": "LineString",
        "coordinates": [
          [
            135.47727,
            34.85932,
            327.7
          ],
          [
            135.47727,
            34.85918,
            337.2
          ],
          [
            135.47717,
            34.85899,
            336.5
          ],
          [
            135.47666,
            34.85895,
            349.5
          ],
          [
            135.47639,
            34.8588,
            346.1
          ],
          [
            135.47606,
            34.85888,
            365.3
          ]
        ]
      }
    },
    {
      "type": "Feature",
      "properties": {
        "type": "route",
        "id": "route_G-22_to_G-20",
        "startPoint": "G-22",
        "endPoint": "G-20",
        "startPointGPS": [
          135.49147,
          34.85803,
          375.9
        ],
        "endPointGPS": [
          135.4912,
          34.85725,
          345.8
        ]
      },
      "geometry": {
        "type": "LineString",
        "coordinates": [
          [
            135.49151,
            34.85784,
            367.8
          ],
          [
            135.49151,
            34.85762,
            372.3
          ],
          [
            135.49162,
            34.8575,
            371.9
          ],
          [
            135.49151,
            34.85745,
            366
          ],
          [
            135.49143,
            34.85733,
            356.1
          ]
        ]
      }
    },
    {
      "type": "Feature",
      "properties": {
        "type": "route",
        "id": "route_B-04_to_B-03",
        "startPoint": "B-04",
        "endPoint": "B-03",
        "startPointGPS": [
          135.47633,
          34.85043,
          244.6
        ],
        "endPointGPS": [
          135.47626,
          34.84785,
          250.3
        ]
      },
      "geometry": {
        "type": "LineString",
        "coordinates": [
          [
            135.47619,
            34.85031,
            240.5
          ],
          [
            135.47597,
            34.85018,
            237.2
          ],
          [
            135.47592,
            34.85014,
            237.3
          ],
          [
            135.47571,
            34.85,
            237.7
          ],
          [
            135.47549,
            34.84984,
            237.9
          ],
          [
            135.47534,
            34.84975,
            238.1
          ],
          [
            135.47503,
            34.84971,
            238.1
          ],
          [
            135.47488,
            34.84971,
            238.6
          ],
          [
            135.47469,
            34.84949,
            238.1
          ],
          [
            135.47469,
            34.84923,
            238.5
          ],
          [
            135.47464,
            34.84906,
            238.5
          ],
          [
            135.47477,
            34.84889,
            238.4
          ],
          [
            135.47488,
            34.8487,
            238.1
          ],
          [
            135.47488,
            34.84854,
            238.2
          ],
          [
            135.47477,
            34.84839,
            238.3
          ],
          [
            135.47469,
            34.84825,
            238.2
          ],
          [
            135.47456,
            34.84802,
            238.2
          ],
          [
            135.47456,
            34.84776,
            236.2
          ],
          [
            135.47469,
            34.84758,
            237.9
          ],
          [
            135.47469,
            34.84739,
            237.3
          ],
          [
            135.47498,
            34.84723,
            237.8
          ],
          [
            135.47502,
            34.84711,
            235.8
          ],
          [
            135.47524,
            34.84696,
            238
          ],
          [
            135.47534,
            34.84681,
            238
          ],
          [
            135.47549,
            34.84673,
            237.9
          ],
          [
            135.4756,
            34.84681,
            238
          ],
          [
            135.47572,
            34.84699,
            238.2
          ],
          [
            135.47593,
            34.84716,
            232.9
          ],
          [
            135.47598,
            34.84727,
            233.7
          ],
          [
            135.47598,
            34.84749,
            239
          ]
        ]
      }
    },
    {
      "type": "Feature",
      "properties": {
        "type": "route",
        "id": "route_B-41_to_B-03",
        "startPoint": "B-41",
        "endPoint": "B-03",
        "startPointGPS": [
          135.47635,
          34.84852,
          254.6
        ],
        "endPointGPS": [
          135.47626,
          34.84785,
          250.3
        ]
      },
      "geometry": {
        "type": "LineString",
        "coordinates": [
          [
            135.47619,
            34.84827,
            248.3
          ],
          [
            135.47614,
            34.84811,
            250.2
          ],
          [
            135.47614,
            34.84802,
            246.2
          ]
        ]
      }
    },
    {
      "type": "Feature",
      "properties": {
        "type": "route",
        "id": "route_B-36_to_B-22",
        "startPoint": "B-36",
        "endPoint": "B-22",
        "startPointGPS": [
          135.48185,
          34.85178,
          344.7
        ],
        "endPointGPS": [
          135.48022,
          34.85061,
          316.9
        ]
      },
      "geometry": {
        "type": "LineString",
        "coordinates": [
          [
            135.48189,
            34.85155,
            334.1
          ],
          [
            135.48189,
            34.8513,
            324.5
          ],
          [
            135.48174,
            34.85113,
            331.4
          ],
          [
            135.48174,
            34.85105,
            327.7
          ],
          [
            135.48164,
            34.85088,
            328.7
          ],
          [
            135.48158,
            34.85084,
            328.3
          ],
          [
            135.48132,
            34.85084,
            326
          ],
          [
            135.48107,
            34.85084,
            324.8
          ],
          [
            135.48073,
            34.85084,
            318.9
          ],
          [
            135.48047,
            34.85084,
            319.3
          ]
        ]
      }
    },
    {
      "type": "Feature",
      "properties": {
        "type": "route",
        "id": "route_B-35_to_E-08",
        "startPoint": "B-35",
        "endPoint": "E-08",
        "startPointGPS": [
          135.47576,
          34.85889,
          353.9
        ],
        "endPointGPS": [
          135.47347,
          34.85993,
          393
        ]
      },
      "geometry": {
        "type": "LineString",
        "coordinates": [
          [
            135.4757,
            34.85914,
            363.3
          ],
          [
            135.47547,
            34.85918,
            352
          ],
          [
            135.47533,
            34.85953,
            365.4
          ],
          [
            135.47515,
            34.85957,
            359.9
          ],
          [
            135.47497,
            34.85975,
            366
          ],
          [
            135.47468,
            34.85989,
            375.9
          ],
          [
            135.47433,
            34.85987,
            378.1
          ],
          [
            135.47406,
            34.85987,
            382.9
          ],
          [
            135.47373,
            34.85987,
            387.1
          ]
        ]
      }
    },
    {
      "type": "Feature",
      "properties": {
        "type": "route",
        "id": "route_G-08_to_G-17",
        "startPoint": "G-08",
        "endPoint": "G-17",
        "startPointGPS": [
          135.48631,
          34.85173,
          262
        ],
        "endPointGPS": [
          135.48451,
          34.85069,
          282.7
        ]
      },
      "geometry": {
        "type": "LineString",
        "coordinates": [
          [
            135.48598,
            34.85155,
            273.7
          ],
          [
            135.48547,
            34.85147,
            268.6
          ],
          [
            135.48513,
            34.8512,
            275.2
          ],
          [
            135.48498,
            34.85104,
            278.1
          ],
          [
            135.48477,
            34.85088,
            283.3
          ]
        ]
      }
    },
    {
      "type": "Feature",
      "properties": {
        "type": "route",
        "id": "route_G-02_to_B-31",
        "startPoint": "G-02",
        "endPoint": "B-31",
        "startPointGPS": [
          135.48577,
          34.84866,
          301.7
        ],
        "endPointGPS": [
          135.48143,
          34.84611,
          300.8
        ]
      },
      "geometry": {
        "type": "LineString",
        "coordinates": [
          [
            135.48561,
            34.8484,
            307.5
          ],
          [
            135.48543,
            34.84808,
            306.5
          ],
          [
            135.48525,
            34.84772,
            305.5
          ],
          [
            135.4852,
            34.84738,
            309.6
          ],
          [
            135.48486,
            34.84722,
            305.9
          ],
          [
            135.48435,
            34.84699,
            279.7
          ],
          [
            135.48416,
            34.84672,
            291.6
          ],
          [
            135.48377,
            34.84636,
            274.9
          ],
          [
            135.48316,
            34.84608,
            294.3
          ]
        ]
      }
    },
    {
      "type": "Feature",
      "properties": {
        "type": "route",
        "id": "route_B-25_to_B-24",
        "startPoint": "B-25",
        "endPoint": "B-24",
        "startPointGPS": [
          135.48032,
          34.85523,
          363.7
        ],
        "endPointGPS": [
          135.48007,
          34.85417,
          391.2
        ]
      },
      "geometry": {
        "type": "LineString",
        "coordinates": [
          [
            135.48022,
            34.85492,
            377.5
          ],
          [
            135.48016,
            34.85479,
            383.3
          ],
          [
            135.47989,
            34.85508,
            380
          ],
          [
            135.47975,
            34.85526,
            389.2
          ],
          [
            135.47975,
            34.85504,
            387.7
          ],
          [
            135.47975,
            34.85469,
            391.8
          ],
          [
            135.4799,
            34.85455,
            391.5
          ],
          [
            135.48016,
            34.85432,
            386.5
          ]
        ]
      }
    },
    {
      "type": "Feature",
      "properties": {
        "type": "route",
        "id": "route_E-05_to_三国峠",
        "startPoint": "E-05",
        "endPoint": "三国峠",
        "startPointGPS": [
          135.46847,
          34.85325,
          389.7
        ],
        "endPointGPS": [
          135.4682,
          34.8538,
          387.6
        ]
      },
      "geometry": {
        "type": "LineString",
        "coordinates": [
          [
            135.46843,
            34.85339,
            392.7
          ],
          [
            135.46852,
            34.85341,
            393.2
          ],
          [
            135.46838,
            34.85366,
            391.2
          ]
        ]
      }
    },
    {
      "type": "Feature",
      "properties": {
        "type": "route",
        "id": "route_B-10_to_B-09",
        "startPoint": "B-10",
        "endPoint": "B-09",
        "startPointGPS": [
          135.47995,
          34.85544,
          374.6
        ],
        "endPointGPS": [
          135.47792,
          34.85413,
          354.5
        ]
      },
      "geometry": {
        "type": "LineString",
        "coordinates": [
          [
            135.47975,
            34.85567,
            367
          ],
          [
            135.47941,
            34.85565,
            367.4
          ],
          [
            135.47941,
            34.85531,
            369.2
          ],
          [
            135.47936,
            34.8551,
            369.4
          ],
          [
            135.47941,
            34.85479,
            369.8
          ],
          [
            135.47923,
            34.85461,
            368.3
          ],
          [
            135.47916,
            34.85444,
            366.4
          ],
          [
            135.47875,
            34.85455,
            363.8
          ],
          [
            135.47869,
            34.85432,
            362.2
          ],
          [
            135.47818,
            34.85432,
            358.4
          ],
          [
            135.47796,
            34.85431,
            352.3
          ]
        ]
      }
    },
    {
      "type": "Feature",
      "properties": {
        "type": "route",
        "id": "route_B-37_to_B-04",
        "startPoint": "B-37",
        "endPoint": "B-04",
        "startPointGPS": [
          135.47732,
          34.85177,
          280.8
        ],
        "endPointGPS": [
          135.47633,
          34.85043,
          244.6
        ]
      },
      "geometry": {
        "type": "LineString",
        "coordinates": [
          [
            135.47728,
            34.85156,
            281.4
          ],
          [
            135.47728,
            34.85134,
            280.6
          ],
          [
            135.47729,
            34.85121,
            273.8
          ],
          [
            135.47728,
            34.85113,
            276.3
          ],
          [
            135.47706,
            34.85105,
            271.6
          ],
          [
            135.47687,
            34.85085,
            259.2
          ],
          [
            135.47667,
            34.8507,
            250.5
          ],
          [
            135.47645,
            34.85062,
            240.9
          ]
        ]
      }
    },
    {
      "type": "Feature",
      "properties": {
        "type": "route",
        "id": "route_B-38_to_B-37",
        "startPoint": "B-38",
        "endPoint": "B-37",
        "startPointGPS": [
          135.48075,
          34.85369,
          380.8
        ],
        "endPointGPS": [
          135.47732,
          34.85177,
          280.8
        ]
      },
      "geometry": {
        "type": "LineString",
        "coordinates": [
          [
            135.48047,
            34.8538,
            378.8
          ],
          [
            135.48047,
            34.85365,
            370
          ],
          [
            135.48053,
            34.85349,
            366.3
          ],
          [
            135.48022,
            34.85334,
            352.4
          ],
          [
            135.47983,
            34.85326,
            341.2
          ],
          [
            135.47975,
            34.85302,
            328.7
          ],
          [
            135.47947,
            34.8528,
            319.6
          ],
          [
            135.47928,
            34.85267,
            317.1
          ],
          [
            135.47903,
            34.85233,
            314.7
          ],
          [
            135.47876,
            34.85242,
            308.9
          ],
          [
            135.47853,
            34.85232,
            304.2
          ],
          [
            135.47822,
            34.85242,
            297.4
          ],
          [
            135.47785,
            34.8523,
            289.9
          ],
          [
            135.47767,
            34.85208,
            290.8
          ],
          [
            135.47739,
            34.85197,
            281.3
          ]
        ]
      }
    },
    {
      "type": "Feature",
      "properties": {
        "type": "route",
        "id": "route_B-29_to_B-30",
        "startPoint": "B-29",
        "endPoint": "B-30",
        "startPointGPS": [
          135.48049,
          34.84903,
          285.2
        ],
        "endPointGPS": [
          135.48091,
          34.84738,
          282.8
        ]
      },
      "geometry": {
        "type": "LineString",
        "coordinates": [
          [
            135.4806,
            34.84882,
            283.3
          ],
          [
            135.48073,
            34.8487,
            283.4
          ],
          [
            135.48073,
            34.84831,
            283.1
          ],
          [
            135.4806,
            34.84815,
            281.8
          ],
          [
            135.48069,
            34.84793,
            281
          ],
          [
            135.48075,
            34.84772,
            281.9
          ],
          [
            135.48083,
            34.84761,
            281.8
          ]
        ]
      }
    },
    {
      "type": "Feature",
      "properties": {
        "type": "route",
        "id": "route_G-18_to_G-08",
        "startPoint": "G-18",
        "endPoint": "G-08",
        "startPointGPS": [
          135.4861,
          34.85266,
          274.8
        ],
        "endPointGPS": [
          135.48631,
          34.85173,
          262
        ]
      },
      "geometry": {
        "type": "LineString",
        "coordinates": [
          [
            135.48624,
            34.8525,
            270.8
          ],
          [
            135.48629,
            34.85221,
            270.9
          ],
          [
            135.48629,
            34.85197,
            264
          ]
        ]
      }
    },
    {
      "type": "Feature",
      "properties": {
        "type": "route",
        "id": "route_B-23_to_B-39",
        "startPoint": "B-23",
        "endPoint": "B-39",
        "startPointGPS": [
          135.4802,
          34.85169,
          357
        ],
        "endPointGPS": [
          135.47963,
          34.85181,
          339.4
        ]
      },
      "geometry": {
        "type": "LineString",
        "coordinates": [
          [
            135.4799,
            34.85173,
            342.7
          ],
          [
            135.47978,
            34.85173,
            337.8
          ]
        ]
      }
    },
    {
      "type": "Feature",
      "properties": {
        "type": "route",
        "id": "route_G-09_to_G-19",
        "startPoint": "G-09",
        "endPoint": "G-19",
        "startPointGPS": [
          135.48587,
          34.85498,
          327
        ],
        "endPointGPS": [
          135.48533,
          34.85471,
          301.5
        ]
      },
      "geometry": {
        "type": "LineString",
        "coordinates": [
          [
            135.48576,
            34.85486,
            326
          ],
          [
            135.48547,
            34.85478,
            309.5
          ]
        ]
      }
    },
    {
      "type": "Feature",
      "properties": {
        "type": "route",
        "id": "route_B-30_to_B-31",
        "startPoint": "B-30",
        "endPoint": "B-31",
        "startPointGPS": [
          135.48091,
          34.84738,
          282.8
        ],
        "endPointGPS": [
          135.48143,
          34.84611,
          300.8
        ]
      },
      "geometry": {
        "type": "LineString",
        "coordinates": [
          [
            135.48108,
            34.84712,
            289.9
          ],
          [
            135.48108,
            34.84698,
            293.2
          ],
          [
            135.48108,
            34.8469,
            296.7
          ],
          [
            135.48116,
            34.84673,
            290.8
          ],
          [
            135.48116,
            34.84659,
            285.5
          ],
          [
            135.48121,
            34.84642,
            283.3
          ],
          [
            135.48127,
            34.84632,
            287.7
          ]
        ]
      }
    },
    {
      "type": "Feature",
      "properties": {
        "type": "route",
        "id": "route_F-15_to_C-20",
        "startPoint": "F-15",
        "endPoint": "C-20",
        "startPointGPS": [
          135.48627,
          34.86121,
          321.4
        ],
        "endPointGPS": [
          135.48653,
          34.86087,
          314.9
        ]
      },
      "geometry": {
        "type": "LineString",
        "coordinates": [
          [
            135.48623,
            34.86107,
            320
          ],
          [
            135.48623,
            34.86085,
            318.2
          ]
        ]
      }
    },
    {
      "type": "Feature",
      "properties": {
        "type": "route",
        "id": "route_B-29_to_G-16",
        "startPoint": "B-29",
        "endPoint": "G-16",
        "startPointGPS": [
          135.48049,
          34.84903,
          285.2
        ],
        "endPointGPS": [
          135.4837,
          34.85003,
          300.1
        ]
      },
      "geometry": {
        "type": "LineString",
        "coordinates": [
          [
            135.48083,
            34.84906,
            284.4
          ],
          [
            135.48108,
            34.84906,
            283.5
          ],
          [
            135.48121,
            34.84905,
            283.8
          ],
          [
            135.48153,
            34.84906,
            282.6
          ],
          [
            135.48163,
            34.84933,
            284
          ],
          [
            135.48189,
            34.84936,
            284.1
          ],
          [
            135.48202,
            34.84953,
            284.9
          ],
          [
            135.48236,
            34.8497,
            287.8
          ],
          [
            135.48267,
            34.84974,
            290.5
          ],
          [
            135.483,
            34.84974,
            293.4
          ],
          [
            135.48326,
            34.8498,
            296.5
          ],
          [
            135.48353,
            34.84984,
            298.9
          ]
        ]
      }
    },
    {
      "type": "Feature",
      "properties": {
        "type": "route",
        "id": "route_B-26_to_B-25",
        "startPoint": "B-26",
        "endPoint": "B-25",
        "startPointGPS": [
          135.47932,
          34.85738,
          283.7
        ],
        "endPointGPS": [
          135.48032,
          34.85523,
          363.7
        ]
      },
      "geometry": {
        "type": "LineString",
        "coordinates": [
          [
            135.4794,
            34.85712,
            290.7
          ],
          [
            135.47947,
            34.85669,
            308.2
          ],
          [
            135.47965,
            34.85634,
            313.3
          ],
          [
            135.47989,
            34.85598,
            337.8
          ],
          [
            135.48032,
            34.85565,
            348.9
          ],
          [
            135.48046,
            34.85531,
            357.2
          ]
        ]
      }
    },
    {
      "type": "Feature",
      "properties": {
        "type": "route",
        "id": "route_B-11_to_B-29",
        "startPoint": "B-11",
        "endPoint": "B-29",
        "startPointGPS": [
          135.4794,
          34.8485,
          295.5
        ],
        "endPointGPS": [
          135.48049,
          34.84903,
          285.2
        ]
      },
      "geometry": {
        "type": "LineString",
        "coordinates": [
          [
            135.47976,
            34.8487,
            291.1
          ],
          [
            135.47979,
            34.84882,
            289.3
          ],
          [
            135.48002,
            34.84889,
            287.5
          ],
          [
            135.48023,
            34.84905,
            285.7
          ],
          [
            135.48023,
            34.84905,
            285.7
          ]
        ]
      }
    },
    {
      "type": "Feature",
      "properties": {
        "type": "route",
        "id": "route_B-05_to_B-06",
        "startPoint": "B-05",
        "endPoint": "B-06",
        "startPointGPS": [
          135.47347,
          34.85442,
          247.1
        ],
        "endPointGPS": [
          135.47175,
          34.85643,
          235.2
        ]
      },
      "geometry": {
        "type": "LineString",
        "coordinates": [
          [
            135.47331,
            34.85436,
            239.1
          ],
          [
            135.47289,
            34.85444,
            231.1
          ],
          [
            135.47273,
            34.85466,
            232.1
          ],
          [
            135.4723,
            34.85479,
            229.1
          ],
          [
            135.47175,
            34.85486,
            229.9
          ],
          [
            135.47105,
            34.85493,
            233
          ],
          [
            135.47061,
            34.85514,
            233.3
          ],
          [
            135.47051,
            34.85541,
            234.2
          ],
          [
            135.47051,
            34.85565,
            235.3
          ],
          [
            135.47079,
            34.8558,
            235.5
          ],
          [
            135.47126,
            34.85595,
            242
          ],
          [
            135.47147,
            34.85622,
            236.4
          ],
          [
            135.47175,
            34.8563,
            237.2
          ]
        ]
      }
    },
    {
      "type": "Feature",
      "properties": {
        "type": "route",
        "id": "route_B-40_to_B-11",
        "startPoint": "B-40",
        "endPoint": "B-11",
        "startPointGPS": [
          135.47819,
          34.84931,
          279
        ],
        "endPointGPS": [
          135.4794,
          34.8485,
          295.5
        ]
      },
      "geometry": {
        "type": "LineString",
        "coordinates": [
          [
            135.47834,
            34.84914,
            285.7
          ],
          [
            135.47847,
            34.84906,
            290
          ],
          [
            135.4786,
            34.84889,
            282.4
          ],
          [
            135.47871,
            34.8487,
            282.6
          ],
          [
            135.47876,
            34.84862,
            284.6
          ],
          [
            135.47886,
            34.84854,
            288.6
          ],
          [
            135.47909,
            34.8485,
            289
          ]
        ]
      }
    },
    {
      "type": "Feature",
      "properties": {
        "type": "route",
        "id": "route_G-18_to_G-19",
        "startPoint": "G-18",
        "endPoint": "G-19",
        "startPointGPS": [
          135.4861,
          34.85266,
          274.8
        ],
        "endPointGPS": [
          135.48533,
          34.85471,
          301.5
        ]
      },
      "geometry": {
        "type": "LineString",
        "coordinates": [
          [
            135.48588,
            34.85284,
            275.1
          ],
          [
            135.48562,
            34.85318,
            282.8
          ],
          [
            135.48547,
            34.85348,
            290.1
          ],
          [
            135.48547,
            34.85401,
            298.5
          ],
          [
            135.48542,
            34.85454,
            302.8
          ]
        ]
      }
    },
    {
      "type": "Feature",
      "properties": {
        "type": "route",
        "id": "route_B-39_to_B-41",
        "startPoint": "B-39",
        "endPoint": "B-41",
        "startPointGPS": [
          135.47963,
          34.85181,
          339.4
        ],
        "endPointGPS": [
          135.47635,
          34.84852,
          254.6
        ]
      },
      "geometry": {
        "type": "LineString",
        "coordinates": [
          [
            135.47936,
            34.85189,
            346.2
          ],
          [
            135.47918,
            34.8517,
            349
          ],
          [
            135.47904,
            34.85156,
            344.6
          ],
          [
            135.47876,
            34.85134,
            336.7
          ],
          [
            135.4786,
            34.85121,
            327.3
          ],
          [
            135.47847,
            34.85113,
            321.5
          ],
          [
            135.47819,
            34.85089,
            316.6
          ],
          [
            135.47801,
            34.85085,
            316.1
          ],
          [
            135.4778,
            34.85066,
            316
          ],
          [
            135.4778,
            34.85043,
            306
          ],
          [
            135.4778,
            34.85018,
            300.4
          ],
          [
            135.47757,
            34.85004,
            304.3
          ],
          [
            135.47752,
            34.84995,
            301.9
          ],
          [
            135.47734,
            34.84979,
            298.2
          ],
          [
            135.47713,
            34.84957,
            292.1
          ],
          [
            135.47702,
            34.84941,
            288.7
          ],
          [
            135.47668,
            34.84922,
            277.4
          ],
          [
            135.47635,
            34.84906,
            270.1
          ],
          [
            135.4763,
            34.84889,
            263.1
          ],
          [
            135.47629,
            34.8487,
            255.9
          ]
        ]
      }
    },
    {
      "type": "Feature",
      "properties": {
        "type": "route",
        "id": "route_C-04_to_C-21",
        "startPoint": "C-04",
        "endPoint": "C-21",
        "startPointGPS": [
          135.48617,
          34.85992,
          311.6
        ],
        "endPointGPS": [
          135.48711,
          34.85934,
          318
        ]
      },
      "geometry": {
        "type": "LineString",
        "coordinates": [
          [
            135.48634,
            34.85988,
            310.7
          ],
          [
            135.48664,
            34.85975,
            313.8
          ],
          [
            135.48688,
            34.85971,
            318.6
          ],
          [
            135.48703,
            34.85952,
            317.5
          ]
        ]
      }
    },
    {
      "type": "Feature",
      "properties": {
        "type": "route",
        "id": "route_B-06_to_B-26",
        "startPoint": "B-06",
        "endPoint": "B-26",
        "startPointGPS": [
          135.47175,
          34.85643,
          235.2
        ],
        "endPointGPS": [
          135.47932,
          34.85738,
          283.7
        ]
      },
      "geometry": {
        "type": "LineString",
        "coordinates": [
          [
            135.47199,
            34.85643,
            239.1
          ],
          [
            135.4723,
            34.85654,
            238
          ],
          [
            135.47235,
            34.85631,
            243.4
          ],
          [
            135.4724,
            34.85609,
            245.1
          ],
          [
            135.47246,
            34.85591,
            250.9
          ],
          [
            135.47272,
            34.85595,
            248.6
          ],
          [
            135.47289,
            34.85595,
            250.1
          ],
          [
            135.47313,
            34.85603,
            254.2
          ],
          [
            135.47359,
            34.85654,
            259.6
          ],
          [
            135.47393,
            34.85662,
            259.1
          ],
          [
            135.47419,
            34.85654,
            258.7
          ],
          [
            135.47434,
            34.85631,
            260
          ],
          [
            135.47434,
            34.85609,
            258.5
          ],
          [
            135.47455,
            34.85595,
            263
          ],
          [
            135.47488,
            34.85609,
            264.7
          ],
          [
            135.47528,
            34.85621,
            266.2
          ],
          [
            135.47554,
            34.85629,
            267
          ],
          [
            135.47597,
            34.85643,
            268.7
          ],
          [
            135.47629,
            34.85653,
            275.6
          ],
          [
            135.47672,
            34.85639,
            273.1
          ],
          [
            135.47691,
            34.85609,
            272.6
          ],
          [
            135.47706,
            34.85588,
            276.6
          ],
          [
            135.47717,
            34.85576,
            273.8
          ],
          [
            135.47738,
            34.8558,
            274.5
          ],
          [
            135.47753,
            34.8559,
            275.1
          ],
          [
            135.47812,
            34.85617,
            277
          ],
          [
            135.47818,
            34.85635,
            277.5
          ],
          [
            135.47841,
            34.85653,
            278.2
          ],
          [
            135.47852,
            34.85661,
            277.2
          ],
          [
            135.47885,
            34.85669,
            279.9
          ],
          [
            135.47908,
            34.85681,
            280.5
          ],
          [
            135.47916,
            34.85695,
            280.9
          ],
          [
            135.47916,
            34.85716,
            281.4
          ]
        ]
      }
    },
    {
      "type": "Feature",
      "properties": {
        "type": "route",
        "id": "route_F-07_to_F-15",
        "startPoint": "F-07",
        "endPoint": "F-15",
        "startPointGPS": [
          135.48436,
          34.86216,
          379.6
        ],
        "endPointGPS": [
          135.48627,
          34.86121,
          321.4
        ]
      },
      "geometry": {
        "type": "LineString",
        "coordinates": [
          [
            135.4845,
            34.86199,
            372.2
          ],
          [
            135.48456,
            34.86183,
            369.7
          ],
          [
            135.48466,
            34.86171,
            368.5
          ],
          [
            135.48471,
            34.86158,
            368.1
          ],
          [
            135.48489,
            34.86146,
            369.1
          ],
          [
            135.48497,
            34.86138,
            368.6
          ],
          [
            135.48517,
            34.86138,
            364.9
          ],
          [
            135.4854,
            34.86117,
            355.4
          ],
          [
            135.48551,
            34.86113,
            354.4
          ],
          [
            135.48569,
            34.86103,
            349.4
          ],
          [
            135.48587,
            34.86078,
            343.5
          ],
          [
            135.48587,
            34.86107,
            337.5
          ],
          [
            135.48575,
            34.86125,
            339.7
          ],
          [
            135.48569,
            34.86156,
            334.9
          ],
          [
            135.48551,
            34.8617,
            332.7
          ],
          [
            135.48569,
            34.86189,
            332.1
          ],
          [
            135.4858,
            34.86158,
            326.6
          ],
          [
            135.48597,
            34.86142,
            323.9
          ]
        ]
      }
    },
    {
      "type": "Feature",
      "properties": {
        "type": "route",
        "id": "route_ライオン岩_to_戻岩橋",
        "startPoint": "ライオン岩",
        "endPoint": "戻岩橋",
        "startPointGPS": [
          135.47425,
          34.84622,
          157.6
        ],
        "endPointGPS": [
          135.47278,
          34.85089,
          165.6
        ]
      },
      "geometry": {
        "type": "LineString",
        "coordinates": [
          [
            135.47441,
            34.84633,
            157.2
          ],
          [
            135.47435,
            34.84664,
            168.4
          ],
          [
            135.47446,
            34.84685,
            185.1
          ],
          [
            135.4742,
            34.84699,
            172.4
          ],
          [
            135.47389,
            34.84707,
            153.1
          ],
          [
            135.47365,
            34.84712,
            145.8
          ],
          [
            135.47342,
            34.84727,
            146
          ],
          [
            135.4734,
            34.84754,
            159.8
          ],
          [
            135.47352,
            34.84772,
            145.6
          ],
          [
            135.47374,
            34.84776,
            149.2
          ],
          [
            135.47383,
            34.84794,
            145.9
          ],
          [
            135.47374,
            34.84827,
            157.2
          ],
          [
            135.47365,
            34.84844,
            156
          ],
          [
            135.47347,
            34.84862,
            158
          ],
          [
            135.47351,
            34.84889,
            159.3
          ],
          [
            135.4736,
            34.84907,
            160.2
          ],
          [
            135.47374,
            34.84936,
            167.1
          ],
          [
            135.47377,
            34.8496,
            153.9
          ],
          [
            135.47374,
            34.84995,
            154.7
          ],
          [
            135.47359,
            34.85026,
            157.9
          ],
          [
            135.4734,
            34.85054,
            166.4
          ],
          [
            135.47309,
            34.85081,
            166.4
          ]
        ]
      }
    },
    {
      "type": "Feature",
      "properties": {
        "type": "route",
        "id": "route_F-02_to_F-03",
        "startPoint": "F-02",
        "endPoint": "F-03",
        "startPointGPS": [
          135.47698,
          34.8642,
          343.6
        ],
        "endPointGPS": [
          135.47839,
          34.86879,
          335.1
        ]
      },
      "geometry": {
        "type": "LineString",
        "coordinates": [
          [
            135.47733,
            34.86423,
            347
          ],
          [
            135.47752,
            34.86435,
            346.6
          ],
          [
            135.4775,
            34.86471,
            342.6
          ],
          [
            135.47752,
            34.86517,
            339.3
          ],
          [
            135.47768,
            34.86548,
            337.3
          ],
          [
            135.47811,
            34.86568,
            345.3
          ],
          [
            135.47845,
            34.86591,
            346.9
          ],
          [
            135.47874,
            34.866,
            335.4
          ],
          [
            135.47879,
            34.86635,
            336.4
          ],
          [
            135.47902,
            34.86668,
            336.2
          ],
          [
            135.47916,
            34.86686,
            335.9
          ],
          [
            135.47926,
            34.86721,
            338
          ],
          [
            135.47907,
            34.86748,
            340.8
          ],
          [
            135.47874,
            34.86798,
            335.9
          ],
          [
            135.47845,
            34.86828,
            336.4
          ],
          [
            135.4784,
            34.86856,
            335.8
          ]
        ]
      }
    },
    {
      "type": "Feature",
      "properties": {
        "type": "route",
        "id": "route_F-15_to_C-04",
        "startPoint": "F-15",
        "endPoint": "C-04",
        "startPointGPS": [
          135.48627,
          34.86121,
          321.4
        ],
        "endPointGPS": [
          135.48617,
          34.85992,
          311.6
        ]
      },
      "geometry": {
        "type": "LineString",
        "coordinates": [
          [
            135.48628,
            34.86085,
            317.8
          ],
          [
            135.48639,
            34.86066,
            316.3
          ],
          [
            135.48634,
            34.86042,
            314.2
          ],
          [
            135.48628,
            34.86027,
            313.6
          ],
          [
            135.48623,
            34.86011,
            313.2
          ],
          [
            135.48623,
            34.86004,
            313
          ]
        ]
      }
    },
    {
      "type": "Feature",
      "properties": {
        "type": "route",
        "id": "route_修行の古場休憩所_to_石子詰",
        "startPoint": "修行の古場休憩所",
        "endPoint": "石子詰",
        "startPointGPS": [
          135.4734,
          34.84669,
          157.4
        ],
        "endPointGPS": [
          135.47323,
          34.84949,
          172.8
        ]
      },
      "geometry": {
        "type": "LineString",
        "coordinates": [
          [
            135.47304,
            34.84699,
            160
          ],
          [
            135.47295,
            34.84711,
            159.8
          ],
          [
            135.47278,
            34.84735,
            162.4
          ],
          [
            135.47283,
            34.84766,
            162.7
          ],
          [
            135.47304,
            34.84776,
            156.9
          ],
          [
            135.47309,
            34.84811,
            178.9
          ],
          [
            135.47295,
            34.84845,
            174.8
          ],
          [
            135.47294,
            34.84866,
            171.9
          ],
          [
            135.47309,
            34.84882,
            162
          ],
          [
            135.47314,
            34.84907,
            169.2
          ],
          [
            135.4732,
            34.84933,
            168.1
          ]
        ]
      }
    },
    {
      "type": "Feature",
      "properties": {
        "type": "route",
        "id": "route_C-21_to_G-20",
        "startPoint": "C-21",
        "endPoint": "G-20",
        "startPointGPS": [
          135.48711,
          34.85934,
          318
        ],
        "endPointGPS": [
          135.4912,
          34.85725,
          345.8
        ]
      },
      "geometry": {
        "type": "LineString",
        "coordinates": [
          [
            135.48727,
            34.85917,
            323.9
          ],
          [
            135.48755,
            34.85898,
            329.7
          ],
          [
            135.48783,
            34.85867,
            328.6
          ],
          [
            135.48807,
            34.85843,
            327
          ],
          [
            135.48848,
            34.85832,
            336.4
          ],
          [
            135.4888,
            34.85815,
            336.3
          ],
          [
            135.48934,
            34.85811,
            339.3
          ],
          [
            135.4898,
            34.85793,
            344.4
          ],
          [
            135.49006,
            34.85784,
            346.5
          ],
          [
            135.49043,
            34.85754,
            348.7
          ],
          [
            135.49063,
            34.85746,
            352.7
          ],
          [
            135.49084,
            34.85741,
            361.5
          ]
        ]
      }
    },
    {
      "type": "Feature",
      "properties": {
        "type": "route",
        "id": "route_G-17_to_G-15",
        "startPoint": "G-17",
        "endPoint": "G-15",
        "startPointGPS": [
          135.48451,
          34.85069,
          282.7
        ],
        "endPointGPS": [
          135.48544,
          34.84906,
          313.9
        ]
      },
      "geometry": {
        "type": "LineString",
        "coordinates": [
          [
            135.48458,
            34.85043,
            290
          ],
          [
            135.48472,
            34.85017,
            297.8
          ],
          [
            135.48485,
            34.84996,
            300.6
          ],
          [
            135.48494,
            34.8498,
            297.6
          ],
          [
            135.48503,
            34.8497,
            299.4
          ],
          [
            135.48528,
            34.84949,
            309.1
          ],
          [
            135.48541,
            34.84929,
            312.1
          ]
        ]
      }
    },
    {
      "type": "Feature",
      "properties": {
        "type": "route",
        "id": "route_B-22_to_B-11",
        "startPoint": "B-22",
        "endPoint": "B-11",
        "startPointGPS": [
          135.48022,
          34.85061,
          316.9
        ],
        "endPointGPS": [
          135.4794,
          34.8485,
          295.5
        ]
      },
      "geometry": {
        "type": "LineString",
        "coordinates": [
          [
            135.48006,
            34.85031,
            312.8
          ],
          [
            135.47979,
            34.85017,
            310.6
          ],
          [
            135.47975,
            34.8498,
            306.5
          ],
          [
            135.47971,
            34.84964,
            307.2
          ],
          [
            135.47961,
            34.84936,
            306.3
          ],
          [
            135.47948,
            34.84918,
            304.1
          ],
          [
            135.47948,
            34.84905,
            302.2
          ],
          [
            135.47948,
            34.84897,
            301.9
          ],
          [
            135.47941,
            34.84882,
            299.5
          ],
          [
            135.47936,
            34.8487,
            297.5
          ]
        ]
      }
    },
    {
      "type": "Feature",
      "properties": {
        "type": "route",
        "id": "route_G-19_to_G-30",
        "startPoint": "G-19",
        "endPoint": "G-30",
        "startPointGPS": [
          135.48533,
          34.85471,
          301.5
        ],
        "endPointGPS": [
          135.48248,
          34.85825,
          295.8
        ]
      },
      "geometry": {
        "type": "LineString",
        "coordinates": [
          [
            135.48519,
            34.85509,
            309.9
          ],
          [
            135.48503,
            34.8554,
            311.2
          ],
          [
            135.4849,
            34.85575,
            322
          ],
          [
            135.48477,
            34.85609,
            327.4
          ],
          [
            135.48457,
            34.85638,
            321.4
          ],
          [
            135.48415,
            34.85661,
            330.8
          ],
          [
            135.48393,
            34.8569,
            338
          ],
          [
            135.48371,
            34.85712,
            334.7
          ],
          [
            135.48348,
            34.85745,
            336.8
          ],
          [
            135.48315,
            34.85763,
            323.9
          ],
          [
            135.48299,
            34.85784,
            317.1
          ],
          [
            135.48278,
            34.85801,
            309
          ]
        ]
      }
    },
    {
      "type": "Feature",
      "properties": {
        "type": "route",
        "id": "route_B-27_to_B-08",
        "startPoint": "B-27",
        "endPoint": "B-08",
        "startPointGPS": [
          135.47574,
          34.85421,
          349
        ],
        "endPointGPS": [
          135.47532,
          34.8529,
          349.3
        ]
      },
      "geometry": {
        "type": "LineString",
        "coordinates": [
          [
            135.47559,
            34.85401,
            348.2
          ],
          [
            135.47548,
            34.85376,
            341.2
          ],
          [
            135.4754,
            34.85349,
            334.9
          ],
          [
            135.47529,
            34.85318,
            338.7
          ],
          [
            135.47503,
            34.85302,
            344.3
          ]
        ]
      }
    },
    {
      "type": "Feature",
      "properties": {
        "type": "route",
        "id": "route_G-20_to_G-09",
        "startPoint": "G-20",
        "endPoint": "G-09",
        "startPointGPS": [
          135.4912,
          34.85725,
          345.8
        ],
        "endPointGPS": [
          135.48587,
          34.85498,
          327
        ]
      },
      "geometry": {
        "type": "LineString",
        "coordinates": [
          [
            135.49084,
            34.85699,
            348
          ],
          [
            135.49044,
            34.85699,
            346.3
          ],
          [
            135.4898,
            34.8569,
            355.5
          ],
          [
            135.4892,
            34.85694,
            349.9
          ],
          [
            135.48874,
            34.857,
            365.3
          ],
          [
            135.48843,
            34.85722,
            374.6
          ],
          [
            135.48801,
            34.85747,
            372.8
          ],
          [
            135.48755,
            34.85763,
            366.6
          ],
          [
            135.48713,
            34.85747,
            365.4
          ],
          [
            135.4867,
            34.85722,
            376.5
          ],
          [
            135.48628,
            34.857,
            370.2
          ],
          [
            135.48597,
            34.85672,
            361.9
          ],
          [
            135.48561,
            34.85634,
            354.2
          ],
          [
            135.48556,
            34.85583,
            341.4
          ],
          [
            135.48576,
            34.8554,
            327.8
          ],
          [
            135.48576,
            34.85521,
            320.2
          ]
        ]
      }
    },
    {
      "type": "Feature",
      "properties": {
        "type": "route",
        "id": "route_C-24_to_C-20",
        "startPoint": "C-24",
        "endPoint": "C-20",
        "startPointGPS": [
          135.49396,
          34.86264,
          409.1
        ],
        "endPointGPS": [
          135.48653,
          34.86087,
          314.9
        ]
      },
      "geometry": {
        "type": "LineString",
        "coordinates": [
          [
            135.49372,
            34.86273,
            408.3
          ],
          [
            135.4934,
            34.86287,
            412.4
          ],
          [
            135.49296,
            34.86287,
            419.6
          ],
          [
            135.49259,
            34.86287,
            417.3
          ],
          [
            135.49231,
            34.863,
            415.6
          ],
          [
            135.49186,
            34.86312,
            423.2
          ],
          [
            135.49144,
            34.863,
            420.6
          ],
          [
            135.49098,
            34.86286,
            416.3
          ],
          [
            135.49051,
            34.86281,
            419
          ],
          [
            135.48999,
            34.86286,
            421.6
          ],
          [
            135.48967,
            34.86311,
            411.6
          ],
          [
            135.4893,
            34.86338,
            394.8
          ],
          [
            135.4893,
            34.8629,
            384.4
          ],
          [
            135.48912,
            34.86254,
            377.3
          ],
          [
            135.48865,
            34.86243,
            366.3
          ],
          [
            135.48839,
            34.86243,
            363.6
          ],
          [
            135.4879,
            34.86235,
            352.6
          ],
          [
            135.48774,
            34.86197,
            350.6
          ],
          [
            135.48748,
            34.8617,
            345.6
          ],
          [
            135.48715,
            34.86149,
            332.1
          ],
          [
            135.48678,
            34.86118,
            322.7
          ]
        ]
      }
    },
    {
      "type": "Feature",
      "properties": {
        "type": "route",
        "id": "route_G-04_to_C-02",
        "startPoint": "G-04",
        "endPoint": "C-02",
        "startPointGPS": [
          135.49334,
          34.85427,
          259.1
        ],
        "endPointGPS": [
          135.49547,
          34.85638,
          290.3
        ]
      },
      "geometry": {
        "type": "LineString",
        "coordinates": [
          [
            135.49343,
            34.85444,
            260.2
          ],
          [
            135.49361,
            34.85474,
            263.7
          ],
          [
            135.49408,
            34.855,
            271.7
          ],
          [
            135.4945,
            34.85504,
            283.6
          ],
          [
            135.49463,
            34.85516,
            291.7
          ],
          [
            135.49463,
            34.85563,
            288.1
          ],
          [
            135.49483,
            34.85594,
            282.2
          ],
          [
            135.49528,
            34.85615,
            291.6
          ]
        ]
      }
    },
    {
      "type": "Feature",
      "properties": {
        "type": "route",
        "id": "route_C-17_to_C-18",
        "startPoint": "C-17",
        "endPoint": "C-18",
        "startPointGPS": [
          135.49376,
          34.85945,
          348
        ],
        "endPointGPS": [
          135.49442,
          34.86205,
          417.6
        ]
      },
      "geometry": {
        "type": "LineString",
        "coordinates": [
          [
            135.49381,
            34.85963,
            352.7
          ],
          [
            135.49385,
            34.8599,
            363.2
          ],
          [
            135.49409,
            34.86014,
            377.7
          ],
          [
            135.49437,
            34.86031,
            388.8
          ],
          [
            135.49451,
            34.86054,
            407.6
          ],
          [
            135.49464,
            34.86072,
            414.8
          ],
          [
            135.49464,
            34.86101,
            417.8
          ],
          [
            135.49452,
            34.86132,
            412.4
          ],
          [
            135.49442,
            34.86155,
            415
          ],
          [
            135.49442,
            34.86172,
            417.2
          ],
          [
            135.49452,
            34.86189,
            418.2
          ]
        ]
      }
    },
    {
      "type": "Feature",
      "properties": {
        "type": "route",
        "id": "route_G-29_to_G-03",
        "startPoint": "G-29",
        "endPoint": "G-03",
        "startPointGPS": [
          135.49185,
          34.85125,
          302.3
        ],
        "endPointGPS": [
          135.49142,
          34.85708,
          343.6
        ]
      },
      "geometry": {
        "type": "LineString",
        "coordinates": [
          [
            135.49183,
            34.85138,
            303.1
          ],
          [
            135.49164,
            34.85161,
            292.5
          ],
          [
            135.49141,
            34.85161,
            289.3
          ],
          [
            135.49102,
            34.85187,
            282.4
          ],
          [
            135.49062,
            34.85187,
            282.2
          ],
          [
            135.49024,
            34.85196,
            282.6
          ],
          [
            135.49025,
            34.85241,
            299.8
          ],
          [
            135.49016,
            34.85245,
            299.9
          ],
          [
            135.48997,
            34.85265,
            298.5
          ],
          [
            135.48997,
            34.85302,
            296.3
          ],
          [
            135.49002,
            34.85333,
            299.6
          ],
          [
            135.49049,
            34.8535,
            290.2
          ],
          [
            135.49044,
            34.85388,
            299.2
          ],
          [
            135.49049,
            34.85429,
            308.3
          ],
          [
            135.49075,
            34.85456,
            312.3
          ],
          [
            135.49103,
            34.85495,
            317
          ],
          [
            135.49119,
            34.85511,
            317.8
          ],
          [
            135.49119,
            34.85538,
            323.2
          ],
          [
            135.49119,
            34.85562,
            327.9
          ],
          [
            135.49124,
            34.85589,
            328.8
          ],
          [
            135.49142,
            34.85614,
            335.5
          ],
          [
            135.49142,
            34.85636,
            332.8
          ],
          [
            135.49165,
            34.85667,
            349.1
          ],
          [
            135.49142,
            34.85693,
            338.9
          ]
        ]
      }
    },
    {
      "type": "Feature",
      "properties": {
        "type": "route",
        "id": "route_G-13_to_G-14",
        "startPoint": "G-13",
        "endPoint": "G-14",
        "startPointGPS": [
          135.48669,
          34.84587,
          204.4
        ],
        "endPointGPS": [
          135.4861,
          34.84785,
          289.5
        ]
      },
      "geometry": {
        "type": "LineString",
        "coordinates": [
          [
            135.48686,
            34.84595,
            214.2
          ],
          [
            135.48696,
            34.84608,
            226.6
          ],
          [
            135.48696,
            34.84617,
            229.8
          ],
          [
            135.48686,
            34.84636,
            239.1
          ],
          [
            135.48686,
            34.84655,
            243.6
          ],
          [
            135.48679,
            34.84667,
            249.3
          ],
          [
            135.48663,
            34.84683,
            254.6
          ],
          [
            135.48663,
            34.84698,
            262.9
          ],
          [
            135.48658,
            34.84718,
            277.4
          ],
          [
            135.48646,
            34.84726,
            277.7
          ],
          [
            135.48641,
            34.84744,
            288.6
          ],
          [
            135.48631,
            34.84766,
            290.3
          ]
        ]
      }
    },
    {
      "type": "Feature",
      "properties": {
        "type": "route",
        "id": "route_C-17_to_C-19",
        "startPoint": "C-17",
        "endPoint": "C-19",
        "startPointGPS": [
          135.49376,
          34.85945,
          348
        ],
        "endPointGPS": [
          135.49259,
          34.85975,
          346.4
        ]
      },
      "geometry": {
        "type": "LineString",
        "coordinates": [
          [
            135.49362,
            34.85948,
            346.7
          ],
          [
            135.49339,
            34.85963,
            346.8
          ],
          [
            135.49312,
            34.85969,
            346
          ],
          [
            135.49289,
            34.85969,
            344.9
          ]
        ]
      }
    },
    {
      "type": "Feature",
      "properties": {
        "type": "route",
        "id": "route_C-18_to_C-24",
        "startPoint": "C-18",
        "endPoint": "C-24",
        "startPointGPS": [
          135.49442,
          34.86205,
          417.6
        ],
        "endPointGPS": [
          135.49396,
          34.86264,
          409.1
        ]
      },
      "geometry": {
        "type": "LineString",
        "coordinates": [
          [
            135.49437,
            34.86217,
            416
          ],
          [
            135.49418,
            34.8624,
            412
          ]
        ]
      }
    },
    {
      "type": "Feature",
      "properties": {
        "type": "route",
        "id": "route_C-14_to_C-15",
        "startPoint": "C-14",
        "endPoint": "C-15",
        "startPointGPS": [
          135.49502,
          34.85333,
          323.1
        ],
        "endPointGPS": [
          135.49513,
          34.85476,
          316.8
        ]
      },
      "geometry": {
        "type": "LineString",
        "coordinates": [
          [
            135.495,
            34.85352,
            324.7
          ],
          [
            135.495,
            34.85381,
            321.3
          ],
          [
            135.49477,
            34.85416,
            324.3
          ],
          [
            135.49487,
            34.85457,
            322.1
          ]
        ]
      }
    },
    {
      "type": "Feature",
      "properties": {
        "type": "route",
        "id": "route_G-04_to_G-21",
        "startPoint": "G-04",
        "endPoint": "G-21",
        "startPointGPS": [
          135.49334,
          34.85427,
          259.1
        ],
        "endPointGPS": [
          135.49252,
          34.85774,
          342.2
        ]
      },
      "geometry": {
        "type": "LineString",
        "coordinates": [
          [
            135.49315,
            34.85439,
            273
          ],
          [
            135.49311,
            34.85462,
            274.6
          ],
          [
            135.49311,
            34.855,
            281
          ],
          [
            135.49311,
            34.85522,
            279.3
          ],
          [
            135.49311,
            34.85557,
            279.2
          ],
          [
            135.49311,
            34.8558,
            293.7
          ],
          [
            135.49288,
            34.85608,
            293.5
          ],
          [
            135.49306,
            34.85627,
            314.7
          ],
          [
            135.49288,
            34.85659,
            306.3
          ],
          [
            135.49282,
            34.85716,
            324.8
          ],
          [
            135.49274,
            34.85747,
            339.9
          ]
        ]
      }
    },
    {
      "type": "Feature",
      "properties": {
        "type": "route",
        "id": "route_G-02_to_G-15",
        "startPoint": "G-02",
        "endPoint": "G-15",
        "startPointGPS": [
          135.48577,
          34.84866,
          301.7
        ],
        "endPointGPS": [
          135.48544,
          34.84906,
          313.9
        ]
      },
      "geometry": {
        "type": "LineString",
        "coordinates": [
          [
            135.48563,
            34.84875,
            309.4
          ],
          [
            135.48553,
            34.84883,
            312.9
          ]
        ]
      }
    },
    {
      "type": "Feature",
      "properties": {
        "type": "route",
        "id": "route_C-12_to_C-13",
        "startPoint": "C-12",
        "endPoint": "C-13",
        "startPointGPS": [
          135.49959,
          34.84635,
          143.5
        ],
        "endPointGPS": [
          135.49647,
          34.85005,
          266.7
        ]
      },
      "geometry": {
        "type": "LineString",
        "coordinates": [
          [
            135.49956,
            34.84654,
            150.9
          ],
          [
            135.49923,
            34.84681,
            162.5
          ],
          [
            135.49863,
            34.84696,
            173.8
          ],
          [
            135.49825,
            34.84715,
            187.3
          ],
          [
            135.49818,
            34.84747,
            188.5
          ],
          [
            135.49802,
            34.84803,
            200.6
          ],
          [
            135.49789,
            34.84821,
            206.9
          ],
          [
            135.49789,
            34.84856,
            205.9
          ],
          [
            135.4977,
            34.84869,
            213
          ],
          [
            135.49729,
            34.84908,
            222.6
          ],
          [
            135.4971,
            34.8494,
            232.2
          ],
          [
            135.49669,
            34.84984,
            254.5
          ]
        ]
      }
    },
    {
      "type": "Feature",
      "properties": {
        "type": "route",
        "id": "route_C-15_to_C-16",
        "startPoint": "C-15",
        "endPoint": "C-16",
        "startPointGPS": [
          135.49513,
          34.85476,
          316.8
        ],
        "endPointGPS": [
          135.49527,
          34.85567,
          308.9
        ]
      },
      "geometry": {
        "type": "LineString",
        "coordinates": [
          [
            135.49515,
            34.85496,
            313.8
          ],
          [
            135.4952,
            34.85523,
            307.4
          ],
          [
            135.49528,
            34.85558,
            307.1
          ]
        ]
      }
    },
    {
      "type": "Feature",
      "properties": {
        "type": "route",
        "id": "route_C-19_to_C-18",
        "startPoint": "C-19",
        "endPoint": "C-18",
        "startPointGPS": [
          135.49259,
          34.85975,
          346.4
        ],
        "endPointGPS": [
          135.49442,
          34.86205,
          417.6
        ]
      },
      "geometry": {
        "type": "LineString",
        "coordinates": [
          [
            135.49274,
            34.85989,
            351.7
          ],
          [
            135.49289,
            34.86014,
            361.1
          ],
          [
            135.49312,
            34.86036,
            373.6
          ],
          [
            135.49317,
            34.86071,
            372.9
          ],
          [
            135.49317,
            34.86097,
            390.7
          ],
          [
            135.49312,
            34.86135,
            390.5
          ],
          [
            135.49335,
            34.86158,
            385.1
          ],
          [
            135.49353,
            34.86181,
            391.7
          ],
          [
            135.49385,
            34.86189,
            384.7
          ],
          [
            135.49418,
            34.86199,
            405.4
          ]
        ]
      }
    },
    {
      "type": "Feature",
      "properties": {
        "type": "route",
        "id": "route_C-13_to_C-14",
        "startPoint": "C-13",
        "endPoint": "C-14",
        "startPointGPS": [
          135.49647,
          34.85005,
          266.7
        ],
        "endPointGPS": [
          135.49502,
          34.85333,
          323.1
        ]
      },
      "geometry": {
        "type": "LineString",
        "coordinates": [
          [
            135.49611,
            34.84997,
            273.1
          ],
          [
            135.49593,
            34.85004,
            273.6
          ],
          [
            135.49571,
            34.8504,
            278.6
          ],
          [
            135.49551,
            34.85084,
            276.4
          ],
          [
            135.4956,
            34.85135,
            282.6
          ],
          [
            135.4956,
            34.85166,
            284.6
          ],
          [
            135.49532,
            34.85211,
            291.4
          ],
          [
            135.49514,
            34.85246,
            293
          ],
          [
            135.49515,
            34.85303,
            318.9
          ]
        ]
      }
    },
    {
      "type": "Feature",
      "properties": {
        "type": "route",
        "id": "route_G-21_to_C-19",
        "startPoint": "G-21",
        "endPoint": "C-19",
        "startPointGPS": [
          135.49252,
          34.85774,
          342.2
        ],
        "endPointGPS": [
          135.49259,
          34.85975,
          346.4
        ]
      },
      "geometry": {
        "type": "LineString",
        "coordinates": [
          [
            135.49245,
            34.85799,
            354.2
          ],
          [
            135.49235,
            34.85817,
            350.8
          ],
          [
            135.4923,
            34.8585,
            348.8
          ],
          [
            135.4923,
            34.85878,
            349.4
          ],
          [
            135.4923,
            34.85917,
            348.1
          ],
          [
            135.4924,
            34.85959,
            343.8
          ]
        ]
      }
    },
    {
      "type": "Feature",
      "properties": {
        "type": "route",
        "id": "route_C-01_to_C-14",
        "startPoint": "C-01",
        "endPoint": "C-14",
        "startPointGPS": [
          135.49939,
          34.84988,
          205.2
        ],
        "endPointGPS": [
          135.49502,
          34.85333,
          323.1
        ]
      },
      "geometry": {
        "type": "LineString",
        "coordinates": [
          [
            135.49916,
            34.84998,
            210.6
          ],
          [
            135.49906,
            34.85023,
            213.6
          ],
          [
            135.49864,
            34.8504,
            221.7
          ],
          [
            135.4984,
            34.85071,
            228.8
          ],
          [
            135.49817,
            34.85102,
            236.8
          ],
          [
            135.4979,
            34.85139,
            245.3
          ],
          [
            135.4974,
            34.85158,
            245
          ],
          [
            135.4973,
            34.85139,
            245.4
          ],
          [
            135.49676,
            34.85124,
            260.3
          ],
          [
            135.49658,
            34.85135,
            265.1
          ],
          [
            135.49649,
            34.85158,
            270.9
          ],
          [
            135.49616,
            34.85194,
            266.1
          ],
          [
            135.49602,
            34.85235,
            262.5
          ],
          [
            135.49617,
            34.85246,
            269.6
          ],
          [
            135.49576,
            34.85297,
            296.6
          ],
          [
            135.49547,
            34.85313,
            307.5
          ]
        ]
      }
    },
    {
      "type": "Feature",
      "properties": {
        "type": "route",
        "id": "route_J-01_to_C-03",
        "startPoint": "J-01",
        "endPoint": "C-03",
        "startPointGPS": [
          135.49666,
          34.86653,
          354.9
        ],
        "endPointGPS": [
          135.49334,
          34.86425,
          357.8
        ]
      },
      "geometry": {
        "type": "LineString",
        "coordinates": [
          [
            135.49667,
            34.86642,
            354.1
          ],
          [
            135.49629,
            34.86629,
            351.8
          ],
          [
            135.49597,
            34.86603,
            347.6
          ],
          [
            135.49579,
            34.86575,
            345.3
          ],
          [
            135.49568,
            34.86555,
            344.7
          ],
          [
            135.4955,
            34.86515,
            344.4
          ],
          [
            135.49574,
            34.86479,
            338
          ],
          [
            135.49522,
            34.86475,
            338.2
          ],
          [
            135.49475,
            34.8647,
            344.3
          ],
          [
            135.49443,
            34.8646,
            347.4
          ],
          [
            135.49405,
            34.86458,
            350.4
          ],
          [
            135.49363,
            34.86449,
            353.9
          ]
        ]
      }
    },
    {
      "type": "Feature",
      "properties": {
        "type": "route",
        "id": "route_C-24_to_C-03",
        "startPoint": "C-24",
        "endPoint": "C-03",
        "startPointGPS": [
          135.49396,
          34.86264,
          409.1
        ],
        "endPointGPS": [
          135.49334,
          34.86425,
          357.8
        ]
      },
      "geometry": {
        "type": "LineString",
        "coordinates": [
          [
            135.49385,
            34.86287,
            402.1
          ],
          [
            135.49382,
            34.86312,
            400.4
          ],
          [
            135.49373,
            34.86339,
            395.7
          ],
          [
            135.49363,
            34.8636,
            385
          ],
          [
            135.49353,
            34.86391,
            373
          ]
        ]
      }
    },
    {
      "type": "Feature",
      "properties": {
        "type": "route",
        "id": "route_G-21_to_G-22",
        "startPoint": "G-21",
        "endPoint": "G-22",
        "startPointGPS": [
          135.49252,
          34.85774,
          342.2
        ],
        "endPointGPS": [
          135.49147,
          34.85803,
          375.9
        ]
      },
      "geometry": {
        "type": "LineString",
        "coordinates": [
          [
            135.49235,
            34.85777,
            347.2
          ],
          [
            135.49194,
            34.8578,
            356.8
          ],
          [
            135.49165,
            34.85799,
            367.8
          ]
        ]
      }
    },
    {
      "type": "Feature",
      "properties": {
        "type": "route",
        "id": "route_G-02_to_G-08",
        "startPoint": "G-02",
        "endPoint": "G-08",
        "startPointGPS": [
          135.48577,
          34.84866,
          301.7
        ],
        "endPointGPS": [
          135.48631,
          34.85173,
          262
        ]
      },
      "geometry": {
        "type": "LineString",
        "coordinates": [
          [
            135.48586,
            34.84884,
            292.9
          ],
          [
            135.48591,
            34.84913,
            299.2
          ],
          [
            135.48591,
            34.84937,
            304.8
          ],
          [
            135.48609,
            34.84972,
            296.5
          ],
          [
            135.48614,
            34.85007,
            306.9
          ],
          [
            135.48604,
            34.85038,
            306.7
          ],
          [
            135.48596,
            34.8506,
            304.2
          ],
          [
            135.48596,
            34.85099,
            291.8
          ],
          [
            135.48614,
            34.85141,
            259
          ]
        ]
      }
    },
    {
      "type": "Feature",
      "properties": {
        "type": "route",
        "id": "route_G-22_to_G-23",
        "startPoint": "G-22",
        "endPoint": "G-23",
        "startPointGPS": [
          135.49147,
          34.85803,
          375.9
        ],
        "endPointGPS": [
          135.49097,
          34.85848,
          394.6
        ]
      },
      "geometry": {
        "type": "LineString",
        "coordinates": [
          [
            135.49135,
            34.85831,
            390.6
          ],
          [
            135.4912,
            34.8585,
            399.4
          ]
        ]
      }
    },
    {
      "type": "Feature",
      "properties": {
        "type": "route",
        "id": "route_G-05_to_G-29",
        "startPoint": "G-05",
        "endPoint": "G-29",
        "startPointGPS": [
          135.49201,
          34.84933,
          284.9
        ],
        "endPointGPS": [
          135.49185,
          34.85125,
          302.3
        ]
      },
      "geometry": {
        "type": "LineString",
        "coordinates": [
          [
            135.4921,
            34.84952,
            283.8
          ],
          [
            135.4921,
            34.84965,
            289.4
          ],
          [
            135.49193,
            34.84996,
            293
          ],
          [
            135.49193,
            34.85022,
            293
          ],
          [
            135.49193,
            34.85056,
            297.1
          ],
          [
            135.49193,
            34.85087,
            300.3
          ]
        ]
      }
    },
    {
      "type": "Feature",
      "properties": {
        "type": "route",
        "id": "route_G-08_to_G-18",
        "startPoint": "G-08",
        "endPoint": "G-18",
        "startPointGPS": [
          135.48631,
          34.85173,
          262
        ],
        "endPointGPS": [
          135.4861,
          34.85266,
          274.8
        ]
      },
      "geometry": {
        "type": "LineString",
        "coordinates": [
          [
            135.48627,
            34.85192,
            263.7
          ],
          [
            135.48632,
            34.85214,
            272.2
          ],
          [
            135.48627,
            34.8524,
            272.5
          ]
        ]
      }
    },
    {
      "type": "Feature",
      "properties": {
        "type": "route",
        "id": "route_G-20_to_C-21",
        "startPoint": "G-20",
        "endPoint": "C-21",
        "startPointGPS": [
          135.4912,
          34.85725,
          345.8
        ],
        "endPointGPS": [
          135.48711,
          34.85934,
          318
        ]
      },
      "geometry": {
        "type": "LineString",
        "coordinates": [
          [
            135.49082,
            34.85739,
            361.6
          ],
          [
            135.4905,
            34.85751,
            349.4
          ],
          [
            135.49026,
            34.85765,
            346.9
          ],
          [
            135.49018,
            34.85776,
            346.7
          ],
          [
            135.48976,
            34.85793,
            342.9
          ],
          [
            135.48959,
            34.85803,
            340
          ],
          [
            135.48919,
            34.85811,
            338.9
          ],
          [
            135.48873,
            34.85812,
            334.5
          ],
          [
            135.48838,
            34.85835,
            334.5
          ],
          [
            135.48807,
            34.85857,
            335.9
          ],
          [
            135.48773,
            34.85877,
            328
          ],
          [
            135.48747,
            34.85899,
            326
          ],
          [
            135.48726,
            34.85916,
            322.6
          ]
        ]
      }
    },
    {
      "type": "Feature",
      "properties": {
        "type": "route",
        "id": "route_C-02_to_C-17",
        "startPoint": "C-02",
        "endPoint": "C-17",
        "startPointGPS": [
          135.49547,
          34.85638,
          290.3
        ],
        "endPointGPS": [
          135.49376,
          34.85945,
          348
        ]
      },
      "geometry": {
        "type": "LineString",
        "coordinates": [
          [
            135.49548,
            34.8565,
            291.4
          ],
          [
            135.49528,
            34.85659,
            301.2
          ],
          [
            135.49515,
            34.85709,
            330.6
          ],
          [
            135.49515,
            34.85733,
            328.4
          ],
          [
            135.49511,
            34.85767,
            340.8
          ],
          [
            135.49488,
            34.858,
            333.5
          ],
          [
            135.49473,
            34.85817,
            334.5
          ],
          [
            135.49451,
            34.85832,
            334.4
          ],
          [
            135.49431,
            34.85844,
            341
          ],
          [
            135.49409,
            34.85867,
            351.8
          ],
          [
            135.49396,
            34.85885,
            357.3
          ],
          [
            135.49396,
            34.859,
            353.7
          ],
          [
            135.49396,
            34.85917,
            349.6
          ],
          [
            135.49385,
            34.85935,
            350.3
          ]
        ]
      }
    },
    {
      "type": "Feature",
      "properties": {
        "type": "route",
        "id": "route_G-09_to_G-20",
        "startPoint": "G-09",
        "endPoint": "G-20",
        "startPointGPS": [
          135.48587,
          34.85498,
          327
        ],
        "endPointGPS": [
          135.4912,
          34.85725,
          345.8
        ]
      },
      "geometry": {
        "type": "LineString",
        "coordinates": [
          [
            135.48582,
            34.8551,
            322.4
          ],
          [
            135.48565,
            34.85537,
            324.9
          ],
          [
            135.48555,
            34.85573,
            337.6
          ],
          [
            135.48555,
            34.85613,
            350.2
          ],
          [
            135.48565,
            34.8564,
            355.4
          ],
          [
            135.48588,
            34.85671,
            362.6
          ],
          [
            135.48628,
            34.85696,
            366.3
          ],
          [
            135.48661,
            34.85719,
            376.3
          ],
          [
            135.48705,
            34.85742,
            366.7
          ],
          [
            135.48747,
            34.85765,
            367.5
          ],
          [
            135.48784,
            34.85754,
            371.5
          ],
          [
            135.48826,
            34.85731,
            372.1
          ],
          [
            135.48844,
            34.85707,
            374.4
          ],
          [
            135.48906,
            34.85697,
            350.4
          ],
          [
            135.48966,
            34.85693,
            351.4
          ],
          [
            135.49021,
            34.85697,
            338.7
          ],
          [
            135.49071,
            34.85716,
            355.6
          ],
          [
            135.49104,
            34.8572,
            345.3
          ]
        ]
      }
    },
    {
      "type": "Feature",
      "properties": {
        "type": "route",
        "id": "route_G-18_to_G-09",
        "startPoint": "G-18",
        "endPoint": "G-09",
        "startPointGPS": [
          135.4861,
          34.85266,
          274.8
        ],
        "endPointGPS": [
          135.48587,
          34.85498,
          327
        ]
      },
      "geometry": {
        "type": "LineString",
        "coordinates": [
          [
            135.48614,
            34.85291,
            290.4
          ],
          [
            135.48627,
            34.85332,
            295.3
          ],
          [
            135.48615,
            34.85372,
            318.8
          ],
          [
            135.48597,
            34.85403,
            324.9
          ],
          [
            135.48597,
            34.85438,
            328.1
          ],
          [
            135.48597,
            34.85473,
            330.7
          ]
        ]
      }
    },
    {
      "type": "Feature",
      "properties": {
        "type": "route",
        "id": "route_G-03_to_G-21",
        "startPoint": "G-03",
        "endPoint": "G-21",
        "startPointGPS": [
          135.49142,
          34.85708,
          343.6
        ],
        "endPointGPS": [
          135.49252,
          34.85774,
          342.2
        ]
      },
      "geometry": {
        "type": "LineString",
        "coordinates": [
          [
            135.49165,
            34.85716,
            358.3
          ],
          [
            135.49194,
            34.85732,
            352.4
          ],
          [
            135.49222,
            34.85747,
            347.7
          ],
          [
            135.4924,
            34.85759,
            340.1
          ]
        ]
      }
    },
    {
      "type": "Feature",
      "properties": {
        "type": "route",
        "id": "route_G-07_to_G-08",
        "startPoint": "G-07",
        "endPoint": "G-08",
        "startPointGPS": [
          135.48813,
          34.84837,
          195.2
        ],
        "endPointGPS": [
          135.48631,
          34.85173,
          262
        ]
      },
      "geometry": {
        "type": "LineString",
        "coordinates": [
          [
            135.48787,
            34.84841,
            202.4
          ],
          [
            135.48758,
            34.84841,
            206.2
          ],
          [
            135.48724,
            34.84862,
            208.6
          ],
          [
            135.48703,
            34.8489,
            211.3
          ],
          [
            135.48703,
            34.84915,
            222.7
          ],
          [
            135.48724,
            34.84937,
            219.3
          ],
          [
            135.48724,
            34.84982,
            227.6
          ],
          [
            135.48724,
            34.8502,
            232.9
          ],
          [
            135.48703,
            34.85055,
            241.8
          ],
          [
            135.48687,
            34.85082,
            247.3
          ],
          [
            135.48664,
            34.85103,
            251.6
          ],
          [
            135.48637,
            34.85137,
            260.8
          ]
        ]
      }
    },
    {
      "type": "Feature",
      "properties": {
        "type": "route",
        "id": "route_C-22_to_C-23",
        "startPoint": "C-22",
        "endPoint": "C-23",
        "startPointGPS": [
          135.49762,
          34.84694,
          150.7
        ],
        "endPointGPS": [
          135.49648,
          34.84472,
          148.3
        ]
      },
      "geometry": {
        "type": "LineString",
        "coordinates": [
          [
            135.4975,
            34.84661,
            157.4
          ],
          [
            135.49719,
            34.84653,
            170.6
          ],
          [
            135.49709,
            34.8462,
            178.9
          ],
          [
            135.49709,
            34.84588,
            180.2
          ],
          [
            135.49699,
            34.84557,
            176.4
          ]
        ]
      }
    },
    {
      "type": "Feature",
      "properties": {
        "type": "route",
        "id": "route_G-03_to_G-22",
        "startPoint": "G-03",
        "endPoint": "G-22",
        "startPointGPS": [
          135.49142,
          34.85708,
          343.6
        ],
        "endPointGPS": [
          135.49147,
          34.85803,
          375.9
        ]
      },
      "geometry": {
        "type": "LineString",
        "coordinates": [
          [
            135.49134,
            34.85732,
            353
          ],
          [
            135.49143,
            34.85751,
            367.1
          ],
          [
            135.49143,
            34.8578,
            367.7
          ]
        ]
      }
    },
    {
      "type": "Feature",
      "properties": {
        "type": "route",
        "id": "route_C-12_to_C-22",
        "startPoint": "C-12",
        "endPoint": "C-22",
        "startPointGPS": [
          135.49959,
          34.84635,
          143.5
        ],
        "endPointGPS": [
          135.49762,
          34.84694,
          150.7
        ]
      },
      "geometry": {
        "type": "LineString",
        "coordinates": [
          [
            135.49938,
            34.84639,
            143.5
          ],
          [
            135.49868,
            34.84662,
            146.6
          ],
          [
            135.49834,
            34.84666,
            150.2
          ],
          [
            135.49789,
            34.8467,
            150.7
          ]
        ]
      }
    },
    {
      "type": "Feature",
      "properties": {
        "type": "route",
        "id": "route_C-01_to_C-02",
        "startPoint": "C-01",
        "endPoint": "C-02",
        "startPointGPS": [
          135.49939,
          34.84988,
          205.2
        ],
        "endPointGPS": [
          135.49547,
          34.85638,
          290.3
        ]
      },
      "geometry": {
        "type": "LineString",
        "coordinates": [
          [
            135.49952,
            34.84988,
            202.4
          ],
          [
            135.49934,
            34.85035,
            204.3
          ],
          [
            135.49911,
            34.85071,
            208.9
          ],
          [
            135.49907,
            34.85106,
            203.9
          ],
          [
            135.49864,
            34.8514,
            209.8
          ],
          [
            135.49865,
            34.85177,
            198.8
          ],
          [
            135.49897,
            34.85185,
            211.4
          ],
          [
            135.49887,
            34.85208,
            213
          ],
          [
            135.49808,
            34.85225,
            228.6
          ],
          [
            135.49771,
            34.85246,
            236.8
          ],
          [
            135.4973,
            34.85278,
            240.9
          ],
          [
            135.49701,
            34.85313,
            242
          ],
          [
            135.49761,
            34.85335,
            253.6
          ],
          [
            135.49725,
            34.85348,
            250.7
          ],
          [
            135.49682,
            34.85365,
            249.4
          ],
          [
            135.49726,
            34.85382,
            269.4
          ],
          [
            135.49711,
            34.85416,
            269.7
          ],
          [
            135.49726,
            34.8544,
            281.7
          ],
          [
            135.49698,
            34.8544,
            280
          ],
          [
            135.4965,
            34.85483,
            296.5
          ],
          [
            135.49594,
            34.85531,
            301.2
          ],
          [
            135.49572,
            34.85575,
            297.5
          ],
          [
            135.49561,
            34.85615,
            300.7
          ]
        ]
      }
    },
    {
      "type": "Feature",
      "properties": {
        "type": "route",
        "id": "route_G-14_to_G-02",
        "startPoint": "G-14",
        "endPoint": "G-02",
        "startPointGPS": [
          135.4861,
          34.84785,
          289.5
        ],
        "endPointGPS": [
          135.48577,
          34.84866,
          301.7
        ]
      },
      "geometry": {
        "type": "LineString",
        "coordinates": [
          [
            135.48595,
            34.84797,
            292.9
          ],
          [
            135.48591,
            34.84814,
            295.7
          ],
          [
            135.48591,
            34.84835,
            298.1
          ],
          [
            135.48586,
            34.84853,
            298
          ]
        ]
      }
    },
    {
      "type": "Feature",
      "properties": {
        "type": "route",
        "id": "route_C-22_to_G-04",
        "startPoint": "C-22",
        "endPoint": "G-04",
        "startPointGPS": [
          135.49762,
          34.84694,
          150.7
        ],
        "endPointGPS": [
          135.49334,
          34.85427,
          259.1
        ]
      },
      "geometry": {
        "type": "LineString",
        "coordinates": [
          [
            135.49724,
            34.8472,
            158.4
          ],
          [
            135.497,
            34.84742,
            157.4
          ],
          [
            135.49676,
            34.84786,
            161.4
          ],
          [
            135.49648,
            34.84816,
            169.2
          ],
          [
            135.49593,
            34.84855,
            183.1
          ],
          [
            135.49551,
            34.84886,
            178.8
          ],
          [
            135.49514,
            34.84926,
            189.6
          ],
          [
            135.49472,
            34.84966,
            198.7
          ],
          [
            135.49449,
            34.85009,
            204.9
          ],
          [
            135.49434,
            34.85045,
            204.8
          ],
          [
            135.49415,
            34.85084,
            212.1
          ],
          [
            135.49394,
            34.8513,
            224.4
          ],
          [
            135.4937,
            34.85161,
            222.4
          ],
          [
            135.49375,
            34.85188,
            226.4
          ],
          [
            135.49342,
            34.85207,
            224.2
          ],
          [
            135.49333,
            34.85241,
            233.2
          ],
          [
            135.49343,
            34.85278,
            237
          ],
          [
            135.49338,
            34.85316,
            245.4
          ],
          [
            135.49338,
            34.85365,
            252.3
          ],
          [
            135.49328,
            34.85405,
            256.2
          ]
        ]
      }
    },
    {
      "type": "Feature",
      "properties": {
        "type": "route",
        "id": "route_C-21_to_C-04",
        "startPoint": "C-21",
        "endPoint": "C-04",
        "startPointGPS": [
          135.48711,
          34.85934,
          318
        ],
        "endPointGPS": [
          135.48617,
          34.85992,
          311.6
        ]
      },
      "geometry": {
        "type": "LineString",
        "coordinates": [
          [
            135.48705,
            34.85951,
            318.3
          ],
          [
            135.48682,
            34.85961,
            315.7
          ],
          [
            135.48648,
            34.85976,
            311.8
          ],
          [
            135.48639,
            34.85984,
            310.9
          ]
        ]
      }
    },
    {
      "type": "Feature",
      "properties": {
        "type": "route",
        "id": "route_C-19_to_C-20",
        "startPoint": "C-19",
        "endPoint": "C-20",
        "startPointGPS": [
          135.49259,
          34.85975,
          346.4
        ],
        "endPointGPS": [
          135.48653,
          34.86087,
          314.9
        ]
      },
      "geometry": {
        "type": "LineString",
        "coordinates": [
          [
            135.4924,
            34.85981,
            345
          ],
          [
            135.49195,
            34.86009,
            340
          ],
          [
            135.49143,
            34.86031,
            338.7
          ],
          [
            135.49111,
            34.86059,
            335.7
          ],
          [
            135.49083,
            34.86077,
            333.2
          ],
          [
            135.49027,
            34.86108,
            330.9
          ],
          [
            135.48981,
            34.86135,
            329.6
          ],
          [
            135.48929,
            34.86149,
            329.8
          ],
          [
            135.48887,
            34.86167,
            327.6
          ],
          [
            135.48845,
            34.8617,
            325.7
          ],
          [
            135.48808,
            34.8617,
            323.1
          ],
          [
            135.48778,
            34.8614,
            318.5
          ],
          [
            135.48727,
            34.86134,
            323.1
          ],
          [
            135.48689,
            34.86107,
            313.3
          ]
        ]
      }
    },
    {
      "type": "Feature",
      "properties": {
        "type": "route",
        "id": "route_昆虫館\n公園管理事務所_to_望海展望台",
        "startPoint": "昆虫館\n公園管理事務所",
        "endPoint": "望海展望台",
        "startPointGPS": [
          135.47176,
          34.84144,
          119.8
        ],
        "endPointGPS": [
          135.4734,
          34.84379,
          226.6
        ]
      },
      "geometry": {
        "type": "LineString",
        "coordinates": [
          [
            135.4722,
            34.84163,
            114.3
          ],
          [
            135.4722,
            34.84179,
            116.8
          ],
          [
            135.47241,
            34.84182,
            113.8
          ],
          [
            135.47259,
            34.84186,
            121
          ],
          [
            135.47277,
            34.84192,
            130.2
          ],
          [
            135.47293,
            34.84204,
            140
          ],
          [
            135.47301,
            34.84207,
            143.7
          ],
          [
            135.47312,
            34.84225,
            152.7
          ],
          [
            135.47312,
            34.8424,
            152.3
          ],
          [
            135.47319,
            34.84253,
            157.2
          ],
          [
            135.47335,
            34.84253,
            166.8
          ],
          [
            135.4734,
            34.84263,
            172.3
          ],
          [
            135.47347,
            34.84272,
            179.2
          ],
          [
            135.47347,
            34.84284,
            182.1
          ],
          [
            135.4736,
            34.8428,
            189.3
          ],
          [
            135.4736,
            34.84296,
            194.3
          ],
          [
            135.47356,
            34.84308,
            197.8
          ],
          [
            135.47356,
            34.84319,
            204
          ],
          [
            135.4736,
            34.84328,
            217
          ],
          [
            135.47352,
            34.84328,
            215.4
          ],
          [
            135.47352,
            34.84335,
            223.1
          ],
          [
            135.4736,
            34.84344,
            230.9
          ],
          [
            135.4736,
            34.84357,
            236.5
          ],
          [
            135.47373,
            34.84379,
            237.9
          ],
          [
            135.47373,
            34.84396,
            242.1
          ]
        ]
      }
    },
    {
      "type": "Feature",
      "properties": {
        "type": "route",
        "id": "route_E-18_to_E-12",
        "startPoint": "E-18",
        "endPoint": "E-12",
        "startPointGPS": [
          135.46868,
          34.84913,
          274.9
        ],
        "endPointGPS": [
          135.47085,
          34.84575,
          158.1
        ]
      },
      "geometry": {
        "type": "LineString",
        "coordinates": [
          [
            135.46882,
            34.84902,
            271.3
          ],
          [
            135.46897,
            34.84889,
            264.6
          ],
          [
            135.46914,
            34.84876,
            262.2
          ],
          [
            135.46931,
            34.84864,
            256.6
          ],
          [
            135.46945,
            34.84854,
            254.2
          ],
          [
            135.46961,
            34.84837,
            251.8
          ],
          [
            135.46973,
            34.84818,
            244.6
          ],
          [
            135.46979,
            34.84794,
            236.8
          ],
          [
            135.46973,
            34.84769,
            235.2
          ],
          [
            135.46956,
            34.84753,
            230.9
          ],
          [
            135.46945,
            34.84724,
            221.4
          ],
          [
            135.46973,
            34.84708,
            216.7
          ],
          [
            135.46995,
            34.84692,
            212.1
          ],
          [
            135.47013,
            34.84676,
            207.7
          ],
          [
            135.47033,
            34.84672,
            202.6
          ],
          [
            135.47062,
            34.84665,
            193.6
          ],
          [
            135.47088,
            34.84653,
            184.7
          ],
          [
            135.4711,
            34.8464,
            188
          ],
          [
            135.47104,
            34.84611,
            167.7
          ],
          [
            135.47104,
            34.84596,
            167.5
          ]
        ]
      }
    },
    {
      "type": "Feature",
      "properties": {
        "type": "route",
        "id": "route_D-18_to_D-40",
        "startPoint": "D-18",
        "endPoint": "D-40",
        "startPointGPS": [
          135.45704,
          34.84078,
          312.3
        ],
        "endPointGPS": [
          135.45531,
          34.8357,
          177
        ]
      },
      "geometry": {
        "type": "LineString",
        "coordinates": [
          [
            135.45708,
            34.84062,
            307.9
          ],
          [
            135.45695,
            34.84045,
            304
          ],
          [
            135.45691,
            34.8403,
            301.5
          ],
          [
            135.45685,
            34.84013,
            295.9
          ],
          [
            135.45685,
            34.84004,
            294.2
          ],
          [
            135.45695,
            34.83994,
            296.9
          ],
          [
            135.45712,
            34.83988,
            292.5
          ],
          [
            135.45712,
            34.83972,
            288.4
          ],
          [
            135.45694,
            34.83964,
            292.3
          ],
          [
            135.45675,
            34.83964,
            291.1
          ],
          [
            135.45659,
            34.83958,
            282.8
          ],
          [
            135.45646,
            34.83941,
            271.4
          ],
          [
            135.45634,
            34.83928,
            267.7
          ],
          [
            135.45625,
            34.83913,
            267
          ],
          [
            135.45613,
            34.83897,
            267.6
          ],
          [
            135.45597,
            34.83884,
            275.9
          ],
          [
            135.45597,
            34.83869,
            277.1
          ],
          [
            135.45589,
            34.83856,
            275.1
          ],
          [
            135.45564,
            34.83845,
            275.4
          ],
          [
            135.45545,
            34.83835,
            271.6
          ],
          [
            135.45525,
            34.83825,
            264.4
          ],
          [
            135.45504,
            34.83819,
            258.3
          ],
          [
            135.45477,
            34.83809,
            254.5
          ],
          [
            135.45465,
            34.83793,
            251.2
          ],
          [
            135.45454,
            34.83784,
            252.6
          ],
          [
            135.45441,
            34.83767,
            255
          ],
          [
            135.45426,
            34.83744,
            255.4
          ],
          [
            135.4542,
            34.83728,
            254.4
          ],
          [
            135.4542,
            34.83705,
            249
          ],
          [
            135.4541,
            34.83673,
            241.7
          ],
          [
            135.4541,
            34.83652,
            237
          ],
          [
            135.45397,
            34.83631,
            227.1
          ],
          [
            135.45394,
            34.83611,
            224.1
          ],
          [
            135.45397,
            34.83592,
            226.2
          ],
          [
            135.45397,
            34.8358,
            224.2
          ],
          [
            135.45426,
            34.8359,
            221.2
          ],
          [
            135.45449,
            34.83599,
            213.9
          ],
          [
            135.45476,
            34.83599,
            201.1
          ],
          [
            135.45502,
            34.83598,
            191.3
          ],
          [
            135.45504,
            34.83582,
            185.5
          ],
          [
            135.45525,
            34.83572,
            178.3
          ]
        ]
      }
    },
    {
      "type": "Feature",
      "properties": {
        "type": "route",
        "id": "route_D-43_to_D-44",
        "startPoint": "D-43",
        "endPoint": "D-44",
        "startPointGPS": [
          135.46661,
          34.84448,
          302.7
        ],
        "endPointGPS": [
          135.46729,
          34.844,
          278.7
        ]
      },
      "geometry": {
        "type": "LineString",
        "coordinates": [
          [
            135.4668,
            34.84423,
            292.1
          ],
          [
            135.46698,
            34.84412,
            286.8
          ],
          [
            135.46714,
            34.8441,
            282.1
          ]
        ]
      }
    },
    {
      "type": "Feature",
      "properties": {
        "type": "route",
        "id": "route_D-13_to_D-12",
        "startPoint": "D-13",
        "endPoint": "D-12",
        "startPointGPS": [
          135.463,
          34.8396,
          171
        ],
        "endPointGPS": [
          135.46341,
          34.83903,
          154.8
        ]
      },
      "geometry": {
        "type": "LineString",
        "coordinates": [
          [
            135.46311,
            34.83956,
            163.8
          ],
          [
            135.46334,
            34.83949,
            159.3
          ],
          [
            135.4634,
            34.83937,
            155.3
          ],
          [
            135.46345,
            34.8392,
            154.9
          ]
        ]
      }
    },
    {
      "type": "Feature",
      "properties": {
        "type": "route",
        "id": "route_D-25_to_D-40",
        "startPoint": "D-25",
        "endPoint": "D-40",
        "startPointGPS": [
          135.45643,
          34.84099,
          307
        ],
        "endPointGPS": [
          135.45531,
          34.8357,
          177
        ]
      },
      "geometry": {
        "type": "LineString",
        "coordinates": [
          [
            135.45636,
            34.84086,
            301.2
          ],
          [
            135.45635,
            34.84064,
            292.6
          ],
          [
            135.45635,
            34.84045,
            283.5
          ],
          [
            135.45635,
            34.8403,
            275.9
          ],
          [
            135.45636,
            34.8402,
            272.1
          ],
          [
            135.45635,
            34.84008,
            269.7
          ],
          [
            135.45634,
            34.83988,
            273.2
          ],
          [
            135.45634,
            34.83972,
            272.3
          ],
          [
            135.45634,
            34.83958,
            271.2
          ],
          [
            135.45634,
            34.83941,
            268.9
          ]
        ]
      }
    },
    {
      "type": "Feature",
      "properties": {
        "type": "route",
        "id": "route_D-42_to_D-04",
        "startPoint": "D-42",
        "endPoint": "D-04",
        "startPointGPS": [
          135.4653,
          34.84354,
          323.9
        ],
        "endPointGPS": [
          135.46494,
          34.84184,
          319.3
        ]
      },
      "geometry": {
        "type": "LineString",
        "coordinates": [
          [
            135.46532,
            34.84338,
            325.9
          ],
          [
            135.46542,
            34.84315,
            323.9
          ],
          [
            135.46542,
            34.84296,
            318.8
          ],
          [
            135.46527,
            34.84271,
            316.6
          ],
          [
            135.46506,
            34.8425,
            322.1
          ],
          [
            135.465,
            34.84227,
            326
          ],
          [
            135.46488,
            34.84194,
            321.4
          ]
        ]
      }
    },
    {
      "type": "Feature",
      "properties": {
        "type": "route",
        "id": "route_D-03_to_D-45",
        "startPoint": "D-03",
        "endPoint": "D-45",
        "startPointGPS": [
          135.4615,
          34.83905,
          223.6
        ],
        "endPointGPS": [
          135.4612,
          34.83786,
          203.3
        ]
      },
      "geometry": {
        "type": "LineString",
        "coordinates": [
          [
            135.46147,
            34.83884,
            223.5
          ],
          [
            135.46147,
            34.83869,
            220.8
          ],
          [
            135.46142,
            34.8385,
            216.8
          ],
          [
            135.46135,
            34.83834,
            212.2
          ],
          [
            135.46131,
            34.83822,
            210.5
          ],
          [
            135.46124,
            34.83802,
            203.5
          ]
        ]
      }
    },
    {
      "type": "Feature",
      "properties": {
        "type": "route",
        "id": "route_E-15_to_D-35",
        "startPoint": "E-15",
        "endPoint": "D-35",
        "startPointGPS": [
          135.45965,
          34.84907,
          372.9
        ],
        "endPointGPS": [
          135.45955,
          34.84491,
          364.2
        ]
      },
      "geometry": {
        "type": "LineString",
        "coordinates": [
          [
            135.45954,
            34.84887,
            371.3
          ],
          [
            135.45939,
            34.84864,
            377.2
          ],
          [
            135.45923,
            34.84842,
            374.2
          ],
          [
            135.45921,
            34.84815,
            373.8
          ],
          [
            135.45912,
            34.84783,
            375.3
          ],
          [
            135.45902,
            34.8476,
            369.1
          ],
          [
            135.45895,
            34.84736,
            369.6
          ],
          [
            135.45895,
            34.8471,
            372.4
          ],
          [
            135.45895,
            34.84687,
            369.6
          ],
          [
            135.45889,
            34.84654,
            368
          ],
          [
            135.45868,
            34.84624,
            364.9
          ],
          [
            135.45889,
            34.84602,
            363.1
          ],
          [
            135.45911,
            34.84582,
            360.1
          ],
          [
            135.45913,
            34.84555,
            360.8
          ],
          [
            135.45923,
            34.8453,
            361.2
          ],
          [
            135.45939,
            34.84507,
            359.9
          ]
        ]
      }
    },
    {
      "type": "Feature",
      "properties": {
        "type": "route",
        "id": "route_野口英世像_to_一の橋",
        "startPoint": "野口英世像",
        "endPoint": "一の橋",
        "startPointGPS": [
          135.4717,
          34.84484,
          174.1
        ],
        "endPointGPS": [
          135.4697,
          34.83831,
          99.8
        ]
      },
      "geometry": {
        "type": "LineString",
        "coordinates": [
          [
            135.47043,
            34.84279,
            154.3
          ],
          [
            135.47061,
            34.84271,
            150.6
          ],
          [
            135.47072,
            34.84262,
            151.2
          ],
          [
            135.47087,
            34.8425,
            151.2
          ],
          [
            135.47103,
            34.8424,
            152.4
          ],
          [
            135.47123,
            34.84231,
            140.8
          ],
          [
            135.47127,
            34.84216,
            137.8
          ],
          [
            135.47123,
            34.84199,
            140.6
          ],
          [
            135.47127,
            34.84192,
            135.2
          ],
          [
            135.47122,
            34.84166,
            130.1
          ],
          [
            135.47109,
            34.84114,
            133.4
          ],
          [
            135.47114,
            34.841,
            135.9
          ],
          [
            135.47122,
            34.84086,
            134.5
          ],
          [
            135.47132,
            34.84078,
            133.5
          ],
          [
            135.47148,
            34.84063,
            146.5
          ],
          [
            135.47148,
            34.84052,
            145.3
          ],
          [
            135.47127,
            34.84032,
            123.1
          ],
          [
            135.47109,
            34.84023,
            120.2
          ]
        ]
      }
    },
    {
      "type": "Feature",
      "properties": {
        "type": "route",
        "id": "route_D-32_to_D-23",
        "startPoint": "D-32",
        "endPoint": "D-23",
        "startPointGPS": [
          135.45542,
          34.84292,
          371.5
        ],
        "endPointGPS": [
          135.45891,
          34.84211,
          340.5
        ]
      },
      "geometry": {
        "type": "LineString",
        "coordinates": [
          [
            135.45565,
            34.84285,
            375.5
          ],
          [
            135.4559,
            34.8428,
            381.9
          ],
          [
            135.45614,
            34.84273,
            387.1
          ],
          [
            135.45646,
            34.84272,
            393.2
          ],
          [
            135.4568,
            34.84264,
            395.2
          ],
          [
            135.45685,
            34.8425,
            393.6
          ],
          [
            135.45695,
            34.84238,
            390
          ],
          [
            135.45722,
            34.84226,
            380.2
          ],
          [
            135.45713,
            34.84217,
            379.6
          ],
          [
            135.45695,
            34.84208,
            373.8
          ],
          [
            135.45685,
            34.842,
            365.7
          ],
          [
            135.45695,
            34.84182,
            357.4
          ],
          [
            135.45685,
            34.84166,
            350.2
          ],
          [
            135.45685,
            34.84157,
            347.9
          ],
          [
            135.45713,
            34.84157,
            335.2
          ],
          [
            135.4573,
            34.84149,
            323.3
          ],
          [
            135.45758,
            34.84145,
            325.5
          ],
          [
            135.45766,
            34.84157,
            326.2
          ],
          [
            135.45774,
            34.8418,
            330.4
          ],
          [
            135.45782,
            34.84193,
            333.4
          ],
          [
            135.45784,
            34.842,
            334.8
          ],
          [
            135.45807,
            34.84215,
            336.4
          ],
          [
            135.45821,
            34.84225,
            339.7
          ],
          [
            135.45849,
            34.84226,
            339.9
          ],
          [
            135.45867,
            34.84226,
            343.7
          ],
          [
            135.45888,
            34.84215,
            342.2
          ]
        ]
      }
    },
    {
      "type": "Feature",
      "properties": {
        "type": "route",
        "id": "route_聖天橋_to_聖天展望台",
        "startPoint": "聖天橋",
        "endPoint": "聖天展望台",
        "startPointGPS": [
          135.47042,
          34.83904,
          101.1
        ],
        "endPointGPS": [
          135.47253,
          34.83927,
          174
        ]
      },
      "geometry": {
        "type": "LineString",
        "coordinates": [
          [
            135.47051,
            34.83897,
            97.2
          ],
          [
            135.47051,
            34.83883,
            101.7
          ],
          [
            135.47051,
            34.83863,
            109.7
          ],
          [
            135.47054,
            34.8385,
            118.2
          ],
          [
            135.47042,
            34.83834,
            118.5
          ],
          [
            135.47042,
            34.83818,
            133.7
          ],
          [
            135.47031,
            34.83802,
            137.5
          ]
        ]
      }
    },
    {
      "type": "Feature",
      "properties": {
        "type": "route",
        "id": "route_D-03_to_D-14",
        "startPoint": "D-03",
        "endPoint": "D-14",
        "startPointGPS": [
          135.4615,
          34.83905,
          223.6
        ],
        "endPointGPS": [
          135.45934,
          34.8381,
          204.4
        ]
      },
      "geometry": {
        "type": "LineString",
        "coordinates": [
          [
            135.46131,
            34.83884,
            218.7
          ],
          [
            135.46115,
            34.83893,
            211.7
          ],
          [
            135.46108,
            34.83897,
            212
          ],
          [
            135.4609,
            34.83913,
            225.3
          ],
          [
            135.46069,
            34.83913,
            213.9
          ],
          [
            135.46053,
            34.83928,
            212.6
          ],
          [
            135.46037,
            34.83933,
            211.5
          ],
          [
            135.46016,
            34.83933,
            213.2
          ],
          [
            135.46016,
            34.8392,
            215.6
          ],
          [
            135.46027,
            34.83904,
            208
          ],
          [
            135.46041,
            34.83884,
            196.3
          ],
          [
            135.46053,
            34.83869,
            187.8
          ],
          [
            135.46051,
            34.8385,
            186
          ],
          [
            135.46046,
            34.83834,
            181
          ],
          [
            135.46027,
            34.83825,
            180.3
          ],
          [
            135.46009,
            34.83818,
            180.8
          ],
          [
            135.45999,
            34.83825,
            185.7
          ],
          [
            135.45999,
            34.83822,
            184.6
          ],
          [
            135.4598,
            34.83818,
            189.3
          ],
          [
            135.45964,
            34.83825,
            196.9
          ],
          [
            135.45952,
            34.83812,
            204.7
          ]
        ]
      }
    },
    {
      "type": "Feature",
      "properties": {
        "type": "route",
        "id": "route_D-35_to_D-22",
        "startPoint": "D-35",
        "endPoint": "D-22",
        "startPointGPS": [
          135.45955,
          34.84491,
          364.2
        ],
        "endPointGPS": [
          135.46003,
          34.84242,
          339.6
        ]
      },
      "geometry": {
        "type": "LineString",
        "coordinates": [
          [
            135.45957,
            34.84474,
            361.8
          ],
          [
            135.45965,
            34.84458,
            364.7
          ],
          [
            135.45981,
            34.84443,
            365.1
          ],
          [
            135.45969,
            34.84423,
            360.7
          ],
          [
            135.45953,
            34.84413,
            364.7
          ],
          [
            135.4595,
            34.84397,
            363.9
          ],
          [
            135.4595,
            34.84379,
            365.1
          ],
          [
            135.45964,
            34.84377,
            363.3
          ],
          [
            135.45973,
            34.84366,
            362.5
          ],
          [
            135.46,
            34.84358,
            355.9
          ],
          [
            135.4602,
            34.84354,
            351.2
          ],
          [
            135.46047,
            34.84345,
            355.1
          ],
          [
            135.46042,
            34.84329,
            352.7
          ],
          [
            135.46054,
            34.84309,
            347.7
          ],
          [
            135.46047,
            34.84286,
            346.6
          ],
          [
            135.46037,
            34.84271,
            345
          ],
          [
            135.46019,
            34.84254,
            342.7
          ]
        ]
      }
    },
    {
      "type": "Feature",
      "properties": {
        "type": "route",
        "id": "route_D-22_to_D-21",
        "startPoint": "D-22",
        "endPoint": "D-21",
        "startPointGPS": [
          135.46003,
          34.84242,
          339.6
        ],
        "endPointGPS": [
          135.46012,
          34.84174,
          324.1
        ]
      },
      "geometry": {
        "type": "LineString",
        "coordinates": [
          [
            135.4601,
            34.84225,
            336.4
          ],
          [
            135.4601,
            34.84205,
            333.9
          ],
          [
            135.4601,
            34.84194,
            329.5
          ]
        ]
      }
    },
    {
      "type": "Feature",
      "properties": {
        "type": "route",
        "id": "route_D-01_to_D-40",
        "startPoint": "D-01",
        "endPoint": "D-40",
        "startPointGPS": [
          135.4564,
          34.83791,
          242
        ],
        "endPointGPS": [
          135.45531,
          34.8357,
          177
        ]
      },
      "geometry": {
        "type": "LineString",
        "coordinates": [
          [
            135.45634,
            34.83773,
            235.7
          ],
          [
            135.45624,
            34.8376,
            232.2
          ],
          [
            135.45624,
            34.83741,
            225.3
          ],
          [
            135.45624,
            34.83728,
            221.1
          ],
          [
            135.4565,
            34.83711,
            212.1
          ],
          [
            135.45645,
            34.83689,
            206.6
          ],
          [
            135.45634,
            34.83669,
            201.7
          ],
          [
            135.45634,
            34.83653,
            196.9
          ],
          [
            135.45622,
            34.8364,
            193.6
          ],
          [
            135.45597,
            34.8364,
            194.8
          ],
          [
            135.45588,
            34.83633,
            190.4
          ],
          [
            135.45564,
            34.8362,
            186.4
          ],
          [
            135.45564,
            34.83611,
            182.8
          ],
          [
            135.45545,
            34.83599,
            182.7
          ],
          [
            135.4554,
            34.83582,
            179.2
          ]
        ]
      }
    },
    {
      "type": "Feature",
      "properties": {
        "type": "route",
        "id": "route_D-16_to_D-01",
        "startPoint": "D-16",
        "endPoint": "D-01",
        "startPointGPS": [
          135.45871,
          34.83969,
          269
        ],
        "endPointGPS": [
          135.4564,
          34.83791,
          242
        ]
      },
      "geometry": {
        "type": "LineString",
        "coordinates": [
          [
            135.4586,
            34.83941,
            253.9
          ],
          [
            135.45832,
            34.83958,
            242.2
          ],
          [
            135.45821,
            34.83952,
            240.9
          ],
          [
            135.45806,
            34.83946,
            244.3
          ],
          [
            135.45806,
            34.8392,
            244.6
          ],
          [
            135.45801,
            34.83897,
            242.7
          ],
          [
            135.45801,
            34.83877,
            236.7
          ],
          [
            135.4579,
            34.83856,
            233.5
          ],
          [
            135.45783,
            34.83839,
            231.4
          ],
          [
            135.45782,
            34.83819,
            233.5
          ],
          [
            135.4579,
            34.838,
            236.9
          ],
          [
            135.45801,
            34.83777,
            239
          ],
          [
            135.45783,
            34.83777,
            239.8
          ],
          [
            135.45766,
            34.83784,
            239.7
          ],
          [
            135.4574,
            34.83789,
            247.5
          ],
          [
            135.4573,
            34.83784,
            249.7
          ],
          [
            135.45712,
            34.83773,
            252.7
          ],
          [
            135.45684,
            34.83771,
            249.8
          ],
          [
            135.45675,
            34.83777,
            249
          ],
          [
            135.45645,
            34.83787,
            239.4
          ]
        ]
      }
    },
    {
      "type": "Feature",
      "properties": {
        "type": "route",
        "id": "route_D-05_to_D-38",
        "startPoint": "D-05",
        "endPoint": "D-38",
        "startPointGPS": [
          135.46649,
          34.84536,
          339
        ],
        "endPointGPS": [
          135.47018,
          34.84225,
          178.3
        ]
      },
      "geometry": {
        "type": "LineString",
        "coordinates": [
          [
            135.4668,
            34.84523,
            335.8
          ],
          [
            135.46692,
            34.84507,
            335
          ],
          [
            135.46709,
            34.84484,
            323.8
          ],
          [
            135.4673,
            34.84474,
            317
          ],
          [
            135.46747,
            34.84458,
            314.9
          ],
          [
            135.46763,
            34.84435,
            302.1
          ],
          [
            135.46774,
            34.84403,
            290.7
          ],
          [
            135.46785,
            34.84379,
            285.8
          ],
          [
            135.46808,
            34.84354,
            276.3
          ],
          [
            135.46829,
            34.84331,
            265.9
          ],
          [
            135.46842,
            34.84308,
            249.4
          ],
          [
            135.46881,
            34.84292,
            234.4
          ],
          [
            135.46907,
            34.84271,
            213.2
          ],
          [
            135.46944,
            34.84254,
            204.5
          ],
          [
            135.4696,
            34.8424,
            197.2
          ],
          [
            135.46994,
            34.84231,
            187.9
          ]
        ]
      }
    },
    {
      "type": "Feature",
      "properties": {
        "type": "route",
        "id": "route_D-32_to_D-31",
        "startPoint": "D-32",
        "endPoint": "D-31",
        "startPointGPS": [
          135.45542,
          34.84292,
          371.5
        ],
        "endPointGPS": [
          135.45535,
          34.84196,
          350.6
        ]
      },
      "geometry": {
        "type": "LineString",
        "coordinates": [
          [
            135.45546,
            34.84273,
            369.8
          ],
          [
            135.45552,
            34.84254,
            369.9
          ],
          [
            135.45565,
            34.84241,
            370.7
          ],
          [
            135.45565,
            34.84225,
            363.6
          ],
          [
            135.45546,
            34.84205,
            354.3
          ]
        ]
      }
    },
    {
      "type": "Feature",
      "properties": {
        "type": "route",
        "id": "route_D-36_to_D-21",
        "startPoint": "D-36",
        "endPoint": "D-21",
        "startPointGPS": [
          135.46056,
          34.84543,
          355.5
        ],
        "endPointGPS": [
          135.46012,
          34.84174,
          324.1
        ]
      },
      "geometry": {
        "type": "LineString",
        "coordinates": [
          [
            135.46059,
            34.8453,
            350.9
          ],
          [
            135.46054,
            34.84507,
            346.7
          ],
          [
            135.4607,
            34.84494,
            343.5
          ],
          [
            135.46077,
            34.84474,
            343.5
          ],
          [
            135.46077,
            34.84458,
            341.4
          ],
          [
            135.46077,
            34.84443,
            340.1
          ],
          [
            135.46077,
            34.84423,
            337.9
          ],
          [
            135.46081,
            34.84397,
            336
          ],
          [
            135.46088,
            34.84377,
            334.3
          ],
          [
            135.46091,
            34.84354,
            331.2
          ],
          [
            135.46097,
            34.84331,
            329.2
          ],
          [
            135.46088,
            34.84309,
            328.1
          ],
          [
            135.46081,
            34.84285,
            329.3
          ],
          [
            135.46063,
            34.84271,
            330.6
          ],
          [
            135.46058,
            34.84247,
            324.8
          ],
          [
            135.46053,
            34.84241,
            324.2
          ],
          [
            135.46037,
            34.84231,
            326.5
          ],
          [
            135.46027,
            34.84225,
            328.5
          ],
          [
            135.46027,
            34.84205,
            327.6
          ],
          [
            135.46027,
            34.84186,
            323.6
          ]
        ]
      }
    },
    {
      "type": "Feature",
      "properties": {
        "type": "route",
        "id": "route_D-42_to_D-02",
        "startPoint": "D-42",
        "endPoint": "D-02",
        "startPointGPS": [
          135.4653,
          34.84354,
          323.9
        ],
        "endPointGPS": [
          135.46116,
          34.84367,
          333.6
        ]
      },
      "geometry": {
        "type": "LineString",
        "coordinates": [
          [
            135.4651,
            34.84354,
            319.5
          ],
          [
            135.465,
            34.84358,
            314.1
          ],
          [
            135.465,
            34.84376,
            312.3
          ],
          [
            135.46493,
            34.84394,
            311.5
          ],
          [
            135.46493,
            34.8441,
            315.5
          ],
          [
            135.465,
            34.84435,
            322.6
          ],
          [
            135.46484,
            34.84435,
            324.2
          ],
          [
            135.46471,
            34.84447,
            329.7
          ],
          [
            135.46461,
            34.8443,
            334.7
          ],
          [
            135.46451,
            34.84423,
            338.3
          ],
          [
            135.46433,
            34.84423,
            335.5
          ],
          [
            135.46412,
            34.84423,
            332.9
          ],
          [
            135.46404,
            34.84396,
            332.3
          ],
          [
            135.46412,
            34.84379,
            334.3
          ],
          [
            135.46422,
            34.84366,
            332.5
          ],
          [
            135.46412,
            34.84354,
            334.1
          ],
          [
            135.46391,
            34.84328,
            332.6
          ],
          [
            135.46372,
            34.84306,
            326.1
          ],
          [
            135.46357,
            34.84286,
            327.7
          ],
          [
            135.46334,
            34.84279,
            327.1
          ],
          [
            135.46341,
            34.84254,
            328.5
          ],
          [
            135.46341,
            34.84238,
            328.7
          ],
          [
            135.46324,
            34.84217,
            327.5
          ],
          [
            135.46297,
            34.84215,
            330.7
          ],
          [
            135.46274,
            34.84225,
            327.6
          ],
          [
            135.46263,
            34.84238,
            329.1
          ],
          [
            135.46247,
            34.8425,
            328.5
          ],
          [
            135.46229,
            34.84241,
            326.7
          ],
          [
            135.46219,
            34.84226,
            331.4
          ],
          [
            135.46203,
            34.84207,
            331.3
          ],
          [
            135.46198,
            34.84227,
            341.2
          ],
          [
            135.46203,
            34.8425,
            344
          ],
          [
            135.46203,
            34.84271,
            350.1
          ],
          [
            135.46203,
            34.84286,
            355.8
          ],
          [
            135.46203,
            34.84315,
            362.3
          ],
          [
            135.46175,
            34.84315,
            361.3
          ],
          [
            135.46159,
            34.84319,
            360
          ],
          [
            135.46159,
            34.84345,
            354.2
          ],
          [
            135.46153,
            34.84354,
            351.9
          ],
          [
            135.46174,
            34.84358,
            346.9
          ],
          [
            135.46182,
            34.8437,
            343.5
          ],
          [
            135.46164,
            34.84379,
            339.5
          ],
          [
            135.46148,
            34.84389,
            337.4
          ],
          [
            135.46136,
            34.8437,
            339.6
          ]
        ]
      }
    },
    {
      "type": "Feature",
      "properties": {
        "type": "route",
        "id": "route_D-44_to_D-04",
        "startPoint": "D-44",
        "endPoint": "D-04",
        "startPointGPS": [
          135.46729,
          34.844,
          278.7
        ],
        "endPointGPS": [
          135.46494,
          34.84184,
          319.3
        ]
      },
      "geometry": {
        "type": "LineString",
        "coordinates": [
          [
            135.46737,
            34.84388,
            275.3
          ],
          [
            135.46737,
            34.84366,
            277.2
          ],
          [
            135.46742,
            34.84351,
            275.2
          ],
          [
            135.46746,
            34.84331,
            272.7
          ],
          [
            135.46737,
            34.84308,
            275.5
          ],
          [
            135.46737,
            34.84286,
            271.7
          ],
          [
            135.46709,
            34.84296,
            267.9
          ],
          [
            135.46691,
            34.84308,
            266.1
          ],
          [
            135.4668,
            34.84328,
            279
          ],
          [
            135.46664,
            34.84306,
            273
          ],
          [
            135.46657,
            34.84286,
            274.1
          ],
          [
            135.46644,
            34.84271,
            277
          ],
          [
            135.46638,
            34.8425,
            272.9
          ],
          [
            135.46644,
            34.84227,
            277.5
          ],
          [
            135.4662,
            34.84199,
            289
          ],
          [
            135.46594,
            34.84199,
            302
          ],
          [
            135.46571,
            34.84215,
            310
          ],
          [
            135.46553,
            34.84226,
            314.1
          ],
          [
            135.46527,
            34.84215,
            312.6
          ],
          [
            135.46516,
            34.84193,
            314.2
          ],
          [
            135.46499,
            34.84166,
            313.5
          ]
        ]
      }
    },
    {
      "type": "Feature",
      "properties": {
        "type": "route",
        "id": "route_D-45_to_バス停　新稲東",
        "startPoint": "D-45",
        "endPoint": "バス停　新稲東",
        "startPointGPS": [
          135.4612,
          34.83786,
          203.3
        ],
        "endPointGPS": [
          135.46238,
          34.83168,
          88.8
        ]
      },
      "geometry": {
        "type": "LineString",
        "coordinates": [
          [
            135.46124,
            34.83773,
            203.4
          ],
          [
            135.46124,
            34.83752,
            197.8
          ],
          [
            135.46124,
            34.83728,
            190.6
          ],
          [
            135.46108,
            34.8371,
            183.2
          ],
          [
            135.46096,
            34.83696,
            178.2
          ],
          [
            135.46087,
            34.83673,
            167.1
          ],
          [
            135.46087,
            34.83653,
            162.5
          ],
          [
            135.46086,
            34.8364,
            154.9
          ],
          [
            135.4608,
            34.83617,
            142.1
          ],
          [
            135.4608,
            34.83604,
            138
          ],
          [
            135.46057,
            34.83599,
            133.7
          ],
          [
            135.46041,
            34.83599,
            129
          ],
          [
            135.46046,
            34.83581,
            128.5
          ],
          [
            135.46051,
            34.83569,
            128.9
          ],
          [
            135.46046,
            34.83556,
            128.8
          ],
          [
            135.46041,
            34.83543,
            131
          ],
          [
            135.46052,
            34.83525,
            127.8
          ],
          [
            135.46068,
            34.83517,
            124.8
          ],
          [
            135.46075,
            34.835,
            124.3
          ],
          [
            135.46089,
            34.83491,
            121.8
          ],
          [
            135.46109,
            34.83481,
            118.8
          ],
          [
            135.46141,
            34.83459,
            111.3
          ],
          [
            135.46151,
            34.83439,
            109.5
          ],
          [
            135.46162,
            34.83408,
            106.9
          ],
          [
            135.46172,
            34.83384,
            105.1
          ],
          [
            135.4618,
            34.83353,
            102.8
          ],
          [
            135.46191,
            34.83339,
            101.7
          ],
          [
            135.46217,
            34.83323,
            100
          ],
          [
            135.46227,
            34.83303,
            97.7
          ],
          [
            135.46243,
            34.8328,
            95.4
          ],
          [
            135.46255,
            34.8326,
            93.7
          ],
          [
            135.46261,
            34.83232,
            91.7
          ],
          [
            135.46272,
            34.83215,
            90.4
          ],
          [
            135.46279,
            34.832,
            89.5
          ],
          [
            135.46288,
            34.83181,
            88.2
          ],
          [
            135.46295,
            34.83172,
            87.6
          ]
        ]
      }
    },
    {
      "type": "Feature",
      "properties": {
        "type": "route",
        "id": "route_桜広場_to_昆虫館\n公園管理事務所",
        "startPoint": "桜広場",
        "endPoint": "昆虫館\n公園管理事務所",
        "startPointGPS": [
          135.46978,
          34.84134,
          174.9
        ],
        "endPointGPS": [
          135.47176,
          34.84144,
          119.8
        ]
      },
      "geometry": {
        "type": "LineString",
        "coordinates": [
          [
            135.47032,
            34.84148,
            163.5
          ],
          [
            135.47043,
            34.84143,
            159.3
          ],
          [
            135.47054,
            34.84134,
            154.4
          ],
          [
            135.47067,
            34.84127,
            154
          ],
          [
            135.47087,
            34.84134,
            139.9
          ],
          [
            135.47109,
            34.84127,
            129.6
          ],
          [
            135.47109,
            34.84143,
            128.6
          ],
          [
            135.47122,
            34.84148,
            126.5
          ],
          [
            135.47144,
            34.84163,
            125.5
          ],
          [
            135.47161,
            34.84176,
            123
          ],
          [
            135.47191,
            34.84186,
            118.2
          ],
          [
            135.47202,
            34.84166,
            117.2
          ],
          [
            135.47208,
            34.84148,
            115.4
          ]
        ]
      }
    },
    {
      "type": "Feature",
      "properties": {
        "type": "route",
        "id": "route_D-04_to_D-37",
        "startPoint": "D-04",
        "endPoint": "D-37",
        "startPointGPS": [
          135.46494,
          34.84184,
          319.3
        ],
        "endPointGPS": [
          135.46453,
          34.84212,
          309.9
        ]
      },
      "geometry": {
        "type": "LineString",
        "coordinates": [
          [
            135.46482,
            34.84166,
            314.8
          ],
          [
            135.46462,
            34.84186,
            308.6
          ],
          [
            135.46456,
            34.84199,
            306
          ]
        ]
      }
    },
    {
      "type": "Feature",
      "properties": {
        "type": "route",
        "id": "route_D-21_to_D-20",
        "startPoint": "D-21",
        "endPoint": "D-20",
        "startPointGPS": [
          135.46012,
          34.84174,
          324.1
        ],
        "endPointGPS": [
          135.45978,
          34.84134,
          304.7
        ]
      },
      "geometry": {
        "type": "LineString",
        "coordinates": [
          [
            135.4601,
            34.84157,
            316.1
          ],
          [
            135.4601,
            34.84145,
            307.6
          ],
          [
            135.45993,
            34.84143,
            310
          ]
        ]
      }
    },
    {
      "type": "Feature",
      "properties": {
        "type": "route",
        "id": "route_D-41_to_D-05",
        "startPoint": "D-41",
        "endPoint": "D-05",
        "startPointGPS": [
          135.46523,
          34.84498,
          343.8
        ],
        "endPointGPS": [
          135.46649,
          34.84536,
          339
        ]
      },
      "geometry": {
        "type": "LineString",
        "coordinates": [
          [
            135.46549,
            34.84498,
            347.3
          ],
          [
            135.46562,
            34.84507,
            350.3
          ],
          [
            135.46573,
            34.84523,
            350.3
          ],
          [
            135.46589,
            34.84536,
            346.9
          ],
          [
            135.46614,
            34.84539,
            343.1
          ],
          [
            135.46638,
            34.84536,
            339.9
          ]
        ]
      }
    },
    {
      "type": "Feature",
      "properties": {
        "type": "route",
        "id": "route_D-13_to_D-03",
        "startPoint": "D-13",
        "endPoint": "D-03",
        "startPointGPS": [
          135.463,
          34.8396,
          171
        ],
        "endPointGPS": [
          135.4615,
          34.83905,
          223.6
        ]
      },
      "geometry": {
        "type": "LineString",
        "coordinates": [
          [
            135.4629,
            34.83956,
            166.8
          ],
          [
            135.46262,
            34.83958,
            168.3
          ],
          [
            135.46246,
            34.83962,
            173.2
          ],
          [
            135.46228,
            34.83964,
            179.5
          ],
          [
            135.46218,
            34.83978,
            182.6
          ],
          [
            135.46219,
            34.8399,
            186.5
          ],
          [
            135.46197,
            34.83985,
            193.2
          ],
          [
            135.46193,
            34.83972,
            198.9
          ],
          [
            135.46181,
            34.83956,
            202.4
          ],
          [
            135.46165,
            34.83941,
            209.3
          ],
          [
            135.46147,
            34.83928,
            216.6
          ],
          [
            135.46136,
            34.8392,
            223.7
          ],
          [
            135.46147,
            34.83904,
            222.8
          ]
        ]
      }
    },
    {
      "type": "Feature",
      "properties": {
        "type": "route",
        "id": "route_D-33_to_D-32",
        "startPoint": "D-33",
        "endPoint": "D-32",
        "startPointGPS": [
          135.45449,
          34.84361,
          329.3
        ],
        "endPointGPS": [
          135.45542,
          34.84292,
          371.5
        ]
      },
      "geometry": {
        "type": "LineString",
        "coordinates": [
          [
            135.4546,
            34.84354,
            336.9
          ],
          [
            135.45478,
            34.84338,
            351.3
          ],
          [
            135.45494,
            34.84329,
            360.4
          ],
          [
            135.45504,
            34.84306,
            367.9
          ],
          [
            135.45526,
            34.843,
            370.2
          ]
        ]
      }
    },
    {
      "type": "Feature",
      "properties": {
        "type": "route",
        "id": "route_D-05_to_D-43",
        "startPoint": "D-05",
        "endPoint": "D-43",
        "startPointGPS": [
          135.46649,
          34.84536,
          339
        ],
        "endPointGPS": [
          135.46661,
          34.84448,
          302.7
        ]
      },
      "geometry": {
        "type": "LineString",
        "coordinates": [
          [
            135.46644,
            34.84516,
            333.3
          ],
          [
            135.46644,
            34.84498,
            327.1
          ],
          [
            135.46657,
            34.84474,
            313.9
          ]
        ]
      }
    },
    {
      "type": "Feature",
      "properties": {
        "type": "route",
        "id": "route_B-01_to_B-21",
        "startPoint": "B-01",
        "endPoint": "B-21",
        "startPointGPS": [
          135.47258,
          34.839,
          184.6
        ],
        "endPointGPS": [
          135.47309,
          34.83917,
          192.5
        ]
      },
      "geometry": {
        "type": "LineString",
        "coordinates": [
          [
            135.47265,
            34.83896,
            184
          ],
          [
            135.47276,
            34.83912,
            190.2
          ],
          [
            135.47287,
            34.83912,
            190.6
          ]
        ]
      }
    },
    {
      "type": "Feature",
      "properties": {
        "type": "route",
        "id": "route_D-31_to_D-25",
        "startPoint": "D-31",
        "endPoint": "D-25",
        "startPointGPS": [
          135.45535,
          34.84196,
          350.6
        ],
        "endPointGPS": [
          135.45643,
          34.84099,
          307
        ]
      },
      "geometry": {
        "type": "LineString",
        "coordinates": [
          [
            135.45546,
            34.84186,
            348.1
          ],
          [
            135.45565,
            34.8418,
            338.5
          ],
          [
            135.45581,
            34.84157,
            330.1
          ],
          [
            135.45589,
            34.84144,
            325
          ],
          [
            135.45614,
            34.84124,
            315.9
          ],
          [
            135.45635,
            34.84109,
            309.6
          ]
        ]
      }
    },
    {
      "type": "Feature",
      "properties": {
        "type": "route",
        "id": "route_D-24_to_D-13",
        "startPoint": "D-24",
        "endPoint": "D-13",
        "startPointGPS": [
          135.46246,
          34.84072,
          234.3
        ],
        "endPointGPS": [
          135.463,
          34.8396,
          171
        ]
      },
      "geometry": {
        "type": "LineString",
        "coordinates": [
          [
            135.46246,
            34.84055,
            223.6
          ],
          [
            135.46246,
            34.84037,
            215.9
          ],
          [
            135.46256,
            34.84023,
            220.8
          ],
          [
            135.46274,
            34.8401,
            214.7
          ],
          [
            135.46296,
            34.84007,
            203.9
          ],
          [
            135.46311,
            34.84003,
            196.8
          ],
          [
            135.46319,
            34.83987,
            192.6
          ],
          [
            135.46319,
            34.83971,
            182.8
          ],
          [
            135.46311,
            34.83963,
            174.6
          ]
        ]
      }
    },
    {
      "type": "Feature",
      "properties": {
        "type": "route",
        "id": "route_D-41_to_D-42",
        "startPoint": "D-41",
        "endPoint": "D-42",
        "startPointGPS": [
          135.46523,
          34.84498,
          343.8
        ],
        "endPointGPS": [
          135.4653,
          34.84354,
          323.9
        ]
      },
      "geometry": {
        "type": "LineString",
        "coordinates": [
          [
            135.46542,
            34.84484,
            342.4
          ],
          [
            135.46544,
            34.84468,
            335.7
          ],
          [
            135.46542,
            34.84447,
            332.2
          ],
          [
            135.46528,
            34.84423,
            328.7
          ],
          [
            135.46527,
            34.8441,
            330.8
          ],
          [
            135.46532,
            34.84394,
            329.7
          ],
          [
            135.46532,
            34.8437,
            325.7
          ]
        ]
      }
    },
    {
      "type": "Feature",
      "properties": {
        "type": "route",
        "id": "route_D-18_to_D-25",
        "startPoint": "D-18",
        "endPoint": "D-25",
        "startPointGPS": [
          135.45704,
          34.84078,
          312.3
        ],
        "endPointGPS": [
          135.45643,
          34.84099,
          307
        ]
      },
      "geometry": {
        "type": "LineString",
        "coordinates": [
          [
            135.45695,
            34.8409,
            316.7
          ],
          [
            135.4568,
            34.84092,
            317.9
          ],
          [
            135.45651,
            34.841,
            310.9
          ]
        ]
      }
    },
    {
      "type": "Feature",
      "properties": {
        "type": "route",
        "id": "route_E-13_to_E-12",
        "startPoint": "E-13",
        "endPoint": "E-12",
        "startPointGPS": [
          135.46233,
          34.84855,
          332.6
        ],
        "endPointGPS": [
          135.47085,
          34.84575,
          158.1
        ]
      },
      "geometry": {
        "type": "LineString",
        "coordinates": [
          [
            135.46248,
            34.84832,
            327.1
          ],
          [
            135.46257,
            34.84805,
            323
          ],
          [
            135.46269,
            34.84781,
            319.9
          ],
          [
            135.46282,
            34.84753,
            313
          ],
          [
            135.46298,
            34.84735,
            305.5
          ],
          [
            135.46325,
            34.84717,
            300.9
          ],
          [
            135.46346,
            34.84704,
            294.9
          ],
          [
            135.46372,
            34.84692,
            293.9
          ],
          [
            135.46401,
            34.84687,
            286.1
          ],
          [
            135.46429,
            34.84688,
            277.7
          ],
          [
            135.46452,
            34.84701,
            275.2
          ],
          [
            135.46483,
            34.84701,
            267.1
          ],
          [
            135.46507,
            34.84701,
            263.5
          ],
          [
            135.46533,
            34.84692,
            260
          ],
          [
            135.46549,
            34.84701,
            257.2
          ],
          [
            135.46582,
            34.84704,
            253.7
          ],
          [
            135.46614,
            34.84692,
            251.5
          ],
          [
            135.46638,
            34.84676,
            254.5
          ],
          [
            135.4668,
            34.84672,
            252.8
          ],
          [
            135.4671,
            34.84676,
            249
          ],
          [
            135.46737,
            34.84672,
            239.2
          ],
          [
            135.46763,
            34.84665,
            231.5
          ],
          [
            135.46786,
            34.84669,
            229.5
          ],
          [
            135.46825,
            34.84665,
            223.3
          ],
          [
            135.46843,
            34.84653,
            220.7
          ],
          [
            135.46843,
            34.84631,
            216.4
          ],
          [
            135.46857,
            34.84609,
            210.4
          ],
          [
            135.46875,
            34.84588,
            211.9
          ],
          [
            135.46896,
            34.84581,
            207.7
          ],
          [
            135.46917,
            34.84579,
            202
          ],
          [
            135.46956,
            34.84572,
            189.2
          ],
          [
            135.46972,
            34.84564,
            187.5
          ],
          [
            135.47001,
            34.84552,
            181.1
          ],
          [
            135.47044,
            34.84555,
            174.2
          ],
          [
            135.47073,
            34.84565,
            162
          ]
        ]
      }
    },
    {
      "type": "Feature",
      "properties": {
        "type": "route",
        "id": "route_D-34_to_D-33",
        "startPoint": "D-34",
        "endPoint": "D-33",
        "startPointGPS": [
          135.45278,
          34.84392,
          346.2
        ],
        "endPointGPS": [
          135.45449,
          34.84361,
          329.3
        ]
      },
      "geometry": {
        "type": "LineString",
        "coordinates": [
          [
            135.45293,
            34.84389,
            344.1
          ],
          [
            135.4532,
            34.8438,
            328.5
          ],
          [
            135.45343,
            34.84377,
            330.3
          ],
          [
            135.45367,
            34.8438,
            337.6
          ],
          [
            135.45392,
            34.8438,
            332.9
          ],
          [
            135.45411,
            34.84377,
            329
          ],
          [
            135.45442,
            34.84366,
            324
          ]
        ]
      }
    },
    {
      "type": "Feature",
      "properties": {
        "type": "route",
        "id": "route_D-24_to_D-20",
        "startPoint": "D-24",
        "endPoint": "D-20",
        "startPointGPS": [
          135.46246,
          34.84072,
          234.3
        ],
        "endPointGPS": [
          135.45978,
          34.84134,
          304.7
        ]
      },
      "geometry": {
        "type": "LineString",
        "coordinates": [
          [
            135.46219,
            34.84069,
            233.6
          ],
          [
            135.46202,
            34.84075,
            235.6
          ],
          [
            135.46175,
            34.84078,
            235.8
          ],
          [
            135.46159,
            34.8409,
            244.5
          ],
          [
            135.46142,
            34.84099,
            251.5
          ],
          [
            135.46125,
            34.84114,
            258.9
          ],
          [
            135.46108,
            34.84134,
            256.3
          ],
          [
            135.46108,
            34.84157,
            267.6
          ],
          [
            135.46097,
            34.84166,
            268.9
          ],
          [
            135.46091,
            34.84179,
            277.7
          ],
          [
            135.46081,
            34.84166,
            281.3
          ],
          [
            135.4607,
            34.84149,
            278.1
          ],
          [
            135.46053,
            34.84143,
            281.6
          ],
          [
            135.46052,
            34.84127,
            277.6
          ],
          [
            135.46037,
            34.84121,
            279.2
          ],
          [
            135.46016,
            34.84114,
            281.2
          ],
          [
            135.46009,
            34.84108,
            280.8
          ],
          [
            135.46,
            34.84092,
            287.1
          ],
          [
            135.45992,
            34.84108,
            288.3
          ],
          [
            135.4598,
            34.84121,
            297.5
          ]
        ]
      }
    },
    {
      "type": "Feature",
      "properties": {
        "type": "route",
        "id": "route_野口英世像_to_D-38",
        "startPoint": "野口英世像",
        "endPoint": "D-38",
        "startPointGPS": [
          135.4717,
          34.84484,
          174.1
        ],
        "endPointGPS": [
          135.47018,
          34.84225,
          178.3
        ]
      },
      "geometry": {
        "type": "LineString",
        "coordinates": [
          [
            135.47188,
            34.84456,
            148.5
          ],
          [
            135.47165,
            34.84447,
            145
          ],
          [
            135.47162,
            34.84457,
            156.3
          ],
          [
            135.47144,
            34.84456,
            158.6
          ],
          [
            135.47142,
            34.84443,
            147.2
          ],
          [
            135.47115,
            34.84435,
            140
          ],
          [
            135.47099,
            34.84435,
            146.5
          ],
          [
            135.47082,
            34.84423,
            149.9
          ],
          [
            135.47073,
            34.84403,
            149.4
          ],
          [
            135.47073,
            34.84393,
            150.3
          ],
          [
            135.47061,
            34.84376,
            149.2
          ],
          [
            135.47043,
            34.84365,
            155.6
          ],
          [
            135.47022,
            34.84353,
            151.9
          ],
          [
            135.47022,
            34.84344,
            153.3
          ],
          [
            135.47027,
            34.84319,
            155.4
          ],
          [
            135.47022,
            34.84308,
            155.3
          ],
          [
            135.47022,
            34.84292,
            157.3
          ],
          [
            135.47027,
            34.84271,
            164.7
          ],
          [
            135.47032,
            34.8425,
            178.1
          ],
          [
            135.47032,
            34.84231,
            174.2
          ]
        ]
      }
    },
    {
      "type": "Feature",
      "properties": {
        "type": "route",
        "id": "route_D-45_to_D-11",
        "startPoint": "D-45",
        "endPoint": "D-11",
        "startPointGPS": [
          135.4612,
          34.83786,
          203.3
        ],
        "endPointGPS": [
          135.46248,
          34.83746,
          146.4
        ]
      },
      "geometry": {
        "type": "LineString",
        "coordinates": [
          [
            135.46131,
            34.83786,
            199.3
          ],
          [
            135.46152,
            34.83784,
            190.2
          ],
          [
            135.46174,
            34.83784,
            182.7
          ],
          [
            135.46202,
            34.83789,
            168.9
          ],
          [
            135.46218,
            34.83789,
            165.5
          ],
          [
            135.4622,
            34.83777,
            159.7
          ],
          [
            135.46234,
            34.8376,
            149.1
          ]
        ]
      }
    },
    {
      "type": "Feature",
      "properties": {
        "type": "route",
        "id": "route_D-15_to_D-16",
        "startPoint": "D-15",
        "endPoint": "D-16",
        "startPointGPS": [
          135.45934,
          34.8392,
          248.2
        ],
        "endPointGPS": [
          135.45871,
          34.83969,
          269
        ]
      },
      "geometry": {
        "type": "LineString",
        "coordinates": [
          [
            135.45926,
            34.83929,
            250.3
          ],
          [
            135.45912,
            34.83946,
            249.4
          ],
          [
            135.45887,
            34.83937,
            253.1
          ]
        ]
      }
    },
    {
      "type": "Feature",
      "properties": {
        "type": "route",
        "id": "route_D-44_to_D-06",
        "startPoint": "D-44",
        "endPoint": "D-06",
        "startPointGPS": [
          135.46729,
          34.844,
          278.7
        ],
        "endPointGPS": [
          135.47011,
          34.84153,
          168.6
        ]
      },
      "geometry": {
        "type": "LineString",
        "coordinates": [
          [
            135.46746,
            34.84394,
            275.3
          ],
          [
            135.46746,
            34.84376,
            271.1
          ],
          [
            135.46763,
            34.84354,
            260.2
          ],
          [
            135.46774,
            34.84335,
            251.9
          ],
          [
            135.46785,
            34.84315,
            237.9
          ],
          [
            135.46795,
            34.84296,
            228.8
          ],
          [
            135.46813,
            34.8428,
            220.2
          ],
          [
            135.46829,
            34.84263,
            211.5
          ],
          [
            135.46842,
            34.84254,
            209.1
          ],
          [
            135.46874,
            34.8425,
            195.5
          ],
          [
            135.46895,
            34.8424,
            186.9
          ],
          [
            135.46913,
            34.84226,
            183.1
          ],
          [
            135.46929,
            34.84215,
            177.4
          ],
          [
            135.4696,
            34.84204,
            169
          ],
          [
            135.46985,
            34.84194,
            166.8
          ],
          [
            135.47007,
            34.84179,
            162.6
          ]
        ]
      }
    },
    {
      "type": "Feature",
      "properties": {
        "type": "route",
        "id": "route_一の橋_to_展望台",
        "startPoint": "一の橋",
        "endPoint": "展望台",
        "startPointGPS": [
          135.4697,
          34.83831,
          99.8
        ],
        "endPointGPS": [
          135.47093,
          34.84063,
          153.3
        ]
      },
      "geometry": {
        "type": "LineString",
        "coordinates": [
          [
            135.46971,
            34.83834,
            99
          ],
          [
            135.46984,
            34.8385,
            108.7
          ],
          [
            135.47,
            34.83867,
            106.4
          ],
          [
            135.47007,
            34.83883,
            100.5
          ],
          [
            135.47012,
            34.83913,
            111.4
          ],
          [
            135.47031,
            34.83927,
            114.8
          ],
          [
            135.47054,
            34.83927,
            117
          ],
          [
            135.47077,
            34.83929,
            116.2
          ],
          [
            135.47054,
            34.83949,
            121.5
          ],
          [
            135.47054,
            34.83971,
            122.3
          ],
          [
            135.47067,
            34.83984,
            120.9
          ],
          [
            135.47077,
            34.84003,
            125.3
          ],
          [
            135.47087,
            34.84012,
            124.4
          ],
          [
            135.47087,
            34.84036,
            135.6
          ],
          [
            135.47103,
            34.84055,
            143.3
          ],
          [
            135.47114,
            34.84063,
            150.9
          ],
          [
            135.47103,
            34.84078,
            154.8
          ],
          [
            135.47082,
            34.84091,
            161.4
          ]
        ]
      }
    },
    {
      "type": "Feature",
      "properties": {
        "type": "route",
        "id": "route_D-17_to_D-18",
        "startPoint": "D-17",
        "endPoint": "D-18",
        "startPointGPS": [
          135.45801,
          34.84127,
          313.5
        ],
        "endPointGPS": [
          135.45704,
          34.84078,
          312.3
        ]
      },
      "geometry": {
        "type": "LineString",
        "coordinates": [
          [
            135.4579,
            34.84124,
            316.4
          ],
          [
            135.45774,
            34.84124,
            313.5
          ],
          [
            135.4574,
            34.84121,
            306.7
          ],
          [
            135.4573,
            34.84113,
            305.5
          ],
          [
            135.45724,
            34.84108,
            306
          ],
          [
            135.45713,
            34.8409,
            311
          ]
        ]
      }
    },
    {
      "type": "Feature",
      "properties": {
        "type": "route",
        "id": "route_D-43_to_D-42",
        "startPoint": "D-43",
        "endPoint": "D-42",
        "startPointGPS": [
          135.46661,
          34.84448,
          302.7
        ],
        "endPointGPS": [
          135.4653,
          34.84354,
          323.9
        ]
      },
      "geometry": {
        "type": "LineString",
        "coordinates": [
          [
            135.46664,
            34.84423,
            303.1
          ],
          [
            135.46664,
            34.84403,
            302.5
          ],
          [
            135.46657,
            34.84394,
            309.1
          ],
          [
            135.46638,
            34.84403,
            309
          ],
          [
            135.46615,
            34.84403,
            302.9
          ],
          [
            135.46594,
            34.84403,
            299.4
          ],
          [
            135.46589,
            34.84388,
            300.7
          ],
          [
            135.46571,
            34.84366,
            304.2
          ],
          [
            135.46553,
            34.84358,
            320
          ]
        ]
      }
    },
    {
      "type": "Feature",
      "properties": {
        "type": "route",
        "id": "route_D-15_to_D-14",
        "startPoint": "D-15",
        "endPoint": "D-14",
        "startPointGPS": [
          135.45934,
          34.8392,
          248.2
        ],
        "endPointGPS": [
          135.45934,
          34.8381,
          204.4
        ]
      },
      "geometry": {
        "type": "LineString",
        "coordinates": [
          [
            135.45931,
            34.83913,
            245.5
          ],
          [
            135.45938,
            34.83884,
            227.7
          ],
          [
            135.45938,
            34.83869,
            220.8
          ],
          [
            135.45938,
            34.8385,
            209.9
          ],
          [
            135.45938,
            34.83825,
            210.1
          ]
        ]
      }
    },
    {
      "type": "Feature",
      "properties": {
        "type": "route",
        "id": "route_D-38_to_D-06",
        "startPoint": "D-38",
        "endPoint": "D-06",
        "startPointGPS": [
          135.47018,
          34.84225,
          178.3
        ],
        "endPointGPS": [
          135.47011,
          34.84153,
          168.6
        ]
      },
      "geometry": {
        "type": "LineString",
        "coordinates": [
          [
            135.47012,
            34.84215,
            172.4
          ],
          [
            135.46994,
            34.84207,
            164.7
          ]
        ]
      }
    },
    {
      "type": "Feature",
      "properties": {
        "type": "route",
        "id": "route_E-01_to_落合橋",
        "startPoint": "E-01",
        "endPoint": "落合橋",
        "startPointGPS": [
          135.47101,
          34.84558,
          153.5
        ],
        "endPointGPS": [
          135.47221,
          34.84565,
          138.1
        ]
      },
      "geometry": {
        "type": "LineString",
        "coordinates": [
          [
            135.4711,
            34.84552,
            150.9
          ],
          [
            135.47121,
            34.84539,
            149.9
          ],
          [
            135.47144,
            34.84545,
            149
          ],
          [
            135.47162,
            34.84539,
            143.4
          ],
          [
            135.47183,
            34.84539,
            142.2
          ],
          [
            135.47199,
            34.84545,
            136.5
          ],
          [
            135.47214,
            34.84555,
            134.2
          ]
        ]
      }
    },
    {
      "type": "Feature",
      "properties": {
        "type": "route",
        "id": "route_D-23_to_D-17",
        "startPoint": "D-23",
        "endPoint": "D-17",
        "startPointGPS": [
          135.45891,
          34.84211,
          340.5
        ],
        "endPointGPS": [
          135.45801,
          34.84127,
          313.5
        ]
      },
      "geometry": {
        "type": "LineString",
        "coordinates": [
          [
            135.45888,
            34.84199,
            337.4
          ],
          [
            135.45867,
            34.84194,
            325.9
          ],
          [
            135.45849,
            34.84186,
            330.9
          ],
          [
            135.45821,
            34.84182,
            330
          ],
          [
            135.45802,
            34.8418,
            318.6
          ],
          [
            135.45784,
            34.84164,
            316.4
          ],
          [
            135.45802,
            34.84145,
            307.1
          ],
          [
            135.45807,
            34.84134,
            306.1
          ]
        ]
      }
    },
    {
      "type": "Feature",
      "properties": {
        "type": "route",
        "id": "route_D-35_to_D-36",
        "startPoint": "D-35",
        "endPoint": "D-36",
        "startPointGPS": [
          135.45955,
          34.84491,
          364.2
        ],
        "endPointGPS": [
          135.46056,
          34.84543,
          355.5
        ]
      },
      "geometry": {
        "type": "LineString",
        "coordinates": [
          [
            135.4597,
            34.84506,
            367.2
          ],
          [
            135.45992,
            34.84507,
            362.6
          ],
          [
            135.46,
            34.8452,
            362.5
          ],
          [
            135.4601,
            34.8452,
            358
          ],
          [
            135.46017,
            34.84536,
            361.2
          ],
          [
            135.46038,
            34.84539,
            357.9
          ]
        ]
      }
    },
    {
      "type": "Feature",
      "properties": {
        "type": "route",
        "id": "route_D-36_to_D-41",
        "startPoint": "D-36",
        "endPoint": "D-41",
        "startPointGPS": [
          135.46056,
          34.84543,
          355.5
        ],
        "endPointGPS": [
          135.46523,
          34.84498,
          343.8
        ]
      },
      "geometry": {
        "type": "LineString",
        "coordinates": [
          [
            135.46077,
            34.84539,
            354.4
          ],
          [
            135.46099,
            34.84539,
            358.3
          ],
          [
            135.46125,
            34.8453,
            358.8
          ],
          [
            135.46125,
            34.84507,
            359.5
          ],
          [
            135.46137,
            34.84494,
            353.8
          ],
          [
            135.46137,
            34.84468,
            360.8
          ],
          [
            135.46164,
            34.84458,
            359.1
          ],
          [
            135.46187,
            34.84456,
            362.1
          ],
          [
            135.46203,
            34.84435,
            361
          ],
          [
            135.46219,
            34.84423,
            355
          ],
          [
            135.46221,
            34.84403,
            355.2
          ],
          [
            135.4624,
            34.84394,
            356.6
          ],
          [
            135.46245,
            34.8437,
            357.4
          ],
          [
            135.46247,
            34.84345,
            360.4
          ],
          [
            135.46245,
            34.84329,
            363.3
          ],
          [
            135.46274,
            34.84329,
            364
          ],
          [
            135.46297,
            34.84344,
            361.1
          ],
          [
            135.46305,
            34.84358,
            358.9
          ],
          [
            135.4632,
            34.84376,
            357.6
          ],
          [
            135.46334,
            34.84388,
            359.6
          ],
          [
            135.46334,
            34.84412,
            360.2
          ],
          [
            135.46333,
            34.8443,
            360
          ],
          [
            135.46346,
            34.84443,
            356.5
          ],
          [
            135.46362,
            34.84458,
            356.2
          ],
          [
            135.4638,
            34.84474,
            349.3
          ],
          [
            135.46391,
            34.84506,
            351.2
          ],
          [
            135.46406,
            34.8452,
            354.7
          ],
          [
            135.46422,
            34.84523,
            354
          ],
          [
            135.46443,
            34.84516,
            349.8
          ],
          [
            135.46471,
            34.84498,
            343.6
          ],
          [
            135.465,
            34.84494,
            344
          ]
        ]
      }
    },
    {
      "type": "Feature",
      "properties": {
        "type": "route",
        "id": "route_姫岩_to_落合橋",
        "startPoint": "姫岩",
        "endPoint": "落合橋",
        "startPointGPS": [
          135.47309,
          34.84629,
          133.5
        ],
        "endPointGPS": [
          135.47221,
          34.84565,
          138.1
        ]
      },
      "geometry": {
        "type": "LineString",
        "coordinates": [
          [
            135.4732,
            34.84614,
            143
          ],
          [
            135.47331,
            34.8463,
            158
          ],
          [
            135.4736,
            34.84633,
            138
          ],
          [
            135.47341,
            34.8464,
            142.7
          ],
          [
            135.4732,
            34.84653,
            150.4
          ],
          [
            135.47294,
            34.84642,
            143.1
          ],
          [
            135.47277,
            34.84628,
            144
          ],
          [
            135.47255,
            34.84605,
            142.1
          ],
          [
            135.47255,
            34.84581,
            138.5
          ],
          [
            135.47242,
            34.84564,
            133.3
          ]
        ]
      }
    },
    {
      "type": "Feature",
      "properties": {
        "type": "route",
        "id": "route_D-06_to_D-39",
        "startPoint": "D-06",
        "endPoint": "D-39",
        "startPointGPS": [
          135.47011,
          34.84153,
          168.6
        ],
        "endPointGPS": [
          135.47059,
          34.84082,
          172.9
        ]
      },
      "geometry": {
        "type": "LineString",
        "coordinates": [
          [
            135.47022,
            34.84134,
            165
          ],
          [
            135.47027,
            34.84112,
            167.9
          ],
          [
            135.47027,
            34.84112,
            167.9
          ],
          [
            135.47051,
            34.84107,
            165.5
          ],
          [
            135.47067,
            34.841,
            166.6
          ]
        ]
      }
    },
    {
      "type": "Feature",
      "properties": {
        "type": "route",
        "id": "route_青少年教学の森野外活動入口_to_D-40",
        "startPoint": "青少年教学の森野外活動入口",
        "endPoint": "D-40",
        "startPointGPS": [
          135.45419,
          34.83143,
          109.4
        ],
        "endPointGPS": [
          135.45531,
          34.8357,
          177
        ]
      },
      "geometry": {
        "type": "LineString",
        "coordinates": [
          [
            135.45419,
            34.83154,
            109.9
          ],
          [
            135.45419,
            34.83182,
            113.4
          ],
          [
            135.45425,
            34.83186,
            113.4
          ],
          [
            135.45425,
            34.83209,
            115.4
          ],
          [
            135.45434,
            34.83231,
            117.7
          ],
          [
            135.4544,
            34.8326,
            120.4
          ],
          [
            135.4544,
            34.83276,
            122.7
          ],
          [
            135.45447,
            34.83299,
            125.3
          ],
          [
            135.4544,
            34.83328,
            127.9
          ],
          [
            135.45448,
            34.83362,
            134.2
          ],
          [
            135.45458,
            34.83371,
            136.9
          ],
          [
            135.45476,
            34.83394,
            139.2
          ],
          [
            135.45489,
            34.83408,
            144.1
          ],
          [
            135.45492,
            34.83431,
            148.3
          ],
          [
            135.45492,
            34.83459,
            154.5
          ],
          [
            135.45502,
            34.83482,
            157.8
          ],
          [
            135.45514,
            34.83498,
            160
          ],
          [
            135.45514,
            34.83526,
            168.2
          ],
          [
            135.45525,
            34.83547,
            172.5
          ],
          [
            135.45532,
            34.83559,
            174.6
          ]
        ]
      }
    },
    {
      "type": "Feature",
      "properties": {
        "type": "route",
        "id": "route_一の橋_to_聖天展望台",
        "startPoint": "一の橋",
        "endPoint": "聖天展望台",
        "startPointGPS": [
          135.4697,
          34.83831,
          99.8
        ],
        "endPointGPS": [
          135.47253,
          34.83927,
          174
        ]
      },
      "geometry": {
        "type": "LineString",
        "coordinates": [
          [
            135.46994,
            34.83822,
            93.4
          ],
          [
            135.46977,
            34.83799,
            98.2
          ],
          [
            135.46971,
            34.83786,
            100.4
          ],
          [
            135.46971,
            34.8377,
            106
          ],
          [
            135.4696,
            34.83754,
            105.9
          ],
          [
            135.46955,
            34.83734,
            111.5
          ],
          [
            135.46984,
            34.83741,
            117.1
          ],
          [
            135.47021,
            34.83741,
            120.5
          ],
          [
            135.47054,
            34.83743,
            130.9
          ],
          [
            135.47054,
            34.83766,
            137.1
          ],
          [
            135.47067,
            34.83777,
            142.4
          ],
          [
            135.47081,
            34.83777,
            142.9
          ],
          [
            135.47063,
            34.83789,
            145.5
          ],
          [
            135.47054,
            34.83783,
            143
          ],
          [
            135.47031,
            34.83789,
            138
          ],
          [
            135.47063,
            34.83802,
            148.4
          ],
          [
            135.47072,
            34.83811,
            150.8
          ],
          [
            135.47093,
            34.83825,
            152.7
          ],
          [
            135.47122,
            34.83811,
            156.2
          ],
          [
            135.47148,
            34.83811,
            158.2
          ],
          [
            135.47169,
            34.83833,
            161
          ],
          [
            135.4719,
            34.83845,
            163.8
          ],
          [
            135.47201,
            34.83859,
            165.5
          ],
          [
            135.47201,
            34.83883,
            172.5
          ],
          [
            135.47213,
            34.83883,
            170.4
          ],
          [
            135.47229,
            34.83892,
            176.6
          ],
          [
            135.47219,
            34.83896,
            179.3
          ],
          [
            135.47219,
            34.83912,
            185.9
          ],
          [
            135.4724,
            34.83912,
            185.1
          ]
        ]
      }
    },
    {
      "type": "Feature",
      "properties": {
        "type": "route",
        "id": "route_D-37_to_D-24",
        "startPoint": "D-37",
        "endPoint": "D-24",
        "startPointGPS": [
          135.46453,
          34.84212,
          309.9
        ],
        "endPointGPS": [
          135.46246,
          34.84072,
          234.3
        ]
      },
      "geometry": {
        "type": "LineString",
        "coordinates": [
          [
            135.46443,
            34.84215,
            301.7
          ],
          [
            135.46428,
            34.84215,
            289.6
          ],
          [
            135.46422,
            34.84194,
            279.6
          ],
          [
            135.46412,
            34.84179,
            272.8
          ],
          [
            135.46412,
            34.84163,
            267.6
          ],
          [
            135.46412,
            34.84143,
            264.8
          ],
          [
            135.46422,
            34.84127,
            261.6
          ],
          [
            135.46422,
            34.84114,
            262.3
          ],
          [
            135.46412,
            34.84101,
            264
          ],
          [
            135.46391,
            34.84091,
            273.8
          ],
          [
            135.46376,
            34.8409,
            279.9
          ],
          [
            135.4635,
            34.84086,
            270.2
          ],
          [
            135.46334,
            34.84078,
            257.4
          ],
          [
            135.46311,
            34.84078,
            250.3
          ],
          [
            135.46297,
            34.84086,
            248.7
          ],
          [
            135.46274,
            34.8409,
            239.6
          ],
          [
            135.46253,
            34.84075,
            234.3
          ]
        ]
      }
    },
    {
      "type": "Feature",
      "properties": {
        "type": "route",
        "id": "route_D-20_to_D-03",
        "startPoint": "D-20",
        "endPoint": "D-03",
        "startPointGPS": [
          135.45978,
          34.84134,
          304.7
        ],
        "endPointGPS": [
          135.4615,
          34.83905,
          223.6
        ]
      },
      "geometry": {
        "type": "LineString",
        "coordinates": [
          [
            135.46009,
            34.84078,
            285.6
          ],
          [
            135.46016,
            34.84062,
            286.5
          ],
          [
            135.46027,
            34.84037,
            282.3
          ],
          [
            135.46047,
            34.84024,
            277.1
          ],
          [
            135.46069,
            34.84013,
            272.2
          ],
          [
            135.4609,
            34.8401,
            267.1
          ],
          [
            135.46097,
            34.83997,
            259
          ],
          [
            135.46087,
            34.83978,
            252.1
          ],
          [
            135.46087,
            34.83962,
            247.2
          ],
          [
            135.4609,
            34.83949,
            242.2
          ],
          [
            135.46097,
            34.83929,
            233.8
          ],
          [
            135.46115,
            34.83928,
            230.2
          ]
        ]
      }
    },
    {
      "type": "Feature",
      "properties": {
        "type": "route",
        "id": "route_D-23_to_D-21",
        "startPoint": "D-23",
        "endPoint": "D-21",
        "startPointGPS": [
          135.45891,
          34.84211,
          340.5
        ],
        "endPointGPS": [
          135.46012,
          34.84174,
          324.1
        ]
      },
      "geometry": {
        "type": "LineString",
        "coordinates": [
          [
            135.45912,
            34.84215,
            333.1
          ],
          [
            135.4592,
            34.84198,
            319.8
          ],
          [
            135.45938,
            34.84215,
            320.3
          ],
          [
            135.45953,
            34.84226,
            317.5
          ],
          [
            135.45953,
            34.84226,
            317.5
          ],
          [
            135.45964,
            34.84238,
            321.4
          ],
          [
            135.4598,
            34.84217,
            323.4
          ],
          [
            135.4598,
            34.84198,
            321.4
          ],
          [
            135.45993,
            34.84177,
            324.4
          ]
        ]
      }
    },
    {
      "type": "Feature",
      "properties": {
        "type": "route",
        "id": "route_風呂ヶ谷口_to_風呂ヶ谷入口",
        "startPoint": "風呂ヶ谷口",
        "endPoint": "風呂ヶ谷入口",
        "startPointGPS": [
          135.4763,
          34.85058,
          235.7
        ],
        "endPointGPS": [
          135.47389,
          34.84983,
          164.6
        ]
      },
      "geometry": {
        "type": "LineString",
        "coordinates": [
          [
            135.47601,
            34.85039,
            228.4
          ],
          [
            135.47571,
            34.85027,
            224
          ],
          [
            135.47553,
            34.85016,
            218
          ],
          [
            135.4753,
            34.85008,
            212.5
          ],
          [
            135.47511,
            34.85019,
            217.8
          ],
          [
            135.47501,
            34.84999,
            209.4
          ],
          [
            135.47475,
            34.85004,
            213.2
          ],
          [
            135.47441,
            34.85016,
            184.8
          ],
          [
            135.47402,
            34.85003,
            166.8
          ]
        ]
      }
    },
    {
      "type": "Feature",
      "properties": {
        "type": "route",
        "id": "route_G-16_to_B-29",
        "startPoint": "G-16",
        "endPoint": "B-29",
        "startPointGPS": [
          135.4837,
          34.85003,
          300.1
        ],
        "endPointGPS": [
          135.48049,
          34.84903,
          285.2
        ]
      },
      "geometry": {
        "type": "LineString",
        "coordinates": [
          [
            135.48334,
            34.84989,
            295.3
          ],
          [
            135.48083,
            34.84909,
            284.7
          ],
          [
            135.4811,
            34.84913,
            284.4
          ],
          [
            135.48125,
            34.84905,
            283.8
          ],
          [
            135.48154,
            34.84927,
            283.6
          ],
          [
            135.48188,
            34.84943,
            284.5
          ],
          [
            135.48224,
            34.84961,
            286.4
          ],
          [
            135.48281,
            34.84977,
            292
          ]
        ]
      }
    },
    {
      "type": "Feature",
      "properties": {
        "type": "route",
        "id": "route_桜広場南分岐_to_D-06",
        "startPoint": "桜広場南分岐",
        "endPoint": "D-06",
        "startPointGPS": [
          135.4708,
          34.8401,
          126.1
        ],
        "endPointGPS": [
          135.47011,
          34.84153,
          168.6
        ]
      },
      "geometry": {
        "type": "LineString",
        "coordinates": [
          [
            135.47085,
            34.84042,
            139.1
          ],
          [
            135.47117,
            34.84062,
            149
          ],
          [
            135.47085,
            34.84093,
            158.6
          ],
          [
            135.47043,
            34.84109,
            165.8
          ],
          [
            135.47012,
            34.84134,
            169
          ]
        ]
      }
    },
    {
      "type": "Feature",
      "properties": {
        "type": "route",
        "id": "route_G-12_to_G-13",
        "startPoint": "G-12",
        "endPoint": "G-13",
        "startPointGPS": [
          135.48655,
          34.84485,
          189.2
        ],
        "endPointGPS": [
          135.48669,
          34.84587,
          204.4
        ]
      },
      "geometry": {
        "type": "LineString",
        "coordinates": [
          [
            135.48667,
            34.84503,
            190.2
          ],
          [
            135.48676,
            34.84527,
            193.9
          ],
          [
            135.48672,
            34.84558,
            205.5
          ]
        ]
      }
    },
    {
      "type": "Feature",
      "properties": {
        "type": "route",
        "id": "route_一の橋_to_瀧安寺広場",
        "startPoint": "一の橋",
        "endPoint": "瀧安寺広場",
        "startPointGPS": [
          135.4697,
          34.83831,
          99.8
        ],
        "endPointGPS": [
          135.47216,
          34.84184,
          117.2
        ]
      },
      "geometry": {
        "type": "LineString",
        "coordinates": [
          [
            135.47011,
            34.83859,
            99.3
          ],
          [
            135.47021,
            34.83896,
            101
          ],
          [
            135.47084,
            34.83927,
            107.9
          ],
          [
            135.47112,
            34.83977,
            106.8
          ],
          [
            135.47152,
            34.83988,
            109.3
          ],
          [
            135.47167,
            34.8401,
            110.5
          ],
          [
            135.47185,
            34.84026,
            110.4
          ],
          [
            135.47216,
            34.84032,
            110.4
          ],
          [
            135.47247,
            34.84032,
            110.9
          ],
          [
            135.47232,
            34.84058,
            111.7
          ],
          [
            135.47167,
            34.84093,
            115.2
          ],
          [
            135.47193,
            34.84127,
            114.5
          ],
          [
            135.47216,
            34.84157,
            115.5
          ]
        ]
      }
    },
    {
      "type": "Feature",
      "properties": {
        "type": "route",
        "id": "route_B-02_to_B-33",
        "startPoint": "B-02",
        "endPoint": "B-33",
        "startPointGPS": [
          135.47454,
          34.84046,
          256.1
        ],
        "endPointGPS": [
          135.47599,
          34.84496,
          253
        ]
      },
      "geometry": {
        "type": "LineString",
        "coordinates": [
          [
            135.47464,
            34.84061,
            257.2
          ],
          [
            135.47472,
            34.84082,
            257.7
          ],
          [
            135.47498,
            34.84123,
            258.4
          ],
          [
            135.47514,
            34.84134,
            255.5
          ],
          [
            135.47527,
            34.84156,
            255.1
          ],
          [
            135.47528,
            34.84183,
            254.8
          ],
          [
            135.47537,
            34.84198,
            251.8
          ],
          [
            135.4755,
            34.8422,
            250.2
          ],
          [
            135.4755,
            34.84237,
            248.4
          ],
          [
            135.4756,
            34.84258,
            246.4
          ],
          [
            135.47575,
            34.84286,
            244.6
          ],
          [
            135.47585,
            34.84318,
            242.6
          ],
          [
            135.4759,
            34.84337,
            243
          ],
          [
            135.47585,
            34.84359,
            243.4
          ],
          [
            135.47575,
            34.84385,
            244
          ],
          [
            135.47575,
            34.84413,
            246.4
          ],
          [
            135.47585,
            34.84438,
            250.7
          ],
          [
            135.47585,
            34.84454,
            253
          ],
          [
            135.4759,
            34.84473,
            253.8
          ]
        ]
      }
    },
    {
      "type": "Feature",
      "properties": {
        "type": "route",
        "id": "route_G-15_to_G-16",
        "startPoint": "G-15",
        "endPoint": "G-16",
        "startPointGPS": [
          135.48544,
          34.84906,
          313.9
        ],
        "endPointGPS": [
          135.4837,
          34.85003,
          300.1
        ]
      },
      "geometry": {
        "type": "LineString",
        "coordinates": [
          [
            135.48394,
            34.84989,
            306.3
          ],
          [
            135.48512,
            34.84919,
            303.8
          ],
          [
            135.48417,
            34.84973,
            315.8
          ],
          [
            135.48439,
            34.84958,
            317.4
          ],
          [
            135.48465,
            34.84934,
            314.9
          ]
        ]
      }
    },
    {
      "type": "Feature",
      "properties": {
        "type": "route",
        "id": "route_B-33_to_瀧安寺広場",
        "startPoint": "B-33",
        "endPoint": "瀧安寺広場",
        "startPointGPS": [
          135.47599,
          34.84496,
          253
        ],
        "endPointGPS": [
          135.47216,
          34.84184,
          117.2
        ]
      },
      "geometry": {
        "type": "LineString",
        "coordinates": [
          [
            135.47569,
            34.84488,
            256.5
          ],
          [
            135.47538,
            34.84484,
            260.2
          ],
          [
            135.47496,
            34.84488,
            262.2
          ],
          [
            135.47465,
            34.84473,
            259.2
          ],
          [
            135.47429,
            34.84461,
            250.4
          ],
          [
            135.47425,
            34.84439,
            252.8
          ],
          [
            135.47392,
            34.84427,
            249.9
          ],
          [
            135.47363,
            34.84407,
            241.8
          ],
          [
            135.47363,
            34.84372,
            240
          ],
          [
            135.47348,
            34.84337,
            225.7
          ],
          [
            135.47348,
            34.84318,
            200.7
          ],
          [
            135.47353,
            34.8429,
            187.7
          ],
          [
            135.47343,
            34.8429,
            182.1
          ],
          [
            135.47338,
            34.84273,
            173.9
          ],
          [
            135.47332,
            34.84262,
            167.1
          ],
          [
            135.47314,
            34.84262,
            156
          ],
          [
            135.47304,
            34.84233,
            148.8
          ],
          [
            135.47293,
            34.84213,
            146.2
          ],
          [
            135.47273,
            34.84202,
            134.6
          ],
          [
            135.47242,
            34.84188,
            115.3
          ]
        ]
      }
    },
    {
      "type": "Feature",
      "properties": {
        "type": "route",
        "id": "route_G-25_to_G-26",
        "startPoint": "G-25",
        "endPoint": "G-26",
        "startPointGPS": [
          135.48932,
          34.84172,
          158.8
        ],
        "endPointGPS": [
          135.48843,
          34.84469,
          254.6
        ]
      },
      "geometry": {
        "type": "LineString",
        "coordinates": [
          [
            135.48906,
            34.84175,
            159.6
          ],
          [
            135.48911,
            34.84208,
            165.5
          ],
          [
            135.48891,
            34.8426,
            175.5
          ],
          [
            135.48891,
            34.8426,
            175.5
          ],
          [
            135.48877,
            34.84308,
            188.3
          ],
          [
            135.48867,
            34.84343,
            202.9
          ],
          [
            135.48858,
            34.84384,
            234.1
          ],
          [
            135.48846,
            34.84436,
            252.8
          ]
        ]
      }
    },
    {
      "type": "Feature",
      "properties": {
        "type": "route",
        "id": "route_B-33_to_B-11",
        "startPoint": "B-33",
        "endPoint": "B-11",
        "startPointGPS": [
          135.47599,
          34.84496,
          253
        ],
        "endPointGPS": [
          135.4794,
          34.8485,
          295.5
        ]
      },
      "geometry": {
        "type": "LineString",
        "coordinates": [
          [
            135.47614,
            34.84501,
            252.4
          ],
          [
            135.47636,
            34.84517,
            252.6
          ],
          [
            135.47644,
            34.84547,
            254.6
          ],
          [
            135.4766,
            34.84571,
            256.9
          ],
          [
            135.4766,
            34.84583,
            260.1
          ],
          [
            135.47684,
            34.84597,
            260.1
          ],
          [
            135.47697,
            34.84597,
            260.9
          ],
          [
            135.47727,
            34.84609,
            268.1
          ],
          [
            135.47751,
            34.84617,
            267.2
          ],
          [
            135.47766,
            34.84628,
            268.8
          ],
          [
            135.47785,
            34.84641,
            270.8
          ],
          [
            135.47785,
            34.84665,
            268.9
          ],
          [
            135.47801,
            34.8468,
            276.1
          ],
          [
            135.47811,
            34.84699,
            278.8
          ],
          [
            135.47826,
            34.84717,
            283.8
          ],
          [
            135.47826,
            34.84729,
            282.9
          ],
          [
            135.47842,
            34.84752,
            286.3
          ],
          [
            135.47852,
            34.84775,
            291.7
          ],
          [
            135.47867,
            34.84786,
            290.7
          ],
          [
            135.47907,
            34.84804,
            294.1
          ],
          [
            135.47907,
            34.84823,
            290.8
          ]
        ]
      }
    },
    {
      "type": "Feature",
      "properties": {
        "type": "route",
        "id": "route_落合橋_to_E-01",
        "startPoint": "落合橋",
        "endPoint": "E-01",
        "startPointGPS": [
          135.47221,
          34.84565,
          138.1
        ],
        "endPointGPS": [
          135.47101,
          34.84558,
          153.5
        ]
      },
      "geometry": {
        "type": "LineString",
        "coordinates": [
          [
            135.47208,
            34.84557,
            134.6
          ],
          [
            135.47187,
            34.84547,
            143.6
          ],
          [
            135.47169,
            34.84547,
            148.3
          ],
          [
            135.47138,
            34.84547,
            151.2
          ],
          [
            135.47109,
            34.84551,
            151.6
          ]
        ]
      }
    },
    {
      "type": "Feature",
      "properties": {
        "type": "route",
        "id": "route_落合橋_to_修業の古場",
        "startPoint": "落合橋",
        "endPoint": "修業の古場",
        "startPointGPS": [
          135.47221,
          34.84565,
          138.1
        ],
        "endPointGPS": [
          135.47339,
          34.8467,
          157.5
        ]
      },
      "geometry": {
        "type": "LineString",
        "coordinates": [
          [
            135.4725,
            34.84598,
            141.5
          ],
          [
            135.47265,
            34.84629,
            155.3
          ],
          [
            135.47305,
            34.84658,
            151.3
          ],
          [
            135.47344,
            34.84658,
            156.3
          ]
        ]
      }
    },
    {
      "type": "Feature",
      "properties": {
        "type": "route",
        "id": "route_B-21_to_B-02",
        "startPoint": "B-21",
        "endPoint": "B-02",
        "startPointGPS": [
          135.47309,
          34.83917,
          192.5
        ],
        "endPointGPS": [
          135.47454,
          34.84046,
          256.1
        ]
      },
      "geometry": {
        "type": "LineString",
        "coordinates": [
          [
            135.47337,
            34.83935,
            197.2
          ],
          [
            135.47342,
            34.83945,
            196.4
          ],
          [
            135.47362,
            34.83957,
            210.2
          ],
          [
            135.47373,
            34.83972,
            219
          ],
          [
            135.47378,
            34.83987,
            224.7
          ],
          [
            135.47399,
            34.83992,
            234.1
          ],
          [
            135.47423,
            34.83999,
            239.5
          ],
          [
            135.47433,
            34.84017,
            245.3
          ],
          [
            135.47433,
            34.84032,
            245.1
          ]
        ]
      }
    },
    {
      "type": "Feature",
      "properties": {
        "type": "route",
        "id": "route_G-01_to_G-11",
        "startPoint": "G-01",
        "endPoint": "G-11",
        "startPointGPS": [
          135.48627,
          34.84215,
          147.8
        ],
        "endPointGPS": [
          135.48617,
          34.84035,
          129.8
        ]
      },
      "geometry": {
        "type": "LineString",
        "coordinates": [
          [
            135.48624,
            34.84172,
            143
          ],
          [
            135.48619,
            34.842,
            145.2
          ],
          [
            135.48613,
            34.84052,
            131.9
          ],
          [
            135.4861,
            34.84076,
            134.2
          ],
          [
            135.4861,
            34.84098,
            135.7
          ],
          [
            135.4861,
            34.84125,
            139.3
          ],
          [
            135.48623,
            34.84142,
            141.6
          ]
        ]
      }
    },
    {
      "type": "Feature",
      "properties": {
        "type": "route",
        "id": "route_箕面駅_to_一の橋",
        "startPoint": "箕面駅",
        "endPoint": "一の橋",
        "startPointGPS": [
          135.4684,
          34.83508,
          83.4
        ],
        "endPointGPS": [
          135.4697,
          34.83831,
          99.8
        ]
      },
      "geometry": {
        "type": "LineString",
        "coordinates": [
          [
            135.4685,
            34.8354,
            83.6
          ],
          [
            135.46845,
            34.83595,
            87.3
          ],
          [
            135.4684,
            34.83637,
            89.8
          ],
          [
            135.46809,
            34.83687,
            91.8
          ],
          [
            135.46832,
            34.83728,
            92.2
          ],
          [
            135.46904,
            34.83743,
            93.6
          ],
          [
            135.46951,
            34.83784,
            96
          ]
        ]
      }
    },
    {
      "type": "Feature",
      "properties": {
        "type": "route",
        "id": "route_B-40_to_B-41",
        "startPoint": "B-40",
        "endPoint": "B-41",
        "startPointGPS": [
          135.47819,
          34.84931,
          279
        ],
        "endPointGPS": [
          135.47635,
          34.84852,
          254.6
        ]
      },
      "geometry": {
        "type": "LineString",
        "coordinates": [
          [
            135.47802,
            34.84921,
            271.8
          ],
          [
            135.47766,
            34.84902,
            265.9
          ],
          [
            135.47747,
            34.84887,
            264.8
          ],
          [
            135.47698,
            34.8487,
            265.4
          ],
          [
            135.47685,
            34.84866,
            259.9
          ],
          [
            135.47648,
            34.84862,
            253.8
          ]
        ]
      }
    },
    {
      "type": "Feature",
      "properties": {
        "type": "route",
        "id": "route_B-01_to_聖天橋",
        "startPoint": "B-01",
        "endPoint": "聖天橋",
        "startPointGPS": [
          135.47258,
          34.839,
          184.6
        ],
        "endPointGPS": [
          135.47042,
          34.83904,
          101.1
        ]
      },
      "geometry": {
        "type": "LineString",
        "coordinates": [
          [
            135.47241,
            34.83897,
            179.2
          ],
          [
            135.47201,
            34.83885,
            173.4
          ],
          [
            135.47206,
            34.83875,
            168.7
          ],
          [
            135.47185,
            34.83852,
            162.4
          ],
          [
            135.47162,
            34.83835,
            160.1
          ],
          [
            135.47126,
            34.83811,
            156.5
          ],
          [
            135.47084,
            34.83831,
            149.6
          ],
          [
            135.4706,
            34.83803,
            147.5
          ],
          [
            135.47079,
            34.83776,
            143.3
          ],
          [
            135.47042,
            34.83792,
            142.3
          ],
          [
            135.4703,
            34.83815,
            127.5
          ],
          [
            135.47042,
            34.83863,
            106.7
          ],
          [
            135.47047,
            34.83863,
            107.4
          ]
        ]
      }
    },
    {
      "type": "Feature",
      "properties": {
        "type": "route",
        "id": "route_姫岩_to_ライオン岩",
        "startPoint": "姫岩",
        "endPoint": "ライオン岩",
        "startPointGPS": [
          135.47309,
          34.84629,
          133.5
        ],
        "endPointGPS": [
          135.47425,
          34.84622,
          157.6
        ]
      },
      "geometry": {
        "type": "LineString",
        "coordinates": [
          [
            135.47339,
            34.84618,
            135.6
          ],
          [
            135.47363,
            34.84618,
            140.4
          ],
          [
            135.47393,
            34.84626,
            146.1
          ]
        ]
      }
    },
    {
      "type": "Feature",
      "properties": {
        "type": "route",
        "id": "route_D-39_to_D-06",
        "startPoint": "D-39",
        "endPoint": "D-06",
        "startPointGPS": [
          135.47059,
          34.84082,
          172.9
        ],
        "endPointGPS": [
          135.47011,
          34.84153,
          168.6
        ]
      },
      "geometry": {
        "type": "LineString",
        "coordinates": [
          [
            135.47047,
            34.84093,
            172.8
          ],
          [
            135.47031,
            34.84109,
            167.7
          ],
          [
            135.47022,
            34.84113,
            169.5
          ],
          [
            135.47022,
            34.8413,
            165.2
          ],
          [
            135.47012,
            34.84142,
            168.8
          ]
        ]
      }
    },
    {
      "type": "Feature",
      "properties": {
        "type": "route",
        "id": "route_G-01_to_G-12",
        "startPoint": "G-01",
        "endPoint": "G-12",
        "startPointGPS": [
          135.48627,
          34.84215,
          147.8
        ],
        "endPointGPS": [
          135.48655,
          34.84485,
          189.2
        ]
      },
      "geometry": {
        "type": "LineString",
        "coordinates": [
          [
            135.4864,
            34.84192,
            148.1
          ],
          [
            135.48651,
            34.84176,
            152.2
          ],
          [
            135.48651,
            34.84204,
            158.5
          ],
          [
            135.48609,
            34.8426,
            161.8
          ],
          [
            135.4859,
            34.84296,
            160.6
          ],
          [
            135.4859,
            34.84324,
            162.7
          ],
          [
            135.486,
            34.84358,
            169.8
          ],
          [
            135.48614,
            34.84332,
            172.9
          ],
          [
            135.48614,
            34.84362,
            179.1
          ],
          [
            135.4859,
            34.84389,
            178.8
          ],
          [
            135.48652,
            34.84459,
            188.9
          ],
          [
            135.4861,
            34.84411,
            183.3
          ],
          [
            135.48619,
            34.84437,
            182.2
          ]
        ]
      }
    },
    {
      "type": "Feature",
      "properties": {
        "type": "route",
        "id": "route_B-28_to_B-33",
        "startPoint": "B-28",
        "endPoint": "B-33",
        "startPointGPS": [
          135.47657,
          34.84736,
          241.6
        ],
        "endPointGPS": [
          135.47599,
          34.84496,
          253
        ]
      },
      "geometry": {
        "type": "LineString",
        "coordinates": [
          [
            135.47685,
            34.84746,
            242.3
          ],
          [
            135.47698,
            34.84746,
            242.3
          ],
          [
            135.47698,
            34.84726,
            237.2
          ],
          [
            135.47698,
            34.84711,
            243
          ],
          [
            135.47698,
            34.84684,
            237.7
          ],
          [
            135.47698,
            34.84676,
            238.3
          ],
          [
            135.47685,
            34.84665,
            243.8
          ],
          [
            135.4766,
            34.84658,
            243.9
          ],
          [
            135.4766,
            34.84637,
            243.8
          ],
          [
            135.47647,
            34.84617,
            234.7
          ],
          [
            135.47636,
            34.84597,
            244.2
          ],
          [
            135.47636,
            34.84583,
            244
          ],
          [
            135.47636,
            34.84571,
            244.3
          ],
          [
            135.47615,
            34.84571,
            240.6
          ],
          [
            135.47605,
            34.84541,
            244.8
          ],
          [
            135.47605,
            34.84529,
            245
          ],
          [
            135.47614,
            34.84515,
            248
          ]
        ]
      }
    },
    {
      "type": "Feature",
      "properties": {
        "type": "route",
        "id": "route_G-26_to_G-27",
        "startPoint": "G-26",
        "endPoint": "G-27",
        "startPointGPS": [
          135.48843,
          34.84469,
          254.6
        ],
        "endPointGPS": [
          135.48868,
          34.84546,
          268.5
        ]
      },
      "geometry": {
        "type": "LineString",
        "coordinates": [
          [
            135.48858,
            34.84527,
            261.1
          ],
          [
            135.48842,
            34.84499,
            256.3
          ]
        ]
      }
    },
    {
      "type": "Feature",
      "properties": {
        "type": "route",
        "id": "route_G-24_to_G-25",
        "startPoint": "G-24",
        "endPoint": "G-25",
        "startPointGPS": [
          135.48981,
          34.84069,
          138.6
        ],
        "endPointGPS": [
          135.48932,
          34.84172,
          158.8
        ]
      },
      "geometry": {
        "type": "LineString",
        "coordinates": [
          [
            135.48982,
            34.8409,
            140.7
          ],
          [
            135.48987,
            34.84114,
            143
          ],
          [
            135.48961,
            34.84159,
            155.1
          ],
          [
            135.48982,
            34.84142,
            149
          ]
        ]
      }
    },
    {
      "type": "Feature",
      "properties": {
        "type": "route",
        "id": "route_修業の古場_to_石子詰",
        "startPoint": "修業の古場",
        "endPoint": "石子詰",
        "startPointGPS": [
          135.47339,
          34.8467,
          157.5
        ],
        "endPointGPS": [
          135.47323,
          34.84949,
          172.8
        ]
      },
      "geometry": {
        "type": "LineString",
        "coordinates": [
          [
            135.47328,
            34.84685,
            154.9
          ],
          [
            135.47305,
            34.84704,
            157.1
          ],
          [
            135.47284,
            34.8473,
            156.7
          ],
          [
            135.47289,
            34.84766,
            159.1
          ],
          [
            135.47306,
            34.84797,
            171.4
          ],
          [
            135.47299,
            34.84836,
            175.7
          ],
          [
            135.47299,
            34.84855,
            169.8
          ],
          [
            135.47306,
            34.84883,
            163.5
          ],
          [
            135.47316,
            34.84903,
            165.4
          ],
          [
            135.47316,
            34.84921,
            166.7
          ],
          [
            135.47324,
            34.84944,
            168.5
          ]
        ]
      }
    },
    {
      "type": "Feature",
      "properties": {
        "type": "route",
        "id": "route_一の橋_to_桜広場南分岐",
        "startPoint": "一の橋",
        "endPoint": "桜広場南分岐",
        "startPointGPS": [
          135.4697,
          34.83831,
          99.8
        ],
        "endPointGPS": [
          135.4708,
          34.8401,
          126.1
        ]
      },
      "geometry": {
        "type": "LineString",
        "coordinates": [
          [
            135.46975,
            34.83856,
            118.6
          ],
          [
            135.46995,
            34.83886,
            112
          ],
          [
            135.47021,
            34.8392,
            109.9
          ],
          [
            135.47066,
            34.83927,
            120.6
          ],
          [
            135.47047,
            34.83954,
            126.8
          ],
          [
            135.47067,
            34.83987,
            123.5
          ]
        ]
      }
    },
    {
      "type": "Feature",
      "properties": {
        "type": "route",
        "id": "route_B-11_to_B-40",
        "startPoint": "B-11",
        "endPoint": "B-40",
        "startPointGPS": [
          135.4794,
          34.8485,
          295.5
        ],
        "endPointGPS": [
          135.47819,
          34.84931,
          279
        ]
      },
      "geometry": {
        "type": "LineString",
        "coordinates": [
          [
            135.47922,
            34.84846,
            294.3
          ],
          [
            135.47907,
            34.84842,
            290.2
          ],
          [
            135.47888,
            34.84846,
            286
          ],
          [
            135.47888,
            34.84854,
            289.3
          ],
          [
            135.47867,
            34.84862,
            282.5
          ],
          [
            135.47857,
            34.84878,
            280.4
          ],
          [
            135.47852,
            34.84898,
            287.9
          ],
          [
            135.47826,
            34.8491,
            282.3
          ]
        ]
      }
    },
    {
      "type": "Feature",
      "properties": {
        "type": "route",
        "id": "route_白島西_to_G-11",
        "startPoint": "白島西",
        "endPoint": "G-11",
        "startPointGPS": [
          135.48569,
          34.83831,
          109
        ],
        "endPointGPS": [
          135.48617,
          34.84035,
          129.8
        ]
      },
      "geometry": {
        "type": "LineString",
        "coordinates": [
          [
            135.48593,
            34.83846,
            109.5
          ],
          [
            135.48589,
            34.83906,
            114.2
          ],
          [
            135.48628,
            34.83914,
            116.2
          ],
          [
            135.48608,
            34.8397,
            122.6
          ],
          [
            135.48629,
            34.83947,
            121.5
          ],
          [
            135.48609,
            34.84011,
            125.9
          ],
          [
            135.48584,
            34.83994,
            122.4
          ]
        ]
      }
    },
    {
      "type": "Feature",
      "properties": {
        "type": "route",
        "id": "route_バス停 白島_to_G-24",
        "startPoint": "バス停 白島",
        "endPoint": "G-24",
        "startPointGPS": [
          135.4888,
          34.83868,
          108
        ],
        "endPointGPS": [
          135.48981,
          34.84069,
          138.6
        ]
      },
      "geometry": {
        "type": "LineString",
        "coordinates": [
          [
            135.48895,
            34.83885,
            108.2
          ],
          [
            135.4891,
            34.8392,
            110.5
          ],
          [
            135.48929,
            34.83936,
            111.9
          ],
          [
            135.48955,
            34.83936,
            112.4
          ],
          [
            135.4896,
            34.84043,
            133
          ],
          [
            135.48967,
            34.8401,
            125.3
          ],
          [
            135.48962,
            34.83969,
            117.5
          ]
        ]
      }
    },
    {
      "type": "Feature",
      "properties": {
        "type": "route",
        "id": "route_楓橋西詰_to_姫岩",
        "startPoint": "楓橋西詰",
        "endPoint": "姫岩",
        "startPointGPS": [
          135.47118,
          34.84338,
          121.9
        ],
        "endPointGPS": [
          135.47309,
          34.84629,
          133.5
        ]
      },
      "geometry": {
        "type": "LineString",
        "coordinates": [
          [
            135.47128,
            34.8435,
            119.8
          ],
          [
            135.47128,
            34.84372,
            124
          ],
          [
            135.47128,
            34.84395,
            125.5
          ],
          [
            135.47159,
            34.84399,
            122.8
          ],
          [
            135.47186,
            34.84399,
            124
          ],
          [
            135.47217,
            34.84407,
            126.2
          ],
          [
            135.47227,
            34.84424,
            126.9
          ],
          [
            135.47238,
            34.84474,
            133.5
          ],
          [
            135.47243,
            34.84515,
            136.7
          ],
          [
            135.47259,
            34.84542,
            140
          ],
          [
            135.47284,
            34.84575,
            146.1
          ],
          [
            135.47294,
            34.84598,
            145.7
          ]
        ]
      }
    },
    {
      "type": "Feature",
      "properties": {
        "type": "route",
        "id": "route_D-06_to_D-38",
        "startPoint": "D-06",
        "endPoint": "D-38",
        "startPointGPS": [
          135.47011,
          34.84153,
          168.6
        ],
        "endPointGPS": [
          135.47018,
          34.84225,
          178.3
        ]
      },
      "geometry": {
        "type": "LineString",
        "coordinates": [
          [
            135.46991,
            34.84184,
            170.2
          ],
          [
            135.46991,
            34.84213,
            170.8
          ]
        ]
      }
    },
    {
      "type": "Feature",
      "properties": {
        "type": "route",
        "id": "route_瀧安寺広場_to_落合橋",
        "startPoint": "瀧安寺広場",
        "endPoint": "落合橋",
        "startPointGPS": [
          135.47216,
          34.84184,
          117.2
        ],
        "endPointGPS": [
          135.47221,
          34.84565,
          138.1
        ]
      },
      "geometry": {
        "type": "LineString",
        "coordinates": [
          [
            135.47212,
            34.84233,
            117.6
          ],
          [
            135.47163,
            34.84287,
            125
          ],
          [
            135.47098,
            34.8435,
            126.7
          ],
          [
            135.47094,
            34.84399,
            132.2
          ],
          [
            135.47113,
            34.84435,
            140.4
          ],
          [
            135.47178,
            34.84439,
            140.1
          ],
          [
            135.47203,
            34.84488,
            141.5
          ],
          [
            135.47212,
            34.84522,
            138.9
          ]
        ]
      }
    },
    {
      "type": "Feature",
      "properties": {
        "type": "route",
        "id": "route_風呂ヶ谷入口_to_ライオン岩",
        "startPoint": "風呂ヶ谷入口",
        "endPoint": "ライオン岩",
        "startPointGPS": [
          135.47389,
          34.84983,
          164.6
        ],
        "endPointGPS": [
          135.47425,
          34.84622,
          157.6
        ]
      },
      "geometry": {
        "type": "LineString",
        "coordinates": [
          [
            135.47384,
            34.84963,
            162.8
          ],
          [
            135.47364,
            34.84932,
            160.3
          ],
          [
            135.4735,
            34.84899,
            154.1
          ],
          [
            135.4735,
            34.84863,
            160.9
          ],
          [
            135.47364,
            34.84836,
            154.6
          ],
          [
            135.4738,
            34.84805,
            146.2
          ],
          [
            135.4737,
            34.84776,
            147.9
          ],
          [
            135.4734,
            34.84762,
            150.1
          ],
          [
            135.47349,
            34.8473,
            149.8
          ],
          [
            135.47375,
            34.84711,
            150.4
          ],
          [
            135.47401,
            34.84703,
            157
          ],
          [
            135.4744,
            34.84687,
            182.6
          ],
          [
            135.4743,
            34.84666,
            165.3
          ],
          [
            135.47449,
            34.84638,
            168.1
          ]
        ]
      }
    },
    {
      "type": "Feature",
      "properties": {
        "type": "route",
        "id": "route_D-38_to_野口英世像",
        "startPoint": "D-38",
        "endPoint": "野口英世像",
        "startPointGPS": [
          135.47018,
          34.84225,
          178.3
        ],
        "endPointGPS": [
          135.4717,
          34.84484,
          174.1
        ]
      },
      "geometry": {
        "type": "LineString",
        "coordinates": [
          [
            135.47027,
            34.84248,
            180.6
          ],
          [
            135.47027,
            34.84259,
            173.4
          ],
          [
            135.47022,
            34.84279,
            162.5
          ],
          [
            135.47012,
            34.84299,
            160.1
          ],
          [
            135.47012,
            34.84299,
            160.1
          ],
          [
            135.47012,
            34.84319,
            160.7
          ],
          [
            135.47012,
            34.84338,
            160.7
          ],
          [
            135.47012,
            34.8436,
            156.7
          ],
          [
            135.47032,
            34.84368,
            161.1
          ],
          [
            135.47048,
            34.84378,
            157.8
          ],
          [
            135.47068,
            34.84399,
            154.6
          ],
          [
            135.47076,
            34.8442,
            151.7
          ],
          [
            135.47099,
            34.84439,
            149.5
          ],
          [
            135.47118,
            34.84443,
            148.2
          ],
          [
            135.47154,
            34.84462,
            159.7
          ],
          [
            135.47178,
            34.84455,
            152.2
          ]
        ]
      }
    },
    {
      "type": "Feature",
      "properties": {
        "type": "route",
        "id": "route_B-31_to_B-32",
        "startPoint": "B-31",
        "endPoint": "B-32",
        "startPointGPS": [
          135.48143,
          34.84611,
          300.8
        ],
        "endPointGPS": [
          135.48042,
          34.8449,
          303.3
        ]
      },
      "geometry": {
        "type": "LineString",
        "coordinates": [
          [
            135.48114,
            34.84597,
            300.7
          ],
          [
            135.48099,
            34.84582,
            305.5
          ],
          [
            135.48104,
            34.8455,
            304.1
          ],
          [
            135.48091,
            34.8453,
            304.9
          ],
          [
            135.48072,
            34.845,
            304
          ]
        ]
      }
    },
    {
      "type": "Feature",
      "properties": {
        "type": "route",
        "id": "route_G-11_to_G-01",
        "startPoint": "G-11",
        "endPoint": "G-01",
        "startPointGPS": [
          135.48617,
          34.84035,
          129.8
        ],
        "endPointGPS": [
          135.48627,
          34.84215,
          147.8
        ]
      },
      "geometry": {
        "type": "LineString",
        "coordinates": [
          [
            135.48612,
            34.8407,
            134
          ],
          [
            135.48612,
            34.84098,
            136.4
          ],
          [
            135.48612,
            34.84124,
            139.3
          ],
          [
            135.48625,
            34.84143,
            141.6
          ],
          [
            135.48625,
            34.84177,
            142.7
          ]
        ]
      }
    },
    {
      "type": "Feature",
      "properties": {
        "type": "route",
        "id": "route_G-28_to_G-05",
        "startPoint": "G-28",
        "endPoint": "G-05",
        "startPointGPS": [
          135.49289,
          34.84396,
          183.9
        ],
        "endPointGPS": [
          135.49201,
          34.84933,
          284.9
        ]
      },
      "geometry": {
        "type": "LineString",
        "coordinates": [
          [
            135.49302,
            34.84426,
            190.5
          ],
          [
            135.49326,
            34.84458,
            199.6
          ],
          [
            135.4934,
            34.8448,
            203.9
          ],
          [
            135.49346,
            34.84512,
            216.2
          ],
          [
            135.49387,
            34.84539,
            217.8
          ],
          [
            135.49351,
            34.84551,
            224
          ],
          [
            135.4932,
            34.84563,
            233.3
          ],
          [
            135.4931,
            34.84588,
            239.5
          ],
          [
            135.49302,
            34.84606,
            240.7
          ],
          [
            135.49284,
            34.84627,
            244.6
          ],
          [
            135.49302,
            34.84662,
            250.6
          ],
          [
            135.4928,
            34.84685,
            257.2
          ],
          [
            135.49268,
            34.84703,
            259.4
          ],
          [
            135.49257,
            34.8472,
            257.3
          ],
          [
            135.49257,
            34.84746,
            259.5
          ],
          [
            135.49241,
            34.84763,
            255.7
          ],
          [
            135.4921,
            34.84781,
            261.4
          ],
          [
            135.49195,
            34.84793,
            262.8
          ],
          [
            135.49185,
            34.84822,
            273.4
          ],
          [
            135.49182,
            34.84849,
            277.8
          ],
          [
            135.49182,
            34.84872,
            277.4
          ],
          [
            135.49182,
            34.84898,
            278.3
          ]
        ]
      }
    },
    {
      "type": "Feature",
      "properties": {
        "type": "route",
        "id": "route_C-11_to_C-01",
        "startPoint": "C-11",
        "endPoint": "C-01",
        "startPointGPS": [
          135.50274,
          34.84427,
          117.7
        ],
        "endPointGPS": [
          135.49939,
          34.84988,
          205.2
        ]
      },
      "geometry": {
        "type": "LineString",
        "coordinates": [
          [
            135.50264,
            34.84459,
            118.1
          ],
          [
            135.50259,
            34.84477,
            120.2
          ],
          [
            135.50259,
            34.84477,
            120.2
          ],
          [
            135.50247,
            34.84501,
            124.3
          ],
          [
            135.50226,
            34.84537,
            126.6
          ],
          [
            135.50208,
            34.84559,
            126.6
          ],
          [
            135.50192,
            34.84586,
            129.2
          ],
          [
            135.50179,
            34.84611,
            131.4
          ],
          [
            135.50161,
            34.84637,
            132.8
          ],
          [
            135.50148,
            34.84657,
            136.6
          ],
          [
            135.50127,
            34.84676,
            144.6
          ],
          [
            135.50096,
            34.847,
            147.2
          ],
          [
            135.5006,
            34.84721,
            150.6
          ],
          [
            135.50023,
            34.84736,
            151.8
          ],
          [
            135.50018,
            34.84768,
            148.1
          ],
          [
            135.50002,
            34.8479,
            162.8
          ],
          [
            135.50003,
            34.84825,
            169.6
          ],
          [
            135.49973,
            34.84845,
            175.4
          ],
          [
            135.49951,
            34.8487,
            181
          ],
          [
            135.49951,
            34.84895,
            186.5
          ],
          [
            135.49964,
            34.84927,
            191
          ],
          [
            135.49951,
            34.84954,
            195.3
          ]
        ]
      }
    },
    {
      "type": "Feature",
      "properties": {
        "type": "route",
        "id": "route_白島3_to_G-24",
        "startPoint": "白島3",
        "endPoint": "G-24",
        "startPointGPS": [
          135.48874,
          34.83858,
          107.9
        ],
        "endPointGPS": [
          135.48981,
          34.84069,
          138.6
        ]
      },
      "geometry": {
        "type": "LineString",
        "coordinates": [
          [
            135.48913,
            34.83905,
            109.7
          ],
          [
            135.48921,
            34.8393,
            111.4
          ],
          [
            135.48962,
            34.83936,
            112.6
          ],
          [
            135.48969,
            34.83965,
            116.5
          ],
          [
            135.48965,
            34.83986,
            120.3
          ],
          [
            135.48969,
            34.8401,
            125.6
          ],
          [
            135.48966,
            34.84027,
            129.4
          ]
        ]
      }
    },
    {
      "type": "Feature",
      "properties": {
        "type": "route",
        "id": "route_外院2_to_C-12",
        "startPoint": "外院2",
        "endPoint": "C-12",
        "startPointGPS": [
          135.50107,
          34.84279,
          112.6
        ],
        "endPointGPS": [
          135.49959,
          34.84635,
          143.5
        ]
      },
      "geometry": {
        "type": "LineString",
        "coordinates": [
          [
            135.50096,
            34.84343,
            115.5
          ],
          [
            135.501,
            34.84378,
            117.2
          ],
          [
            135.50081,
            34.84416,
            120.3
          ],
          [
            135.50081,
            34.84444,
            125
          ],
          [
            135.50048,
            34.84476,
            129.1
          ],
          [
            135.50037,
            34.84517,
            130.8
          ],
          [
            135.50027,
            34.84552,
            135.4
          ],
          [
            135.50011,
            34.84589,
            140.6
          ]
        ]
      }
    },
    {
      "type": "Feature",
      "properties": {
        "type": "route",
        "id": "route_G-06_to_G-07",
        "startPoint": "G-06",
        "endPoint": "G-07",
        "startPointGPS": [
          135.49177,
          34.84244,
          136.9
        ],
        "endPointGPS": [
          135.48813,
          34.84837,
          195.2
        ]
      },
      "geometry": {
        "type": "LineString",
        "coordinates": [
          [
            135.49181,
            34.84283,
            138.4
          ],
          [
            135.49163,
            34.84315,
            140.1
          ],
          [
            135.49155,
            34.84342,
            142.8
          ],
          [
            135.49155,
            34.84368,
            143.6
          ],
          [
            135.49189,
            34.84385,
            146.8
          ],
          [
            135.49189,
            34.84415,
            148.7
          ],
          [
            135.49163,
            34.84426,
            150.7
          ],
          [
            135.49146,
            34.84443,
            153.1
          ],
          [
            135.49142,
            34.84475,
            154.5
          ],
          [
            135.49124,
            34.84504,
            155
          ],
          [
            135.49108,
            34.84543,
            159.3
          ],
          [
            135.49079,
            34.84563,
            163.2
          ],
          [
            135.49051,
            34.84577,
            166.7
          ],
          [
            135.49032,
            34.84599,
            170.7
          ],
          [
            135.4903,
            34.84624,
            174.9
          ],
          [
            135.49032,
            34.84649,
            180.8
          ],
          [
            135.49006,
            34.84677,
            181.4
          ],
          [
            135.4897,
            34.84688,
            182.4
          ],
          [
            135.48945,
            34.84688,
            183.3
          ],
          [
            135.48923,
            34.84713,
            181.6
          ],
          [
            135.48898,
            34.84731,
            182.4
          ],
          [
            135.48875,
            34.84749,
            182.8
          ],
          [
            135.48867,
            34.84776,
            183.6
          ],
          [
            135.48841,
            34.84784,
            185.4
          ],
          [
            135.48828,
            34.84808,
            191.3
          ]
        ]
      }
    },
    {
      "type": "Feature",
      "properties": {
        "type": "route",
        "id": "route_G-27_to_G-14",
        "startPoint": "G-27",
        "endPoint": "G-14",
        "startPointGPS": [
          135.48868,
          34.84546,
          268.5
        ],
        "endPointGPS": [
          135.4861,
          34.84785,
          289.5
        ]
      },
      "geometry": {
        "type": "LineString",
        "coordinates": [
          [
            135.48862,
            34.84574,
            261.6
          ],
          [
            135.48848,
            34.84596,
            259.4
          ],
          [
            135.48831,
            34.84609,
            262.1
          ],
          [
            135.48815,
            34.84631,
            262.2
          ],
          [
            135.48805,
            34.84652,
            259.4
          ],
          [
            135.48794,
            34.8467,
            260.5
          ],
          [
            135.48778,
            34.84687,
            260.5
          ],
          [
            135.48758,
            34.84709,
            264
          ],
          [
            135.48742,
            34.8473,
            259.9
          ],
          [
            135.48722,
            34.84749,
            266.6
          ],
          [
            135.48701,
            34.84767,
            271
          ],
          [
            135.48683,
            34.84776,
            270.5
          ],
          [
            135.48657,
            34.84784,
            275.3
          ]
        ]
      }
    },
    {
      "type": "Feature",
      "properties": {
        "type": "route",
        "id": "route_C-23_to_C-22",
        "startPoint": "C-23",
        "endPoint": "C-22",
        "startPointGPS": [
          135.49648,
          34.84472,
          148.3
        ],
        "endPointGPS": [
          135.49762,
          34.84694,
          150.7
        ]
      },
      "geometry": {
        "type": "LineString",
        "coordinates": [
          [
            135.49675,
            34.845,
            163.6
          ],
          [
            135.49693,
            34.84526,
            175.2
          ],
          [
            135.49706,
            34.8455,
            173.6
          ],
          [
            135.4971,
            34.84576,
            178.1
          ],
          [
            135.49719,
            34.84604,
            185.2
          ],
          [
            135.4972,
            34.84628,
            177
          ],
          [
            135.49729,
            34.8465,
            170.5
          ],
          [
            135.49751,
            34.8466,
            157.8
          ]
        ]
      }
    },
    {
      "type": "Feature",
      "properties": {
        "type": "route",
        "id": "route_外院3_to_C-23",
        "startPoint": "外院3",
        "endPoint": "C-23",
        "startPointGPS": [
          135.49693,
          34.84097,
          119.1
        ],
        "endPointGPS": [
          135.49648,
          34.84472,
          148.3
        ]
      },
      "geometry": {
        "type": "LineString",
        "coordinates": [
          [
            135.4968,
            34.84153,
            123.5
          ],
          [
            135.4968,
            34.84199,
            124.7
          ],
          [
            135.49662,
            34.84249,
            125.9
          ],
          [
            135.49662,
            34.84309,
            130.5
          ],
          [
            135.49649,
            34.84368,
            134.3
          ],
          [
            135.49649,
            34.8439,
            135.8
          ],
          [
            135.49649,
            34.84422,
            139.1
          ]
        ]
      }
    },
    {
      "type": "Feature",
      "properties": {
        "type": "route",
        "id": "route_勝尾寺鳥居_to_帝釈寺北",
        "startPoint": "勝尾寺鳥居",
        "endPoint": "帝釈寺北",
        "startPointGPS": null,
        "endPointGPS": [
          135.50311,
          34.84353,
          111.5
        ]
      },
      "geometry": {
        "type": "LineString",
        "coordinates": [
          [
            135.50598,
            34.836,
            87.7
          ],
          [
            135.50583,
            34.83638,
            89.6
          ],
          [
            135.50564,
            34.837,
            92.3
          ],
          [
            135.50548,
            34.83743,
            92.9
          ],
          [
            135.50514,
            34.83821,
            94.3
          ],
          [
            135.50449,
            34.83936,
            96.2
          ],
          [
            135.50406,
            34.84012,
            98.3
          ],
          [
            135.50362,
            34.84092,
            99.6
          ],
          [
            135.50353,
            34.84217,
            108.2
          ],
          [
            135.50353,
            34.84275,
            107
          ]
        ]
      }
    },
    {
      "type": "Feature",
      "properties": {
        "type": "route",
        "id": "route_G-06_to_G-28",
        "startPoint": "G-06",
        "endPoint": "G-28",
        "startPointGPS": [
          135.49177,
          34.84244,
          136.9
        ],
        "endPointGPS": [
          135.49289,
          34.84396,
          183.9
        ]
      },
      "geometry": {
        "type": "LineString",
        "coordinates": [
          [
            135.49202,
            34.84248,
            138.6
          ],
          [
            135.49228,
            34.84263,
            141.3
          ],
          [
            135.49241,
            34.84282,
            147.6
          ],
          [
            135.49272,
            34.84298,
            145.3
          ],
          [
            135.49289,
            34.84315,
            154.1
          ],
          [
            135.49289,
            34.84334,
            162.4
          ],
          [
            135.49284,
            34.8436,
            174.7
          ],
          [
            135.49284,
            34.8436,
            174.7
          ]
        ]
      }
    },
    {
      "type": "Feature",
      "properties": {
        "type": "route",
        "id": "route_C-23_to_G-05",
        "startPoint": "C-23",
        "endPoint": "G-05",
        "startPointGPS": [
          135.49648,
          34.84472,
          148.3
        ],
        "endPointGPS": [
          135.49201,
          34.84933,
          284.9
        ]
      },
      "geometry": {
        "type": "LineString",
        "coordinates": [
          [
            135.49613,
            34.84499,
            154.2
          ],
          [
            135.49592,
            34.84512,
            159.9
          ],
          [
            135.49571,
            34.84526,
            162.3
          ],
          [
            135.49547,
            34.84539,
            161.3
          ],
          [
            135.49542,
            34.84571,
            172.5
          ],
          [
            135.49556,
            34.84585,
            177.8
          ],
          [
            135.49571,
            34.846,
            187.4
          ],
          [
            135.49587,
            34.84616,
            194.1
          ],
          [
            135.4961,
            34.84632,
            193
          ],
          [
            135.49628,
            34.84653,
            192.2
          ],
          [
            135.49614,
            34.84675,
            202.4
          ],
          [
            135.49602,
            34.84699,
            209.6
          ],
          [
            135.49571,
            34.84699,
            212.1
          ],
          [
            135.49547,
            34.84721,
            210
          ],
          [
            135.49514,
            34.84727,
            217.1
          ],
          [
            135.49498,
            34.84753,
            210.2
          ],
          [
            135.49487,
            34.84777,
            224.3
          ],
          [
            135.49493,
            34.84805,
            224.9
          ],
          [
            135.49472,
            34.84828,
            226.8
          ],
          [
            135.4944,
            34.8484,
            229.4
          ],
          [
            135.49405,
            34.84849,
            229.2
          ],
          [
            135.49374,
            34.84859,
            234.2
          ],
          [
            135.49321,
            34.84872,
            247.3
          ],
          [
            135.4929,
            34.8488,
            263.4
          ],
          [
            135.49262,
            34.84894,
            274.9
          ],
          [
            135.49229,
            34.84908,
            278.1
          ]
        ]
      }
    },
    {
      "type": "Feature",
      "properties": {
        "type": "route",
        "id": "route_白島東_to_G-06",
        "startPoint": "白島東",
        "endPoint": "G-06",
        "startPointGPS": [
          135.49115,
          34.8387,
          109.4
        ],
        "endPointGPS": [
          135.49177,
          34.84244,
          136.9
        ]
      },
      "geometry": {
        "type": "LineString",
        "coordinates": [
          [
            135.49094,
            34.83931,
            113.8
          ],
          [
            135.49093,
            34.83966,
            116.5
          ],
          [
            135.49102,
            34.83999,
            119.4
          ],
          [
            135.49114,
            34.84031,
            120.8
          ],
          [
            135.49116,
            34.84071,
            123.7
          ],
          [
            135.49155,
            34.84083,
            124.8
          ],
          [
            135.49189,
            34.84103,
            129.9
          ],
          [
            135.49158,
            34.84135,
            131.1
          ],
          [
            135.49155,
            34.84177,
            134
          ],
          [
            135.49163,
            34.8422,
            135.4
          ]
        ]
      }
    }
  ]
}