{"type":"FeatureCollection","metadata":{"version":1,"z17_layer":{"buffer_m":500,"max_zoom":17,"min_zoom":13},"z18_layer":{"buffer_m":200,"max_zoom":18,"min_zoom":18}},"features":[{"type":"Feature","properties":{"layer":"z17_default","buffer_m":500},"geometry":{"type":"Polygon","coordinates":[[[135.47805245653993,34.839],[135.47802610516592,34.83944025147632],[135.477947304822,34.839876263090254],[135.4778168143986,34.84030383581162],[135.4776358905898,34.84071885188136],[135.4774062757908,34.84111731446787],[135.4771301813176,34.84149538615861],[135.47681026611093,34.841849425916536],[135.47644961112914,34.84217602414522],[135.4760516896768,34.8424720355252],[135.47562033395508,34.84273460930506],[135.47515969815535,34.84296121675577],[135.47467421845218,34.8431496755237],[135.47416857028048,34.84329817064789],[135.47364762330858,34.84340527203913],[135.47311639454063,34.843469948252455],[135.47258,34.8434915764206],[135.47204360545936,34.843469948252455],[135.4715123766914,34.84340527203913],[135.4709914297195,34.84329817064789],[135.4704857815478,34.8431496755237],[135.47000030184464,34.84296121675577],[135.4695396660449,34.84273460930506],[135.46910831032318,34.8424720355252],[135.46871038887085,34.84217602414522],[135.46834973388906,34.841849425916536],[135.4680298186824,34.84149538615861],[135.4677537242092,34.84111731446787],[135.4675241094102,34.84071885188136],[135.46734318560138,34.84030383581162],[135.46721269517798,34.839876263090254],[135.46713389483406,34.83944025147632],[135.46710754346006,34.839],[135.46713389483406,34.83855974852368],[135.46721269517798,34.83812373690974],[135.46734318560138,34.83769616418838],[135.4675241094102,34.837281148118635],[135.4677537242092,34.836882685532125],[135.4680298186824,34.836504613841385],[135.46834973388906,34.83615057408346],[135.46871038887085,34.83582397585478],[135.46910831032318,34.8355279644748],[135.4695396660449,34.835265390694936],[135.47000030184464,34.83503878324423],[135.4704857815478,34.8348503244763],[135.4709914297195,34.834701829352106],[135.4715123766914,34.83459472796087],[135.47204360545936,34.83453005174754],[135.47258,34.8345084235794],[135.47311639454063,34.83453005174754],[135.47364762330858,34.83459472796087],[135.47416857028048,34.834701829352106],[135.47467421845218,34.8348503244763],[135.47515969815535,34.83503878324423],[135.47562033395508,34.835265390694936],[135.4760516896768,34.8355279644748],[135.47644961112914,34.83582397585478],[135.47681026611093,34.83615057408346],[135.4771301813176,34.836504613841385],[135.4774062757908,34.836882685532125],[135.4776358905898,34.837281148118635],[135.4778168143986,34.83769616418838],[135.477947304822,34.83812373690974],[135.47802610516592,34.83855974852368],[135.47805245653993,34.839]]]}},{"type":"Feature","properties":{"layer":"z18_optional","buffer_m":200},"geometry":{"type":"Polygon","coordinates":[[[135.47476898261598,34.839],[135.47475844206636,34.83917610059053],[135.4747269219288,34.8393505052361],[135.47467472575943,34.839521534324646],[135.47460235623592,34.83968754075254],[135.47451051031632,34.83984692578715],[135.47440007252703,34.839998154463444],[135.47427210644437,34.84013977036661],[135.47412784445166,34.84027040965809],[135.4739686758707,34.84038881421008],[135.47379613358203,34.84049384372202],[135.47361187926214,34.840584486702305],[135.47341768738087,34.84065987020948],[135.47321542811218,34.84071926825916],[135.47300704932343,34.84076210881565],[135.47279455781623,34.840787979300984],[135.47258,34.840796630568235],[135.47236544218376,34.840787979300984],[135.47215295067656,34.84076210881565],[135.4719445718878,34.84071926825916],[135.4717423126191,34.84065987020948],[135.47154812073785,34.840584486702305],[135.47136386641796,34.84049384372202],[135.47119132412928,34.84038881421008],[135.47103215554833,34.84027040965809],[135.4708878935556,34.84013977036661],[135.47075992747295,34.839998154463444],[135.47064948968367,34.83984692578715],[135.47055764376407,34.83968754075254],[135.47048527424056,34.839521534324646],[135.47043307807118,34.8393505052361],[135.47040155793363,34.83917610059053],[135.470391017384,34.839],[135.47040155793363,34.83882389940947],[135.47043307807118,34.8386494947639],[135.47048527424056,34.83847846567535],[135.47055764376407,34.838312459247454],[135.47064948968367,34.83815307421285],[135.47075992747295,34.83800184553655],[135.4708878935556,34.837860229633385],[135.47103215554833,34.83772959034191],[135.47119132412928,34.83761118578992],[135.47136386641796,34.837506156277975],[135.47154812073785,34.83741551329769],[135.4717423126191,34.83734012979052],[135.4719445718878,34.83728073174084],[135.47215295067656,34.837237891184344],[135.47236544218376,34.83721202069901],[135.47258,34.83720336943176],[135.47279455781623,34.83721202069901],[135.47300704932343,34.837237891184344],[135.47321542811218,34.83728073174084],[135.47341768738087,34.83734012979052],[135.47361187926214,34.83741551329769],[135.47379613358203,34.837506156277975],[135.4739686758707,34.83761118578992],[135.47412784445166,34.83772959034191],[135.47427210644437,34.837860229633385],[135.47440007252703,34.83800184553655],[135.47451051031632,34.83815307421285],[135.47460235623592,34.838312459247454],[135.47467472575943,34.83847846567535],[135.4747269219288,34.8386494947639],[135.47475844206636,34.83882389940947],[135.47476898261598,34.839]]]}},{"type":"Feature","properties":{"layer":"z17_default","buffer_m":500},"geometry":{"type":"Polygon","coordinates":[[[135.48001255360322,34.84046],[135.47998620176182,34.84090025147632],[135.47990740002024,34.841336263090255],[135.47977690728237,34.84176383581162],[135.47959598026458,34.842178851881364],[135.47936636139295,34.842577314467874],[135.47909026202277,34.842955386158614],[135.47877034114185,34.84330942591654],[135.47840967976325,34.84363602414522],[135.4780117512531,34.8439320355252],[135.47758038788055,34.84419460930506],[135.47711974391066,34.84442121675577],[135.47663425559668,34.8446096755237],[135.47612859845646,34.84475817064789],[135.47560764224468,34.84486527203913],[135.47507640405448,34.84492994825246],[135.47454,34.8449515764206],[135.4740035959455,34.84492994825246],[135.4734723577553,34.84486527203913],[135.47295140154353,34.84475817064789],[135.4724457444033,34.8446096755237],[135.47196025608932,34.84442121675577],[135.47149961211943,34.84419460930506],[135.4710682487469,34.8439320355252],[135.47067032023674,34.84363602414522],[135.47030965885813,34.84330942591654],[135.46998973797722,34.842955386158614],[135.46971363860703,34.842577314467874],[135.4694840197354,34.842178851881364],[135.4693030927176,34.84176383581162],[135.46917259997974,34.841336263090255],[135.46909379823816,34.84090025147632],[135.46906744639676,34.84046],[135.46909379823816,34.84001974852368],[135.46917259997974,34.839583736909745],[135.4693030927176,34.83915616418838],[135.4694840197354,34.838741148118636],[135.46971363860703,34.838342685532126],[135.46998973797722,34.837964613841386],[135.47030965885813,34.83761057408346],[135.47067032023674,34.83728397585478],[135.4710682487469,34.8369879644748],[135.47149961211943,34.83672539069494],[135.47196025608932,34.83649878324423],[135.4724457444033,34.8363103244763],[135.47295140154353,34.83616182935211],[135.4734723577553,34.83605472796087],[135.4740035959455,34.835990051747544],[135.47454,34.8359684235794],[135.47507640405448,34.835990051747544],[135.47560764224468,34.83605472796087],[135.47612859845646,34.83616182935211],[135.47663425559668,34.8363103244763],[135.47711974391066,34.83649878324423],[135.47758038788055,34.83672539069494],[135.4780117512531,34.8369879644748],[135.47840967976325,34.83728397585478],[135.47877034114185,34.83761057408346],[135.47909026202277,34.837964613841386],[135.47936636139295,34.838342685532126],[135.47959598026458,34.838741148118636],[135.47977690728237,34.83915616418838],[135.47990740002024,34.839583736909745],[135.47998620176182,34.84001974852368],[135.48001255360322,34.84046]]]}},{"type":"Feature","properties":{"layer":"z18_optional","buffer_m":200},"geometry":{"type":"Polygon","coordinates":[[[135.4767290214413,34.84046],[135.4767184807047,34.84063610059053],[135.4766869600081,34.8408105052361],[135.47663476291294,34.84098153432465],[135.47656239210582,34.841147540752544],[135.47647054455717,34.84130692578715],[135.4763601048091,34.841458154463446],[135.47623213645673,34.841599770366614],[135.4760878719053,34.84173040965809],[135.47592870050124,34.84184881421008],[135.47575615515223,34.841953843722024],[135.47557189756427,34.84204448670231],[135.47537770223866,34.84211987020948],[135.47517543938258,34.84217926825916],[135.47496705689787,34.842222108815655],[135.47475456162178,34.842247979300986],[135.47454,34.84225663056824],[135.4743254383782,34.842247979300986],[135.4741129431021,34.842222108815655],[135.4739045606174,34.84217926825916],[135.47370229776132,34.84211987020948],[135.47350810243572,34.84204448670231],[135.47332384484776,34.841953843722024],[135.47315129949874,34.84184881421008],[135.4729921280947,34.84173040965809],[135.47284786354325,34.841599770366614],[135.4727198951909,34.841458154463446],[135.4726094554428,34.84130692578715],[135.47251760789416,34.841147540752544],[135.47244523708704,34.84098153432465],[135.47239303999189,34.8408105052361],[135.47236151929528,34.84063610059053],[135.4723509785587,34.84046],[135.47236151929528,34.84028389940947],[135.47239303999189,34.8401094947639],[135.47244523708704,34.83993846567535],[135.47251760789416,34.839772459247456],[135.4726094554428,34.83961307421285],[135.4727198951909,34.839461845536555],[135.47284786354325,34.83932022963339],[135.4729921280947,34.83918959034191],[135.47315129949874,34.83907118578992],[135.47332384484776,34.838966156277976],[135.47350810243572,34.838875513297694],[135.47370229776132,34.83880012979052],[135.4739045606174,34.83874073174084],[135.4741129431021,34.838697891184346],[135.4743254383782,34.838672020699015],[135.47454,34.838663369431764],[135.47475456162178,34.838672020699015],[135.47496705689787,34.838697891184346],[135.47517543938258,34.83874073174084],[135.47537770223866,34.83880012979052],[135.47557189756427,34.838875513297694],[135.47575615515223,34.838966156277976],[135.47592870050124,34.83907118578992],[135.4760878719053,34.83918959034191],[135.47623213645673,34.83932022963339],[135.4763601048091,34.839461845536555],[135.47647054455717,34.83961307421285],[135.47656239210582,34.839772459247456],[135.47663476291294,34.83993846567535],[135.4766869600081,34.8401094947639],[135.4767184807047,34.84028389940947],[135.4767290214413,34.84046]]]}},{"type":"Feature","properties":{"layer":"z17_default","buffer_m":500},"geometry":{"type":"Polygon","coordinates":[[[135.4817330450103,34.84785],[135.48170669080264,34.84829025147632],[135.48162788198508,34.848726263090256],[135.48149737752962,34.84915383581162],[135.48131643426552,34.849568851881365],[135.4810867947753,34.849967314467875],[135.48081067061284,34.850345386158615],[135.48049072100468,34.85069942591654],[135.48013002724053,34.85102602414522],[135.47973206299847,34.8513220355252],[135.4793006608917,34.851584609305064],[135.47883997555834,34.85181121675577],[135.47835444365003,34.8519996755237],[135.47784874110442,34.852148170647894],[135.47732773811347,34.85225527203913],[135.4767964522208,34.85231994825246],[135.47626,34.8523415764206],[135.47572354777918,34.85231994825246],[135.47519226188652,34.85225527203913],[135.47467125889557,34.852148170647894],[135.47416555634996,34.8519996755237],[135.47368002444165,34.85181121675577],[135.47321933910828,34.851584609305064],[135.47278793700153,34.8513220355252],[135.47238997275946,34.85102602414522],[135.4720292789953,34.85069942591654],[135.47170932938715,34.850345386158615],[135.47143320522468,34.849967314467875],[135.47120356573447,34.849568851881365],[135.47102262247037,34.84915383581162],[135.47089211801492,34.848726263090256],[135.47081330919735,34.84829025147632],[135.4707869549897,34.84785],[135.47081330919735,34.84740974852368],[135.47089211801492,34.846973736909746],[135.47102262247037,34.84654616418838],[135.47120356573447,34.84613114811864],[135.47143320522468,34.84573268553213],[135.47170932938715,34.84535461384139],[135.4720292789953,34.845000574083464],[135.47238997275946,34.84467397585478],[135.47278793700153,34.8443779644748],[135.47321933910828,34.84411539069494],[135.47368002444165,34.84388878324423],[135.47416555634996,34.8437003244763],[135.47467125889557,34.84355182935211],[135.47519226188652,34.84344472796087],[135.47572354777918,34.843380051747545],[135.47626,34.8433584235794],[135.4767964522208,34.843380051747545],[135.47732773811347,34.84344472796087],[135.47784874110442,34.84355182935211],[135.47835444365003,34.8437003244763],[135.47883997555834,34.84388878324423],[135.4793006608917,34.84411539069494],[135.47973206299847,34.8443779644748],[135.48013002724053,34.84467397585478],[135.48049072100468,34.845000574083464],[135.48081067061284,34.84535461384139],[135.4810867947753,34.84573268553213],[135.48131643426552,34.84613114811864],[135.48149737752962,34.84654616418838],[135.48162788198508,34.846973736909746],[135.48170669080264,34.84740974852368],[135.4817330450103,34.84785]]]}},{"type":"Feature","properties":{"layer":"z18_optional","buffer_m":200},"geometry":{"type":"Polygon","coordinates":[[[135.47844921800413,34.84785],[135.47843867632105,34.84802610059053],[135.47840715279403,34.8482005052361],[135.47835495101185,34.84837153432465],[135.4782825737062,34.848537540752545],[135.47819071791014,34.84869692578715],[135.47808026824512,34.84884815446345],[135.47795228840187,34.848989770366614],[135.4778080108962,34.84912040965809],[135.4776488251994,34.84923881421008],[135.47747626435668,34.849343843722025],[135.47729199022334,34.84943448670231],[135.47709777746002,34.84950987020948],[135.47689549644176,34.84956926825916],[135.47668709524538,34.849612108815656],[135.47647458088832,34.84963797930099],[135.47626,34.84964663056824],[135.47604541911167,34.84963797930099],[135.4758329047546,34.849612108815656],[135.47562450355824,34.84956926825916],[135.47542222253998,34.84950987020948],[135.47522800977666,34.84943448670231],[135.4750437356433,34.849343843722025],[135.4748711748006,34.84923881421008],[135.47471198910378,34.84912040965809],[135.47456771159813,34.848989770366614],[135.47443973175487,34.84884815446345],[135.47432928208985,34.84869692578715],[135.4742374262938,34.848537540752545],[135.47416504898814,34.84837153432465],[135.47411284720596,34.8482005052361],[135.47408132367894,34.84802610059053],[135.47407078199586,34.84785],[135.47408132367894,34.84767389940947],[135.47411284720596,34.8474994947639],[135.47416504898814,34.84732846567535],[135.4742374262938,34.84716245924746],[135.47432928208985,34.84700307421285],[135.47443973175487,34.846851845536555],[135.47456771159813,34.84671022963339],[135.47471198910378,34.84657959034191],[135.4748711748006,34.84646118578992],[135.4750437356433,34.84635615627798],[135.47522800977666,34.846265513297695],[135.47542222253998,34.84619012979052],[135.47562450355824,34.84613073174084],[135.4758329047546,34.84608789118435],[135.47604541911167,34.846062020699016],[135.47626,34.846053369431765],[135.47647458088832,34.846062020699016],[135.47668709524538,34.84608789118435],[135.47689549644176,34.84613073174084],[135.47709777746002,34.84619012979052],[135.47729199022334,34.846265513297695],[135.47747626435668,34.84635615627798],[135.4776488251994,34.84646118578992],[135.4778080108962,34.84657959034191],[135.47795228840187,34.84671022963339],[135.47808026824512,34.846851845536555],[135.47819071791014,34.84700307421285],[135.4782825737062,34.84716245924746],[135.47835495101185,34.84732846567535],[135.47840715279403,34.8474994947639],[135.47843867632105,34.84767389940947],[135.47844921800413,34.84785]]]}},{"type":"Feature","properties":{"layer":"z17_default","buffer_m":500},"geometry":{"type":"Polygon","coordinates":[[[135.48180321661278,34.85043],[135.4817768615788,34.85087025147632],[135.48169805029028,34.85130626309026],[135.48156754174298,34.85173383581162],[135.48138659280553,34.85214885188137],[135.4811569461152,34.85254731446788],[135.48088081329507,34.85292538615862],[135.4805608536552,34.85327942591654],[135.4802001485818,34.85360602414522],[135.4798021718619,34.8539020355252],[135.47937075622892,34.854164609305066],[135.4789100564512,34.85439121675577],[135.47842450931944,34.8545796755237],[135.47791879091798,34.854728170647896],[135.47739777159146,34.85483527203913],[135.47686646904077,34.85489994825246],[135.47633,34.8549215764206],[135.4757935309592,34.85489994825246],[135.47526222840852,34.85483527203913],[135.474741209082,34.854728170647896],[135.47423549068054,34.8545796755237],[135.47374994354877,34.85439121675577],[135.47328924377106,34.854164609305066],[135.47285782813807,34.8539020355252],[135.4724598514182,34.85360602414522],[135.4720991463448,34.85327942591654],[135.4717791867049,34.85292538615862],[135.4715030538848,34.85254731446788],[135.47127340719445,34.85214885188137],[135.471092458257,34.85173383581162],[135.4709619497097,34.85130626309026],[135.4708831384212,34.85087025147632],[135.4708567833872,34.85043],[135.4708831384212,34.84998974852368],[135.4709619497097,34.84955373690975],[135.471092458257,34.849126164188384],[135.47127340719445,34.84871114811864],[135.4715030538848,34.84831268553213],[135.4717791867049,34.84793461384139],[135.4720991463448,34.847580574083466],[135.4724598514182,34.847253975854784],[135.47285782813807,34.846957964474804],[135.47328924377106,34.84669539069494],[135.47374994354877,34.846468783244234],[135.47423549068054,34.846280324476304],[135.474741209082,34.84613182935211],[135.47526222840852,34.846024727960874],[135.4757935309592,34.84596005174755],[135.47633,34.845938423579405],[135.47686646904077,34.84596005174755],[135.47739777159146,34.846024727960874],[135.47791879091798,34.84613182935211],[135.47842450931944,34.846280324476304],[135.4789100564512,34.846468783244234],[135.47937075622892,34.84669539069494],[135.4798021718619,34.846957964474804],[135.4802001485818,34.847253975854784],[135.4805608536552,34.847580574083466],[135.48088081329507,34.84793461384139],[135.4811569461152,34.84831268553213],[135.48138659280553,34.84871114811864],[135.48156754174298,34.849126164188384],[135.48169805029028,34.84955373690975],[135.4817768615788,34.84998974852368],[135.48180321661278,34.85043]]]}},{"type":"Feature","properties":{"layer":"z18_optional","buffer_m":200},"geometry":{"type":"Polygon","coordinates":[[[135.4785192866451,34.85043],[135.4785087446315,34.85060610059053],[135.4784772201161,34.8507805052361],[135.47842501669717,34.85095153432465],[135.4783526371222,34.85111754075255],[135.47826077844607,34.851276925787154],[135.478150325318,34.85142815446345],[135.47802234146207,34.851569770366616],[135.4778780594327,34.85170040965809],[135.47771886874477,34.851818814210084],[135.47754630249156,34.85192384372203],[135.47736202258048,34.85201448670231],[135.47716780372778,34.85208987020948],[135.4769655163672,34.85214926825916],[135.47675710863658,34.85219210881566],[135.4765445876163,34.85221797930099],[135.47633,34.85222663056824],[135.47611541238368,34.85221797930099],[135.4759028913634,34.85219210881566],[135.4756944836328,34.85214926825916],[135.4754921962722,34.85208987020948],[135.4752979774195,34.85201448670231],[135.47511369750842,34.85192384372203],[135.4749411312552,34.851818814210084],[135.47478194056728,34.85170040965809],[135.47463765853792,34.851569770366616],[135.47450967468197,34.85142815446345],[135.4743992215539,34.851276925787154],[135.47430736287777,34.85111754075255],[135.4742349833028,34.85095153432465],[135.47418277988388,34.8507805052361],[135.47415125536847,34.85060610059053],[135.47414071335487,34.85043],[135.47415125536847,34.85025389940947],[135.47418277988388,34.850079494763904],[135.4742349833028,34.849908465675355],[135.47430736287777,34.84974245924746],[135.4743992215539,34.84958307421285],[135.47450967468197,34.84943184553656],[135.47463765853792,34.84929022963339],[135.47478194056728,34.84915959034191],[135.4749411312552,34.84904118578992],[135.47511369750842,34.84893615627798],[135.4752979774195,34.8488455132977],[135.4754921962722,34.84877012979052],[135.4756944836328,34.848710731740844],[135.4759028913634,34.84866789118435],[135.47611541238368,34.84864202069902],[135.47633,34.84863336943177],[135.4765445876163,34.84864202069902],[135.47675710863658,34.84866789118435],[135.4769655163672,34.848710731740844],[135.47716780372778,34.84877012979052],[135.47736202258048,34.8488455132977],[135.47754630249156,34.84893615627798],[135.47771886874477,34.84904118578992],[135.4778780594327,34.84915959034191],[135.47802234146207,34.84929022963339],[135.478150325318,34.84943184553656],[135.47826077844607,34.84958307421285],[135.4783526371222,34.84974245924746],[135.47842501669717,34.849908465675355],[135.4784772201161,34.850079494763904],[135.4785087446315,34.85025389940947],[135.4785192866451,34.85043]]]}},{"type":"Feature","properties":{"layer":"z17_default","buffer_m":500},"geometry":{"type":"Polygon","coordinates":[[[135.47894348204105,34.85442],[135.47891712572897,34.85486025147632],[135.4788383106184,34.85529626309025],[135.478707795742,34.85572383581162],[135.4785268380293,34.85613885188136],[135.47829718020205,34.85653731446787],[135.47802103399061,34.85691538615861],[135.47770105883401,34.857269425916535],[135.47734033626793,34.85759602414522],[135.47694234024783,34.8578920355252],[135.47651090369297,34.85815460930506],[135.4760501815732,34.85838121675577],[135.47556461089445,34.8585696755237],[135.47505886796773,34.85871817064789],[135.47453782337394,34.85882527203913],[135.4740064950573,34.858889948252454],[135.47347,34.858911576420596],[135.4729335049427,34.858889948252454],[135.47240217662605,34.85882527203913],[135.47188113203225,34.85871817064789],[135.47137538910553,34.8585696755237],[135.47088981842677,34.85838121675577],[135.47042909630702,34.85815460930506],[135.46999765975215,34.8578920355252],[135.46959966373205,34.85759602414522],[135.46923894116597,34.857269425916535],[135.46891896600937,34.85691538615861],[135.46864281979794,34.85653731446787],[135.4684131619707,34.85613885188136],[135.468232204258,34.85572383581162],[135.46810168938157,34.85529626309025],[135.468022874271,34.85486025147632],[135.46799651795894,34.85442],[135.468022874271,34.85397974852368],[135.46810168938157,34.85354373690974],[135.468232204258,34.85311616418838],[135.4684131619707,34.85270114811863],[135.46864281979794,34.85230268553212],[135.46891896600937,34.85192461384138],[135.46923894116597,34.85157057408346],[135.46959966373205,34.85124397585478],[135.46999765975215,34.8509479644748],[135.47042909630702,34.850685390694935],[135.47088981842677,34.85045878324423],[135.47137538910553,34.8502703244763],[135.47188113203225,34.850121829352105],[135.47240217662605,34.85001472796087],[135.4729335049427,34.84995005174754],[135.47347,34.8499284235794],[135.4740064950573,34.84995005174754],[135.47453782337394,34.85001472796087],[135.47505886796773,34.850121829352105],[135.47556461089445,34.8502703244763],[135.4760501815732,34.85045878324423],[135.47651090369297,34.850685390694935],[135.47694234024783,34.8509479644748],[135.47734033626793,34.85124397585478],[135.47770105883401,34.85157057408346],[135.47802103399061,34.85192461384138],[135.47829718020205,34.85230268553212],[135.4785268380293,34.85270114811863],[135.478707795742,34.85311616418838],[135.4788383106184,34.85354373690974],[135.47891712572897,34.85397974852368],[135.47894348204105,34.85442]]]}},{"type":"Feature","properties":{"layer":"z18_optional","buffer_m":200},"geometry":{"type":"Polygon","coordinates":[[[135.47565939281642,34.85442],[135.47564885029158,34.85459610059053],[135.47561732424737,34.8547705052361],[135.4755651182968,34.854941534324645],[135.4754927352117,34.85510754075254],[135.4754008720808,34.85526692578715],[135.47529041359624,34.85541815446344],[135.47516242353362,34.85555977036661],[135.47501813450717,34.85569040965809],[135.47485893609914,34.85580881421008],[135.47468636147718,34.85591384372202],[135.4745020726293,34.856004486702304],[135.47430784435778,34.85607987020948],[135.4741055471871,34.856139268259156],[135.47389712934958,34.85618210881565],[135.4736845980229,34.85620797930098],[135.47347,34.856216630568234],[135.47325540197707,34.85620797930098],[135.4730428706504,34.85618210881565],[135.4728344528129,34.856139268259156],[135.4726321556422,34.85607987020948],[135.4724379273707,34.856004486702304],[135.4722536385228,34.85591384372202],[135.47208106390084,34.85580881421008],[135.47192186549282,34.85569040965809],[135.47177757646637,34.85555977036661],[135.47164958640374,34.85541815446344],[135.4715391279192,34.85526692578715],[135.47144726478828,34.85510754075254],[135.47137488170318,34.854941534324645],[135.47132267575262,34.8547705052361],[135.4712911497084,34.85459610059053],[135.47128060718356,34.85442],[135.4712911497084,34.85424389940947],[135.47132267575262,34.8540694947639],[135.47137488170318,34.85389846567535],[135.47144726478828,34.85373245924745],[135.4715391279192,34.85357307421285],[135.47164958640374,34.85342184553655],[135.47177757646637,34.853280229633384],[135.47192186549282,34.85314959034191],[135.47208106390084,34.853031185789916],[135.4722536385228,34.852926156277974],[135.4724379273707,34.85283551329769],[135.4726321556422,34.85276012979052],[135.4728344528129,34.85270073174084],[135.4730428706504,34.85265789118434],[135.47325540197707,34.85263202069901],[135.47347,34.85262336943176],[135.4736845980229,34.85263202069901],[135.47389712934958,34.85265789118434],[135.4741055471871,34.85270073174084],[135.47430784435778,34.85276012979052],[135.4745020726293,34.85283551329769],[135.47468636147718,34.852926156277974],[135.47485893609914,34.853031185789916],[135.47501813450717,34.85314959034191],[135.47516242353362,34.853280229633384],[135.47529041359624,34.85342184553655],[135.4754008720808,34.85357307421285],[135.4754927352117,34.85373245924745],[135.4755651182968,34.85389846567535],[135.47561732424737,34.8540694947639],[135.47564885029158,34.85424389940947],[135.47565939281642,34.85442]]]}},{"type":"Feature","properties":{"layer":"z17_default","buffer_m":500},"geometry":{"type":"Polygon","coordinates":[[[135.47722361577286,34.85643],[135.4771972588168,34.85687025147632],[135.4771184417806,34.85730626309026],[135.47698792371534,34.85773383581162],[135.47680696158136,34.85814885188137],[135.47657729814296,34.85854731446788],[135.47630114518455,34.85892538615862],[135.4759811622101,34.85927942591654],[135.4756204308306,34.85960602414522],[135.47522242508637,34.8599020355252],[135.47479097799038,34.860164609305066],[135.47433024461395,34.86039121675577],[135.4738446620714,34.8605796755237],[135.47333890678803,34.860728170647896],[135.4728178494637,34.86083527203913],[135.4722865081653,34.86089994825246],[135.47175,34.8609215764206],[135.47121349183467,34.86089994825246],[135.47068215053628,34.86083527203913],[135.47016109321194,34.860728170647896],[135.46965533792857,34.8605796755237],[135.46916975538602,34.86039121675577],[135.4687090220096,34.860164609305066],[135.4682775749136,34.8599020355252],[135.46787956916938,34.85960602414522],[135.46751883778987,34.85927942591654],[135.46719885481542,34.85892538615862],[135.46692270185702,34.85854731446788],[135.4666930384186,34.85814885188137],[135.46651207628463,34.85773383581162],[135.46638155821938,34.85730626309026],[135.46630274118317,34.85687025147632],[135.46627638422711,34.85643],[135.46630274118317,34.85598974852368],[135.46638155821938,34.85555373690975],[135.46651207628463,34.855126164188384],[135.4666930384186,34.85471114811864],[135.46692270185702,34.85431268553213],[135.46719885481542,34.85393461384139],[135.46751883778987,34.853580574083466],[135.46787956916938,34.853253975854784],[135.4682775749136,34.852957964474804],[135.4687090220096,34.85269539069494],[135.46916975538602,34.852468783244234],[135.46965533792857,34.852280324476304],[135.47016109321194,34.85213182935211],[135.47068215053628,34.852024727960874],[135.47121349183467,34.85196005174755],[135.47175,34.851938423579405],[135.4722865081653,34.85196005174755],[135.4728178494637,34.852024727960874],[135.47333890678803,34.85213182935211],[135.4738446620714,34.852280324476304],[135.47433024461395,34.852468783244234],[135.47479097799038,34.85269539069494],[135.47522242508637,34.852957964474804],[135.4756204308306,34.853253975854784],[135.4759811622101,34.853580574083466],[135.47630114518455,34.85393461384139],[135.47657729814296,34.85431268553213],[135.47680696158136,34.85471114811864],[135.47698792371534,34.855126164188384],[135.4771184417806,34.85555373690975],[135.4771972588168,34.85598974852368],[135.47722361577286,34.85643]]]}},{"type":"Feature","properties":{"layer":"z18_optional","buffer_m":200},"geometry":{"type":"Polygon","coordinates":[[[135.47393944630912,34.85643],[135.4739289035267,34.85660610059053],[135.47389737671222,34.8567805052361],[135.47384516948614,34.85695153432465],[135.47377278463253,34.85711754075255],[135.47368091925716,34.857276925787154],[135.4735704580738,34.85742815446345],[135.47344246488404,34.85756977036662],[135.47329817233222,34.857700409658094],[135.47313897003454,34.857818814210084],[135.47296639119614,34.85792384372203],[135.47278209784557,34.85801448670231],[135.47258786482854,34.85808987020948],[135.4723855627152,34.85814926825916],[135.4721771397855,34.85819210881566],[135.47196460326612,34.85821797930099],[135.47175,34.85822663056824],[135.47153539673386,34.85821797930099],[135.47132286021449,34.85819210881566],[135.47111443728477,34.85814926825916],[135.47091213517143,34.85808987020948],[135.4707179021544,34.85801448670231],[135.47053360880383,34.85792384372203],[135.47036102996543,34.857818814210084],[135.47020182766775,34.857700409658094],[135.47005753511593,34.85756977036662],[135.46992954192618,34.85742815446345],[135.4698190807428,34.857276925787154],[135.46972721536744,34.85711754075255],[135.46965483051383,34.85695153432465],[135.46960262328776,34.8567805052361],[135.46957109647326,34.85660610059053],[135.46956055369085,34.85643],[135.46957109647326,34.856253899409474],[135.46960262328776,34.856079494763904],[135.46965483051383,34.855908465675356],[135.46972721536744,34.85574245924746],[135.4698190807428,34.85558307421285],[135.46992954192618,34.85543184553656],[135.47005753511593,34.85529022963339],[135.47020182766775,34.85515959034191],[135.47036102996543,34.85504118578992],[135.47053360880383,34.85493615627798],[135.4707179021544,34.8548455132977],[135.47091213517143,34.85477012979052],[135.47111443728477,34.854710731740845],[135.47132286021449,34.85466789118435],[135.47153539673386,34.85464202069902],[135.47175,34.85463336943177],[135.47196460326612,34.85464202069902],[135.4721771397855,34.85466789118435],[135.4723855627152,34.854710731740845],[135.47258786482854,34.85477012979052],[135.47278209784557,34.8548455132977],[135.47296639119614,34.85493615627798],[135.47313897003454,34.85504118578992],[135.47329817233222,34.85515959034191],[135.47344246488404,34.85529022963339],[135.4735704580738,34.85543184553656],[135.47368091925716,34.85558307421285],[135.47377278463253,34.85574245924746],[135.47384516948614,34.855908465675356],[135.47389737671222,34.856079494763904],[135.4739289035267,34.856253899409474],[135.47393944630912,34.85643]]]}},{"type":"Feature","properties":{"layer":"z17_default","buffer_m":500},"geometry":{"type":"Polygon","coordinates":[[[135.48427374619078,34.85839],[135.48424738860675,34.85883025147632],[135.48416856969257,34.859266263090255],[135.48403804851753,34.85969383581162],[135.48385708207184,34.860108851881364],[135.4836274131613,34.860507314467874],[135.48335125362308,34.860885386158614],[135.48303126302454,34.86123942591654],[135.48267052305,34.86156602414522],[135.48227250782264,34.8618620355252],[135.48184105044672,34.86212460930506],[135.48138030609255,34.86235121675577],[135.4808947119802,34.8625396755237],[135.48038894464636,34.86268817064789],[135.479867874907,34.86279527203913],[135.47933652094852,34.862859948252456],[135.4788,34.8628815764206],[135.4782634790515,34.862859948252456],[135.477732125093,34.86279527203913],[135.47721105535365,34.86268817064789],[135.47670528801982,34.8625396755237],[135.47621969390747,34.86235121675577],[135.4757589495533,34.86212460930506],[135.47532749217737,34.8618620355252],[135.47492947695002,34.86156602414522],[135.47456873697547,34.86123942591654],[135.47424874637693,34.860885386158614],[135.47397258683873,34.860507314467874],[135.47374291792818,34.860108851881364],[135.47356195148248,34.85969383581162],[135.47343143030744,34.859266263090255],[135.47335261139327,34.85883025147632],[135.47332625380923,34.85839],[135.47335261139327,34.85794974852368],[135.47343143030744,34.857513736909745],[135.47356195148248,34.85708616418838],[135.47374291792818,34.856671148118636],[135.47397258683873,34.856272685532126],[135.47424874637693,34.855894613841386],[135.47456873697547,34.85554057408346],[135.47492947695002,34.85521397585478],[135.47532749217737,34.8549179644748],[135.4757589495533,34.85465539069494],[135.47621969390747,34.85442878324423],[135.47670528801982,34.8542403244763],[135.47721105535365,34.85409182935211],[135.477732125093,34.85398472796087],[135.4782634790515,34.853920051747544],[135.4788,34.8538984235794],[135.47933652094852,34.853920051747544],[135.479867874907,34.85398472796087],[135.48038894464636,34.85409182935211],[135.4808947119802,34.8542403244763],[135.48138030609255,34.85442878324423],[135.48184105044672,34.85465539069494],[135.48227250782264,34.8549179644748],[135.48267052305,34.85521397585478],[135.48303126302454,34.85554057408346],[135.48335125362308,34.855894613841386],[135.4836274131613,34.856272685532126],[135.48385708207184,34.856671148118636],[135.48403804851753,34.85708616418838],[135.48416856969257,34.857513736909745],[135.48424738860675,34.85794974852368],[135.48427374619078,34.85839]]]}},{"type":"Feature","properties":{"layer":"z18_optional","buffer_m":200},"geometry":{"type":"Polygon","coordinates":[[[135.4809894984763,34.85839],[135.4809789554427,34.85856610059053],[135.48094742787703,34.8587405052361],[135.48089521940702,34.85891153432465],[135.48082283282872,34.859077540752544],[135.4807309652645,34.85923692578715],[135.48062050144924,34.859388154463446],[135.4804925052098,34.85952977036661],[135.48034820922,34.85966040965809],[135.48018900312906,34.85977881421008],[135.48001642017869,34.859883843722024],[135.47983212243702,34.859974486702306],[135.47963788479208,34.86004987020948],[135.47943557785854,34.86010926825916],[135.4792271499628,34.860152108815655],[135.4790146083794,34.860177979300985],[135.4788,34.860186630568236],[135.4785853916206,34.860177979300985],[135.4783728500372,34.860152108815655],[135.47816442214148,34.86010926825916],[135.47796211520793,34.86004987020948],[135.477767877563,34.859974486702306],[135.47758357982133,34.859883843722024],[135.47741099687096,34.85977881421008],[135.47725179078,34.85966040965809],[135.4771074947902,34.85952977036661],[135.47697949855078,34.859388154463446],[135.4768690347355,34.85923692578715],[135.4767771671713,34.859077540752544],[135.476704780593,34.85891153432465],[135.476652572123,34.8587405052361],[135.4766210445573,34.85856610059053],[135.4766105015237,34.85839],[135.4766210445573,34.85821389940947],[135.476652572123,34.8580394947639],[135.476704780593,34.85786846567535],[135.4767771671713,34.857702459247456],[135.4768690347355,34.85754307421285],[135.47697949855078,34.857391845536554],[135.4771074947902,34.85725022963339],[135.47725179078,34.85711959034191],[135.47741099687096,34.85700118578992],[135.47758357982133,34.856896156277976],[135.477767877563,34.856805513297694],[135.47796211520793,34.85673012979052],[135.47816442214148,34.85667073174084],[135.4783728500372,34.856627891184345],[135.4785853916206,34.856602020699015],[135.4788,34.856593369431764],[135.4790146083794,34.856602020699015],[135.4792271499628,34.856627891184345],[135.47943557785854,34.85667073174084],[135.47963788479208,34.85673012979052],[135.47983212243702,34.856805513297694],[135.48001642017869,34.856896156277976],[135.48018900312906,34.85700118578992],[135.48034820922,34.85711959034191],[135.4804925052098,34.85725022963339],[135.48062050144924,34.857391845536554],[135.4807309652645,34.85754307421285],[135.48082283282872,34.857702459247456],[135.48089521940702,34.85786846567535],[135.48094742787703,34.8580394947639],[135.4809789554427,34.85821389940947],[135.4809894984763,34.85839]]]}},{"type":"Feature","properties":{"layer":"z17_default","buffer_m":500},"geometry":{"type":"Polygon","coordinates":[[[135.48079338091938,34.8529],[135.48076702509422,34.85334025147632],[135.48068821143977,34.85377626309025],[135.48055769897456,34.85420383581162],[135.48037674460505,34.85461885188136],[135.48014709102068,34.85501731446787],[135.47987094991103,34.85539538615861],[135.47955098066592,34.855749425916535],[135.4791902647641,34.85607602414522],[135.47879227609693,34.8563720355252],[135.4783608475128,34.85663460930506],[135.4779001339048,34.85686121675577],[135.47741457219686,34.8570496755237],[135.47690883861367,34.85719817064789],[135.47638780364608,34.85730527203913],[135.47585648514567,34.857369948252455],[135.47532,34.857391576420596],[135.47478351485435,34.857369948252455],[135.47425219635394,34.85730527203913],[135.47373116138635,34.85719817064789],[135.47322542780316,34.8570496755237],[135.47273986609522,34.85686121675577],[135.47227915248723,34.85663460930506],[135.4718477239031,34.8563720355252],[135.47144973523592,34.85607602414522],[135.4710890193341,34.855749425916535],[135.470769050089,34.85539538615861],[135.47049290897934,34.85501731446787],[135.47026325539497,34.85461885188136],[135.47008230102546,34.85420383581162],[135.46995178856025,34.85377626309025],[135.4698729749058,34.85334025147632],[135.46984661908064,34.8529],[135.4698729749058,34.85245974852368],[135.46995178856025,34.85202373690974],[135.47008230102546,34.85159616418838],[135.47026325539497,34.851181148118634],[135.47049290897934,34.850782685532124],[135.470769050089,34.850404613841384],[135.4710890193341,34.85005057408346],[135.47144973523592,34.84972397585478],[135.4718477239031,34.8494279644748],[135.47227915248723,34.849165390694935],[135.47273986609522,34.84893878324423],[135.47322542780316,34.8487503244763],[135.47373116138635,34.848601829352106],[135.47425219635394,34.84849472796087],[135.47478351485435,34.84843005174754],[135.47532,34.8484084235794],[135.47585648514567,34.84843005174754],[135.47638780364608,34.84849472796087],[135.47690883861367,34.848601829352106],[135.47741457219686,34.8487503244763],[135.4779001339048,34.84893878324423],[135.4783608475128,34.849165390694935],[135.47879227609693,34.8494279644748],[135.4791902647641,34.84972397585478],[135.47955098066592,34.85005057408346],[135.47987094991103,34.850404613841384],[135.48014709102068,34.850782685532124],[135.48037674460505,34.851181148118634],[135.48055769897456,34.85159616418838],[135.48068821143977,34.85202373690974],[135.48076702509422,34.85245974852368],[135.48079338091938,34.8529]]]}},{"type":"Feature","properties":{"layer":"z18_optional","buffer_m":200},"geometry":{"type":"Polygon","coordinates":[[[135.47750935236775,34.8529],[135.4774988100377,34.85307610059053],[135.4774672845759,34.8532505052361],[135.47741507958983,34.853421534324646],[135.47734269784203,34.85358754075254],[135.47725083640827,34.85374692578715],[135.47714037996442,34.853898154463444],[135.47701239226637,34.85403977036661],[135.47686810590565,34.85417040965809],[135.4767089104388,34.85428881421008],[135.47653633900512,34.85439384372202],[135.47635205356193,34.854484486702304],[135.47615782887877,34.85455987020948],[135.47595553544548,34.85461926825916],[135.47574712145845,34.85466210881565],[135.47553459405827,34.854687979300984],[135.47532,34.854696630568235],[135.47510540594175,34.854687979300984],[135.47489287854157,34.85466210881565],[135.47468446455454,34.85461926825916],[135.47448217112125,34.85455987020948],[135.4742879464381,34.854484486702304],[135.4741036609949,34.85439384372202],[135.47393108956123,34.85428881421008],[135.47377189409437,34.85417040965809],[135.47362760773365,34.85403977036661],[135.4734996200356,34.853898154463444],[135.47338916359175,34.85374692578715],[135.473297302158,34.85358754075254],[135.4732249204102,34.853421534324646],[135.4731727154241,34.8532505052361],[135.47314118996232,34.85307610059053],[135.47313064763227,34.8529],[135.47314118996232,34.85272389940947],[135.4731727154241,34.8525494947639],[135.4732249204102,34.85237846567535],[135.473297302158,34.852212459247454],[135.47338916359175,34.85205307421285],[135.4734996200356,34.85190184553655],[135.47362760773365,34.851760229633385],[135.47377189409437,34.85162959034191],[135.47393108956123,34.85151118578992],[135.4741036609949,34.851406156277974],[135.4742879464381,34.85131551329769],[135.47448217112125,34.85124012979052],[135.47468446455454,34.85118073174084],[135.47489287854157,34.851137891184344],[135.47510540594175,34.85111202069901],[135.47532,34.85110336943176],[135.47553459405827,34.85111202069901],[135.47574712145845,34.851137891184344],[135.47595553544548,34.85118073174084],[135.47615782887877,34.85124012979052],[135.47635205356193,34.85131551329769],[135.47653633900512,34.851406156277974],[135.4767089104388,34.85151118578992],[135.47686810590565,34.85162959034191],[135.47701239226637,34.851760229633385],[135.47714037996442,34.85190184553655],[135.47725083640827,34.85205307421285],[135.47734269784203,34.852212459247454],[135.47741507958983,34.85237846567535],[135.4774672845759,34.8525494947639],[135.4774988100377,34.85272389940947],[135.47750935236775,34.8529]]]}},{"type":"Feature","properties":{"layer":"z17_default","buffer_m":500},"geometry":{"type":"Polygon","coordinates":[[[135.48339346274753,34.85413],[135.48336710652836,34.85457025147632],[135.48328829169563,34.85500626309025],[135.48315777727925,34.85543383581162],[135.4829768202044,34.85584885188136],[135.48274716318667,34.85624731446787],[135.48247101794865,34.85662538615861],[135.48215104391994,34.856979425916535],[135.48179032262536,34.85730602414522],[135.48139232800816,34.8576020355252],[135.48096089297408,34.85786460930506],[135.48050017247834,34.85809121675577],[135.48001460351117,34.8582796755237],[135.47950886236714,34.85842817064789],[135.47898781960996,34.85853527203913],[135.47845649316622,34.858599948252454],[135.47792,34.858621576420596],[135.4773835068338,34.858599948252454],[135.47685218039007,34.85853527203913],[135.47633113763288,34.85842817064789],[135.47582539648886,34.8582796755237],[135.47533982752168,34.85809121675577],[135.47487910702594,34.85786460930506],[135.47444767199187,34.8576020355252],[135.47404967737467,34.85730602414522],[135.47368895608008,34.856979425916535],[135.47336898205137,34.85662538615861],[135.47309283681335,34.85624731446787],[135.4728631797956,34.85584885188136],[135.47268222272078,34.85543383581162],[135.4725517083044,34.85500626309025],[135.47247289347166,34.85457025147632],[135.4724465372525,34.85413],[135.47247289347166,34.85368974852368],[135.4725517083044,34.85325373690974],[135.47268222272078,34.85282616418838],[135.4728631797956,34.852411148118634],[135.47309283681335,34.852012685532124],[135.47336898205137,34.851634613841384],[135.47368895608008,34.85128057408346],[135.47404967737467,34.85095397585478],[135.47444767199187,34.8506579644748],[135.47487910702594,34.850395390694935],[135.47533982752168,34.85016878324423],[135.47582539648886,34.8499803244763],[135.47633113763288,34.849831829352105],[135.47685218039007,34.84972472796087],[135.4773835068338,34.84966005174754],[135.47792,34.8496384235794],[135.47845649316622,34.84966005174754],[135.47898781960996,34.84972472796087],[135.47950886236714,34.849831829352105],[135.48001460351117,34.8499803244763],[135.48050017247834,34.85016878324423],[135.48096089297408,34.850395390694935],[135.48139232800816,34.8506579644748],[135.48179032262536,34.85095397585478],[135.48215104391994,34.85128057408346],[135.48247101794865,34.851634613841384],[135.48274716318667,34.852012685532124],[135.4829768202044,34.852411148118634],[135.48315777727925,34.85282616418838],[135.48328829169563,34.85325373690974],[135.48336710652836,34.85368974852368],[135.48339346274753,34.85413]]]}},{"type":"Feature","properties":{"layer":"z18_optional","buffer_m":200},"geometry":{"type":"Polygon","coordinates":[[[135.480109385099,34.85413],[135.48009884261134,34.85430610059053],[135.48006731667826,34.8544805052361],[135.4800151109117,34.854651534324645],[135.47994272808177,34.85481754075254],[135.47985086527467,34.85497692578715],[135.47974040717946,34.85512815446344],[135.47961241756798,34.85526977036661],[135.47946812905016,34.85540040965809],[135.47930893120326,34.85551881421008],[135.47913635718965,34.85562384372202],[135.47895206899133,34.855714486702304],[135.47875784140447,34.85578987020948],[135.47855554494686,34.855849268259156],[135.478347127844,34.85589210881565],[135.4781345972665,34.85591797930098],[135.47792,34.855926630568234],[135.47770540273353,34.85591797930098],[135.47749287215603,34.85589210881565],[135.47728445505317,34.855849268259156],[135.47708215859555,34.85578987020948],[135.4768879310087,34.855714486702304],[135.47670364281038,34.85562384372202],[135.47653106879676,34.85551881421008],[135.47637187094986,34.85540040965809],[135.47622758243205,34.85526977036661],[135.47609959282056,34.85512815446344],[135.47598913472535,34.85497692578715],[135.47589727191826,34.85481754075254],[135.47582488908833,34.854651534324645],[135.47577268332176,34.8544805052361],[135.47574115738868,34.85430610059053],[135.475730614901,34.85413],[135.47574115738868,34.85395389940947],[135.47577268332176,34.8537794947639],[135.47582488908833,34.85360846567535],[135.47589727191826,34.853442459247454],[135.47598913472535,34.85328307421285],[135.47609959282056,34.85313184553655],[135.47622758243205,34.852990229633384],[135.47637187094986,34.85285959034191],[135.47653106879676,34.85274118578992],[135.47670364281038,34.852636156277974],[135.4768879310087,34.85254551329769],[135.47708215859555,34.85247012979052],[135.47728445505317,34.85241073174084],[135.47749287215603,34.85236789118434],[135.47770540273353,34.85234202069901],[135.47792,34.85233336943176],[135.4781345972665,34.85234202069901],[135.478347127844,34.85236789118434],[135.47855554494686,34.85241073174084],[135.47875784140447,34.85247012979052],[135.47895206899133,34.85254551329769],[135.47913635718965,34.852636156277974],[135.47930893120326,34.85274118578992],[135.47946812905016,34.85285959034191],[135.47961241756798,34.852990229633384],[135.47974040717946,34.85313184553655],[135.47985086527467,34.85328307421285],[135.47994272808177,34.853442459247454],[135.4800151109117,34.85360846567535],[135.48006731667826,34.8537794947639],[135.48009884261134,34.85395389940947],[135.480109385099,34.85413]]]}},{"type":"Feature","properties":{"layer":"z17_default","buffer_m":500},"geometry":{"type":"Polygon","coordinates":[[[135.48542354990332,34.85544],[135.48539719326445,34.85588025147632],[135.48531837717672,34.85631626309026],[135.48518786068212,34.85674383581162],[135.48500690072584,34.857158851881366],[135.4847772400512,34.857557314467876],[135.48450109041602,34.857935386158616],[135.48418111129226,34.85828942591654],[135.4838203842538,34.85861602414522],[135.4834223832992,34.8589120355252],[135.48299094139523,34.859174609305065],[135.48253021356328,34.85940121675577],[135.48204463686423,34.8595896755237],[135.4815388876671,34.859738170647894],[135.4810178366132,34.85984527203913],[135.48048650170898,34.85990994825246],[135.47995,34.8599315764206],[135.47941349829102,34.85990994825246],[135.4788821633868,34.85984527203913],[135.4783611123329,34.859738170647894],[135.47785536313577,34.8595896755237],[135.47736978643673,34.85940121675577],[135.47690905860478,34.859174609305065],[135.4764776167008,34.8589120355252],[135.47607961574622,34.85861602414522],[135.47571888870775,34.85828942591654],[135.475398909584,34.857935386158616],[135.47512275994882,34.857557314467876],[135.47489309927417,34.857158851881366],[135.4747121393179,34.85674383581162],[135.47458162282328,34.85631626309026],[135.47450280673556,34.85588025147632],[135.4744764500967,34.85544],[135.47450280673556,34.85499974852368],[135.47458162282328,34.854563736909746],[135.4747121393179,34.85413616418838],[135.47489309927417,34.85372114811864],[135.47512275994882,34.85332268553213],[135.475398909584,34.85294461384139],[135.47571888870775,34.852590574083465],[135.47607961574622,34.85226397585478],[135.4764776167008,34.8519679644748],[135.47690905860478,34.85170539069494],[135.47736978643673,34.85147878324423],[135.47785536313577,34.8512903244763],[135.4783611123329,34.85114182935211],[135.4788821633868,34.85103472796087],[135.47941349829102,34.850970051747545],[135.47995,34.8509484235794],[135.48048650170898,34.850970051747545],[135.4810178366132,34.85103472796087],[135.4815388876671,34.85114182935211],[135.48204463686423,34.8512903244763],[135.48253021356328,34.85147878324423],[135.48299094139523,34.85170539069494],[135.4834223832992,34.8519679644748],[135.4838203842538,34.85226397585478],[135.48418111129226,34.852590574083465],[135.48450109041602,34.85294461384139],[135.4847772400512,34.85332268553213],[135.48500690072584,34.85372114811864],[135.48518786068212,34.85413616418838],[135.48531837717672,34.854563736909746],[135.48539719326445,34.85499974852368],[135.48542354990332,34.85544]]]}},{"type":"Feature","properties":{"layer":"z18_optional","buffer_m":200},"geometry":{"type":"Polygon","coordinates":[[[135.48213941996133,34.85544],[135.48212887730577,34.85561610059053],[135.48209735087067,34.8557905052361],[135.48204514427286,34.85596153432465],[135.48197276029035,34.856127540752546],[135.48188089602047,34.85628692578715],[135.4817704361664,34.85643815446345],[135.4816424445169,34.856579770366615],[135.48149815370152,34.85671040965809],[135.48133895331966,34.85682881421008],[135.4811663765581,34.856933843722025],[135.48098208542532,34.85702448670231],[135.4807878547457,34.85709987020948],[135.48058555506685,34.85715926825916],[135.4803771346453,34.857202108815656],[135.4801646006836,34.85722797930099],[135.47995,34.85723663056824],[135.4797353993164,34.85722797930099],[135.4795228653547,34.857202108815656],[135.47931444493315,34.85715926825916],[135.4791121452543,34.85709987020948],[135.47891791457468,34.85702448670231],[135.4787336234419,34.856933843722025],[135.47856104668034,34.85682881421008],[135.47840184629848,34.85671040965809],[135.4782575554831,34.856579770366615],[135.4781295638336,34.85643815446345],[135.47801910397953,34.85628692578715],[135.47792723970966,34.856127540752546],[135.47785485572714,34.85596153432465],[135.47780264912933,34.8557905052361],[135.47777112269424,34.85561610059053],[135.47776058003868,34.85544],[135.47777112269424,34.85526389940947],[135.47780264912933,34.8550894947639],[135.47785485572714,34.854918465675354],[135.47792723970966,34.85475245924746],[135.47801910397953,34.85459307421285],[135.4781295638336,34.854441845536556],[135.4782575554831,34.85430022963339],[135.47840184629848,34.85416959034191],[135.47856104668034,34.85405118578992],[135.4787336234419,34.85394615627798],[135.47891791457468,34.853855513297695],[135.4791121452543,34.85378012979052],[135.47931444493315,34.85372073174084],[135.4795228653547,34.85367789118435],[135.4797353993164,34.853652020699016],[135.47995,34.853643369431765],[135.4801646006836,34.853652020699016],[135.4803771346453,34.85367789118435],[135.48058555506685,34.85372073174084],[135.4807878547457,34.85378012979052],[135.48098208542532,34.853855513297695],[135.4811663765581,34.85394615627798],[135.48133895331966,34.85405118578992],[135.48149815370152,34.85416959034191],[135.4816424445169,34.85430022963339],[135.4817704361664,34.854441845536556],[135.48188089602047,34.85459307421285],[135.48197276029035,34.85475245924746],[135.48204514427286,34.854918465675354],[135.48209735087067,34.8550894947639],[135.48212887730577,34.85526389940947],[135.48213941996133,34.85544]]]}},{"type":"Feature","properties":{"layer":"z17_default","buffer_m":500},"geometry":{"type":"Polygon","coordinates":[[[135.48487308824141,34.8485],[135.4848467338256,34.84894025147632],[135.48476792438555,34.84937626309026],[135.48463741889924,34.84980383581162],[135.48445647420587,34.850218851881365],[135.48422683290175,34.850617314467875],[135.4839507065582,34.850995386158615],[135.4836307544228,34.85134942591654],[135.48327005780953,34.85167602414522],[135.482872090424,34.8519720355252],[135.48244068490962,34.852234609305064],[135.48197999593737,34.85246121675577],[135.48149446019386,34.8526496755237],[135.48098875365375,34.852798170647894],[135.48046774654745,34.85290527203913],[135.4799364564582,34.85296994825246],[135.4794,34.8529915764206],[135.4788635435418,34.85296994825246],[135.47833225345255,34.85290527203913],[135.47781124634625,34.852798170647894],[135.47730553980614,34.8526496755237],[135.47682000406263,34.85246121675577],[135.47635931509038,34.852234609305064],[135.475927909576,34.8519720355252],[135.47552994219046,34.85167602414522],[135.4751692455772,34.85134942591654],[135.4748492934418,34.850995386158615],[135.47457316709824,34.850617314467875],[135.47434352579413,34.850218851881365],[135.47416258110076,34.84980383581162],[135.47403207561445,34.84937626309026],[135.4739532661744,34.84894025147632],[135.47392691175858,34.8485],[135.4739532661744,34.84805974852368],[135.47403207561445,34.847623736909746],[135.47416258110076,34.84719616418838],[135.47434352579413,34.84678114811864],[135.47457316709824,34.84638268553213],[135.4748492934418,34.84600461384139],[135.4751692455772,34.845650574083464],[135.47552994219046,34.84532397585478],[135.475927909576,34.8450279644748],[135.47635931509038,34.84476539069494],[135.47682000406263,34.84453878324423],[135.47730553980614,34.8443503244763],[135.47781124634625,34.84420182935211],[135.47833225345255,34.84409472796087],[135.4788635435418,34.844030051747545],[135.4794,34.8440084235794],[135.4799364564582,34.844030051747545],[135.48046774654745,34.84409472796087],[135.48098875365375,34.84420182935211],[135.48149446019386,34.8443503244763],[135.48197999593737,34.84453878324423],[135.48244068490962,34.84476539069494],[135.482872090424,34.8450279644748],[135.48327005780953,34.84532397585478],[135.4836307544228,34.845650574083464],[135.4839507065582,34.84600461384139],[135.48422683290175,34.84638268553213],[135.48445647420587,34.84678114811864],[135.48463741889924,34.84719616418838],[135.48476792438555,34.847623736909746],[135.4848467338256,34.84805974852368],[135.48487308824141,34.8485]]]}},{"type":"Feature","properties":{"layer":"z18_optional","buffer_m":200},"geometry":{"type":"Polygon","coordinates":[[[135.48158923529658,34.8485],[135.48157869353022,34.84867610059053],[135.4815471697542,34.8488505052361],[135.48149496755968,34.84902153432465],[135.48142258968235,34.849187540752546],[135.48133073316072,34.84934692578715],[135.48122028262327,34.84949815446345],[135.4810923017691,34.849639770366615],[135.48094802312383,34.84977040965809],[135.4807888361696,34.84988881421008],[135.48061627396385,34.849993843722025],[135.48043199837494,34.85008448670231],[135.48023778407753,34.85015987020948],[135.4800355014615,34.85021926825916],[135.47982709861898,34.850262108815656],[135.47961458258328,34.85028797930099],[135.4794,34.85029663056824],[135.47918541741672,34.85028797930099],[135.478972901381,34.850262108815656],[135.4787644985385,34.85021926825916],[135.47856221592247,34.85015987020948],[135.47836800162506,34.85008448670231],[135.47818372603615,34.849993843722025],[135.4780111638304,34.84988881421008],[135.47785197687617,34.84977040965809],[135.4777076982309,34.849639770366615],[135.47757971737673,34.84949815446345],[135.47746926683928,34.84934692578715],[135.47737741031764,34.849187540752546],[135.4773050324403,34.84902153432465],[135.4772528302458,34.8488505052361],[135.47722130646977,34.84867610059053],[135.47721076470341,34.8485],[135.47722130646977,34.84832389940947],[135.4772528302458,34.8481494947639],[135.4773050324403,34.847978465675354],[135.47737741031764,34.84781245924746],[135.47746926683928,34.84765307421285],[135.47757971737673,34.847501845536556],[135.4777076982309,34.84736022963339],[135.47785197687617,34.84722959034191],[135.4780111638304,34.84711118578992],[135.47818372603615,34.84700615627798],[135.47836800162506,34.846915513297695],[135.47856221592247,34.84684012979052],[135.4787644985385,34.84678073174084],[135.478972901381,34.84673789118435],[135.47918541741672,34.846712020699016],[135.4794,34.846703369431765],[135.47961458258328,34.846712020699016],[135.47982709861898,34.84673789118435],[135.4800355014615,34.84678073174084],[135.48023778407753,34.84684012979052],[135.48043199837494,34.846915513297695],[135.48061627396385,34.84700615627798],[135.4807888361696,34.84711118578992],[135.48094802312383,34.84722959034191],[135.4810923017691,34.84736022963339],[135.48122028262327,34.847501845536556],[135.48133073316072,34.84765307421285],[135.48142258968235,34.84781245924746],[135.48149496755968,34.847978465675354],[135.4815471697542,34.8481494947639],[135.48157869353022,34.84832389940947],[135.48158923529658,34.8485]]]}},{"type":"Feature","properties":{"layer":"z17_default","buffer_m":500},"geometry":{"type":"Polygon","coordinates":[[[135.4785624678415,34.83917],[135.47853611641304,34.83961025147632],[135.4784573159064,34.84004626309026],[135.47832682521351,34.84047383581162],[135.47814590103107,34.84088885188137],[135.47791628575786,34.84128731446788],[135.4776401907145,34.84166538615862],[135.47732027484716,34.84201942591654],[135.47695961912055,34.84234602414522],[135.47656169684643,34.8426420355252],[135.47613034023388,34.842904609305066],[135.47566970348288,34.84313121675577],[135.4751842227771,34.8433196755237],[135.47467857356116,34.843468170647895],[135.47415762551344,34.84357527203913],[135.47362639564838,34.84363994825246],[135.47309,34.8436615764206],[135.47255360435165,34.84363994825246],[135.47202237448658,34.84357527203913],[135.47150142643886,34.843468170647895],[135.47099577722292,34.8433196755237],[135.47051029651715,34.84313121675577],[135.47004965976615,34.842904609305066],[135.4696183031536,34.8426420355252],[135.46922038087948,34.84234602414522],[135.46885972515287,34.84201942591654],[135.46853980928552,34.84166538615862],[135.46826371424217,34.84128731446788],[135.46803409896896,34.84088885188137],[135.4678531747865,34.84047383581162],[135.46772268409362,34.84004626309026],[135.467643883587,34.83961025147632],[135.46761753215853,34.83917],[135.467643883587,34.83872974852368],[135.46772268409362,34.83829373690975],[135.4678531747865,34.837866164188384],[135.46803409896896,34.83745114811864],[135.46826371424217,34.83705268553213],[135.46853980928552,34.83667461384139],[135.46885972515287,34.836320574083466],[135.46922038087948,34.835993975854784],[135.4696183031536,34.835697964474804],[135.47004965976615,34.83543539069494],[135.47051029651715,34.835208783244234],[135.47099577722292,34.835020324476304],[135.47150142643886,34.83487182935211],[135.47202237448658,34.834764727960874],[135.47255360435165,34.83470005174755],[135.47309,34.834678423579405],[135.47362639564838,34.83470005174755],[135.47415762551344,34.834764727960874],[135.47467857356116,34.83487182935211],[135.4751842227771,34.835020324476304],[135.47566970348288,34.835208783244234],[135.47613034023388,34.83543539069494],[135.47656169684643,34.835697964474804],[135.47695961912055,34.835993975854784],[135.47732027484716,34.836320574083466],[135.4776401907145,34.83667461384139],[135.47791628575786,34.83705268553213],[135.47814590103107,34.83745114811864],[135.47832682521351,34.837866164188384],[135.4784573159064,34.83829373690975],[135.47853611641304,34.83872974852368],[135.4785624678415,34.83917]]]}},{"type":"Feature","properties":{"layer":"z18_optional","buffer_m":200},"geometry":{"type":"Polygon","coordinates":[[[135.4752789871366,34.83917],[135.47526844656522,34.83934610059053],[135.47523692636258,34.8395205052361],[135.4751847300854,34.83969153432465],[135.47511236041242,34.83985754075255],[135.47502051430317,34.840016925787154],[135.4749100762858,34.84016815446345],[135.47478210993887,34.840309770366616],[135.47463784764824,34.84044040965809],[135.4744786787386,34.840558814210084],[135.47430613609356,34.84066384372203],[135.47412188139316,34.84075448670231],[135.47392768911084,34.84082987020948],[135.47372542942446,34.84088926825916],[135.47351705020537,34.84093210881566],[135.47330455825937,34.84095797930099],[135.47309,34.84096663056824],[135.47287544174065,34.84095797930099],[135.47266294979465,34.84093210881566],[135.47245457057556,34.84088926825916],[135.4722523108892,34.84082987020948],[135.47205811860687,34.84075448670231],[135.47187386390647,34.84066384372203],[135.47170132126143,34.840558814210084],[135.4715421523518,34.84044040965809],[135.47139789006116,34.840309770366616],[135.47126992371423,34.84016815446345],[135.47115948569686,34.840016925787154],[135.4710676395876,34.83985754075255],[135.47099526991462,34.83969153432465],[135.47094307363744,34.8395205052361],[135.4709115534348,34.83934610059053],[135.47090101286344,34.83917],[135.4709115534348,34.83899389940947],[135.47094307363744,34.838819494763904],[135.47099526991462,34.838648465675355],[135.4710676395876,34.83848245924746],[135.47115948569686,34.83832307421285],[135.47126992371423,34.83817184553656],[135.47139789006116,34.83803022963339],[135.4715421523518,34.83789959034191],[135.47170132126143,34.83778118578992],[135.47187386390647,34.83767615627798],[135.47205811860687,34.8375855132977],[135.4722523108892,34.83751012979052],[135.47245457057556,34.837450731740844],[135.47266294979465,34.83740789118435],[135.47287544174065,34.83738202069902],[135.47309,34.837373369431766],[135.47330455825937,34.83738202069902],[135.47351705020537,34.83740789118435],[135.47372542942446,34.837450731740844],[135.47392768911084,34.83751012979052],[135.47412188139316,34.8375855132977],[135.47430613609356,34.83767615627798],[135.4744786787386,34.83778118578992],[135.47463784764824,34.83789959034191],[135.47478210993887,34.83803022963339],[135.4749100762858,34.83817184553656],[135.47502051430317,34.83832307421285],[135.47511236041242,34.83848245924746],[135.4751847300854,34.838648465675355],[135.47523692636258,34.838819494763904],[135.47526844656522,34.83899389940947],[135.4752789871366,34.83917]]]}},{"type":"Feature","properties":{"layer":"z17_default","buffer_m":500},"geometry":{"type":"Polygon","coordinates":[[[135.48569322858586,34.85061],[135.48566687349424,34.85105025147632],[135.48558806203332,34.85148626309026],[135.4854575532005,34.85191383581162],[135.48527660386725,34.85232885188137],[135.48504695667452,34.85272731446788],[135.48477082325033,34.85310538615862],[135.48445086291053,34.85345942591654],[135.48409015704806,34.85378602414522],[135.48369217945756,34.8540820355252],[135.48326076288083,34.854344609305066],[135.4828000620953,34.85457121675577],[135.48231451390137,34.8547596755237],[135.4818087943936,34.854908170647896],[135.48128777392728,34.85501527203913],[135.48075647021437,34.85507994825246],[135.48022,34.8551015764206],[135.47968352978563,34.85507994825246],[135.47915222607273,34.85501527203913],[135.4786312056064,34.854908170647896],[135.47812548609863,34.8547596755237],[135.4776399379047,34.85457121675577],[135.47717923711917,34.854344609305066],[135.47674782054244,34.8540820355252],[135.47634984295195,34.85378602414522],[135.47598913708947,34.85345942591654],[135.47566917674968,34.85310538615862],[135.47539304332548,34.85272731446788],[135.47516339613276,34.85232885188137],[135.47498244679952,34.85191383581162],[135.4748519379667,34.85148626309026],[135.47477312650577,34.85105025147632],[135.47474677141415,34.85061],[135.47477312650577,34.85016974852368],[135.4748519379667,34.84973373690975],[135.47498244679952,34.849306164188384],[135.47516339613276,34.84889114811864],[135.47539304332548,34.84849268553213],[135.47566917674968,34.84811461384139],[135.47598913708947,34.847760574083466],[135.47634984295195,34.847433975854784],[135.47674782054244,34.847137964474804],[135.47717923711917,34.84687539069494],[135.4776399379047,34.846648783244234],[135.47812548609863,34.846460324476304],[135.4786312056064,34.84631182935211],[135.47915222607273,34.846204727960874],[135.47968352978563,34.84614005174755],[135.48022,34.846118423579405],[135.48075647021437,34.84614005174755],[135.48128777392728,34.846204727960874],[135.4818087943936,34.84631182935211],[135.48231451390137,34.846460324476304],[135.4828000620953,34.846648783244234],[135.48326076288083,34.84687539069494],[135.48369217945756,34.847137964474804],[135.48409015704806,34.847433975854784],[135.48445086291053,34.847760574083466],[135.48477082325033,34.84811461384139],[135.48504695667452,34.84849268553213],[135.48527660386725,34.84889114811864],[135.4854575532005,34.849306164188384],[135.48558806203332,34.84973373690975],[135.48566687349424,34.85016974852368],[135.48569322858586,34.85061]]]}},{"type":"Feature","properties":{"layer":"z18_optional","buffer_m":200},"geometry":{"type":"Polygon","coordinates":[[[135.48240929143435,34.85061],[135.4823987493977,34.85078610059053],[135.48236722481332,34.8509605052361],[135.48231502128021,34.85113153432465],[135.4822426415469,34.85129754075255],[135.4821507826698,34.851456925787154],[135.48204032930013,34.85160815446345],[135.4819123451642,34.85174977036662],[135.4817680628192,34.851880409658094],[135.48160887178304,34.851998814210084],[135.48143630515233,34.85210384372203],[135.4812520248381,34.85219448670231],[135.48105780556054,34.85226987020948],[135.48085551775745,34.85232926825916],[135.48064710957092,34.85237210881566],[135.48043458808576,34.85239797930099],[135.48022,34.85240663056824],[135.48000541191425,34.85239797930099],[135.47979289042908,34.85237210881566],[135.47958448224256,34.85232926825916],[135.47938219443947,34.85226987020948],[135.4791879751619,34.85219448670231],[135.47900369484768,34.85210384372203],[135.47883112821697,34.851998814210084],[135.4786719371808,34.851880409658094],[135.4785276548358,34.85174977036662],[135.47839967069987,34.85160815446345],[135.4782892173302,34.851456925787154],[135.47819735845312,34.85129754075255],[135.4781249787198,34.85113153432465],[135.4780727751867,34.8509605052361],[135.4780412506023,34.85078610059053],[135.47803070856565,34.85061],[135.4780412506023,34.850433899409474],[135.4780727751867,34.850259494763904],[135.4781249787198,34.850088465675356],[135.47819735845312,34.84992245924746],[135.4782892173302,34.84976307421285],[135.47839967069987,34.84961184553656],[135.4785276548358,34.84947022963339],[135.4786719371808,34.84933959034191],[135.47883112821697,34.84922118578992],[135.47900369484768,34.84911615627798],[135.4791879751619,34.8490255132977],[135.47938219443947,34.84895012979052],[135.47958448224256,34.848890731740845],[135.47979289042908,34.84884789118435],[135.48000541191425,34.84882202069902],[135.48022,34.84881336943177],[135.48043458808576,34.84882202069902],[135.48064710957092,34.84884789118435],[135.48085551775745,34.848890731740845],[135.48105780556054,34.84895012979052],[135.4812520248381,34.8490255132977],[135.48143630515233,34.84911615627798],[135.48160887178304,34.84922118578992],[135.4817680628192,34.84933959034191],[135.4819123451642,34.84947022963339],[135.48204032930013,34.84961184553656],[135.4821507826698,34.84976307421285],[135.4822426415469,34.84992245924746],[135.48231502128021,34.850088465675356],[135.48236722481332,34.850259494763904],[135.4823987493977,34.850433899409474],[135.48240929143435,34.85061]]]}},{"type":"Feature","properties":{"layer":"z17_default","buffer_m":500},"geometry":{"type":"Polygon","coordinates":[[[135.48567330042658,34.85169],[135.48564694498904,34.85213025147632],[135.48556813249363,34.85256626309025],[135.4854376219478,34.85299383581162],[135.4852566702394,34.85340885188136],[135.48502702003236,34.85380731446787],[135.48475088298372,34.85418538615861],[135.48443091844416,34.854539425916535],[135.4840702078471,34.85486602414522],[135.48367222503285,34.8551620355252],[135.48324080279338,34.85542460930506],[135.48278009596075,34.85565121675577],[135.4822945413936,34.8558396755237],[135.48178881524785,34.85598817064789],[135.4812677879427,34.85609527203913],[135.480736477256,34.856159948252454],[135.4802,34.856181576420596],[135.479663522744,34.856159948252454],[135.4791322120573,34.85609527203913],[135.47861118475214,34.85598817064789],[135.4781054586064,34.8558396755237],[135.47761990403924,34.85565121675577],[135.47715919720662,34.85542460930506],[135.47672777496715,34.8551620355252],[135.47632979215288,34.85486602414522],[135.47596908155583,34.854539425916535],[135.47564911701627,34.85418538615861],[135.47537297996763,34.85380731446787],[135.47514332976058,34.85340885188136],[135.4749623780522,34.85299383581162],[135.47483186750637,34.85256626309025],[135.47475305501095,34.85213025147632],[135.4747266995734,34.85169],[135.47475305501095,34.85124974852368],[135.47483186750637,34.85081373690974],[135.4749623780522,34.85038616418838],[135.47514332976058,34.849971148118634],[135.47537297996763,34.849572685532124],[135.47564911701627,34.849194613841384],[135.47596908155583,34.84884057408346],[135.47632979215288,34.84851397585478],[135.47672777496715,34.8482179644748],[135.47715919720662,34.847955390694935],[135.47761990403924,34.84772878324423],[135.4781054586064,34.8475403244763],[135.47861118475214,34.847391829352105],[135.4791322120573,34.84728472796087],[135.479663522744,34.84722005174754],[135.4802,34.8471984235794],[135.480736477256,34.84722005174754],[135.4812677879427,34.84728472796087],[135.48178881524785,34.847391829352105],[135.4822945413936,34.8475403244763],[135.48278009596075,34.84772878324423],[135.48324080279338,34.847955390694935],[135.48367222503285,34.8482179644748],[135.4840702078471,34.84851397585478],[135.48443091844416,34.84884057408346],[135.48475088298372,34.849194613841384],[135.48502702003236,34.849572685532124],[135.4852566702394,34.849971148118634],[135.4854376219478,34.85038616418838],[135.48556813249363,34.85081373690974],[135.48564694498904,34.85124974852368],[135.48567330042658,34.85169]]]}},{"type":"Feature","properties":{"layer":"z18_optional","buffer_m":200},"geometry":{"type":"Polygon","coordinates":[[[135.48238932017063,34.85169],[135.48237877799562,34.85186610059053],[135.48234725299744,34.8520405052361],[135.48229504877912,34.852211534324645],[135.48222266809577,34.85237754075254],[135.48213080801295,34.85253692578715],[135.4820203531935,34.85268815446344],[135.48189236737767,34.85282977036661],[135.48174808313885,34.85296040965809],[135.48158889001314,34.85307881421008],[135.48141632111736,34.85318384372202],[135.4812320383843,34.853274486702304],[135.48103781655743,34.85334987020948],[135.48083552609913,34.853409268259156],[135.48062711517707,34.85345210881565],[135.4804145909024,34.85347797930098],[135.4802,34.853486630568234],[135.4799854090976,34.85347797930098],[135.47977288482292,34.85345210881565],[135.47956447390087,34.853409268259156],[135.47936218344256,34.85334987020948],[135.4791679616157,34.853274486702304],[135.47898367888263,34.85318384372202],[135.47881110998685,34.85307881421008],[135.47865191686114,34.85296040965809],[135.47850763262232,34.85282977036661],[135.4783796468065,34.85268815446344],[135.47826919198704,34.85253692578715],[135.47817733190422,34.85237754075254],[135.47810495122087,34.852211534324645],[135.47805274700255,34.8520405052361],[135.47802122200437,34.85186610059053],[135.47801067982937,34.85169],[135.47802122200437,34.85151389940947],[135.47805274700255,34.8513394947639],[135.47810495122087,34.85116846567535],[135.47817733190422,34.851002459247454],[135.47826919198704,34.85084307421285],[135.4783796468065,34.85069184553655],[135.47850763262232,34.850550229633384],[135.47865191686114,34.85041959034191],[135.47881110998685,34.85030118578992],[135.47898367888263,34.850196156277974],[135.4791679616157,34.85010551329769],[135.47936218344256,34.85003012979052],[135.47956447390087,34.84997073174084],[135.47977288482292,34.84992789118434],[135.4799854090976,34.84990202069901],[135.4802,34.84989336943176],[135.4804145909024,34.84990202069901],[135.48062711517707,34.84992789118434],[135.48083552609913,34.84997073174084],[135.48103781655743,34.85003012979052],[135.4812320383843,34.85010551329769],[135.48141632111736,34.850196156277974],[135.48158889001314,34.85030118578992],[135.48174808313885,34.85041959034191],[135.48189236737767,34.850550229633384],[135.4820203531935,34.85069184553655],[135.48213080801295,34.85084307421285],[135.48222266809577,34.851002459247454],[135.48229504877912,34.85116846567535],[135.48234725299744,34.8513394947639],[135.48237877799562,34.85151389940947],[135.48238932017063,34.85169]]]}},{"type":"Feature","properties":{"layer":"z17_default","buffer_m":500},"geometry":{"type":"Polygon","coordinates":[[[135.48554346540868,34.85417],[135.4855171091767,34.85461025147632],[135.48543829430565,34.85504626309026],[135.4853077798258,34.85547383581162],[135.485126822663,34.85588885188137],[135.4848971655336,34.85628731446788],[135.4846210201613,34.85666538615862],[135.48430104597705,34.85701942591654],[135.48394032450707,34.85734602414522],[135.48354232969638,34.8576420355252],[135.48311089445255,34.857904609305066],[135.4826501737328,34.85813121675577],[135.48216460452954,34.8583196755237],[135.48165886313964,34.858468170647896],[135.48113782012913,34.85857527203913],[135.48060649342708,34.85863994825246],[135.48007,34.8586615764206],[135.47953350657295,34.85863994825246],[135.4790021798709,34.85857527203913],[135.47848113686038,34.858468170647896],[135.47797539547048,34.8583196755237],[135.47748982626723,34.85813121675577],[135.47702910554747,34.857904609305066],[135.47659767030365,34.8576420355252],[135.47619967549295,34.85734602414522],[135.47583895402298,34.85701942591654],[135.4755189798387,34.85666538615862],[135.47524283446643,34.85628731446788],[135.47501317733702,34.85588885188137],[135.47483222017422,34.85547383581162],[135.47470170569437,34.85504626309026],[135.47462289082333,34.85461025147632],[135.47459653459134,34.85417],[135.47462289082333,34.85372974852368],[135.47470170569437,34.85329373690975],[135.47483222017422,34.852866164188384],[135.47501317733702,34.85245114811864],[135.47524283446643,34.85205268553213],[135.4755189798387,34.85167461384139],[135.47583895402298,34.851320574083466],[135.47619967549295,34.850993975854784],[135.47659767030365,34.850697964474804],[135.47702910554747,34.85043539069494],[135.47748982626723,34.850208783244234],[135.47797539547048,34.850020324476304],[135.47848113686038,34.84987182935211],[135.4790021798709,34.849764727960874],[135.47953350657295,34.84970005174755],[135.48007,34.849678423579405],[135.48060649342708,34.84970005174755],[135.48113782012913,34.849764727960874],[135.48165886313964,34.84987182935211],[135.48216460452954,34.850020324476304],[135.4826501737328,34.850208783244234],[135.48311089445255,34.85043539069494],[135.48354232969638,34.850697964474804],[135.48394032450707,34.850993975854784],[135.48430104597705,34.851320574083466],[135.4846210201613,34.85167461384139],[135.4848971655336,34.85205268553213],[135.485126822663,34.85245114811864],[135.4853077798258,34.852866164188384],[135.48543829430565,34.85329373690975],[135.4855171091767,34.85372974852368],[135.48554346540868,34.85417]]]}},{"type":"Feature","properties":{"layer":"z18_optional","buffer_m":200},"geometry":{"type":"Polygon","coordinates":[[[135.4822593861635,34.85417],[135.48224884367067,34.85434610059053],[135.48221731772227,34.8545205052361],[135.48216511193033,34.85469153432465],[135.48209272906522,34.85485754075255],[135.48200086621344,34.855016925787154],[135.48189040806454,34.85516815446345],[135.48176241839082,34.85530977036662],[135.48161812980285,34.855440409658094],[135.48145893187856,34.855558814210085],[135.48128635778102,34.85566384372203],[135.48110206949312,34.85575448670231],[135.4809078418118,34.85582987020948],[135.48070554525586,34.85588926825916],[135.48049712805167,34.85593210881566],[135.48028459737083,34.85595797930099],[135.48007,34.85596663056824],[135.4798554026292,34.85595797930099],[135.47964287194836,34.85593210881566],[135.47943445474417,34.85588926825916],[135.4792321581882,34.85582987020948],[135.4790379305069,34.85575448670231],[135.478853642219,34.85566384372203],[135.47868106812146,34.855558814210085],[135.47852187019717,34.855440409658094],[135.4783775816092,34.85530977036662],[135.47824959193548,34.85516815446345],[135.47813913378658,34.855016925787154],[135.4780472709348,34.85485754075255],[135.4779748880697,34.85469153432465],[135.47792268227775,34.8545205052361],[135.47789115632935,34.85434610059053],[135.47788061383653,34.85417],[135.47789115632935,34.853993899409474],[135.47792268227775,34.853819494763904],[135.4779748880697,34.853648465675356],[135.4780472709348,34.85348245924746],[135.47813913378658,34.85332307421285],[135.47824959193548,34.85317184553656],[135.4783775816092,34.85303022963339],[135.47852187019717,34.85289959034191],[135.47868106812146,34.85278118578992],[135.478853642219,34.85267615627798],[135.4790379305069,34.8525855132977],[135.4792321581882,34.852510129790524],[135.47943445474417,34.852450731740845],[135.47964287194836,34.85240789118435],[135.4798554026292,34.85238202069902],[135.48007,34.85237336943177],[135.48028459737083,34.85238202069902],[135.48049712805167,34.85240789118435],[135.48070554525586,34.852450731740845],[135.4809078418118,34.852510129790524],[135.48110206949312,34.8525855132977],[135.48128635778102,34.85267615627798],[135.48145893187856,34.85278118578992],[135.48161812980285,34.85289959034191],[135.48176241839082,34.85303022963339],[135.48189040806454,34.85317184553656],[135.48200086621344,34.85332307421285],[135.48209272906522,34.85348245924746],[135.48216511193033,34.853648465675356],[135.48221731772227,34.853819494763904],[135.48224884367067,34.853993899409474],[135.4822593861635,34.85417]]]}},{"type":"Feature","properties":{"layer":"z17_default","buffer_m":500},"geometry":{"type":"Polygon","coordinates":[[[135.48579353593138,34.85523],[135.4857671793598,34.85567025147632],[135.48568836347326,34.856106263090254],[135.48555784731184,34.85653383581162],[135.48537688781747,34.85694885188136],[135.48514722772907,34.85734731446787],[135.4848710787988,34.85772538615861],[135.4845511004918,34.858079425916536],[135.48419037437415,34.85840602414522],[135.4837923744355,34.8587020355252],[135.48336093363284,34.85896460930506],[135.48290020697695,34.85919121675577],[135.4824146315174,34.8593796755237],[135.48190888361128,34.85952817064789],[135.48138783388742,34.85963527203913],[135.48085650033948,34.859699948252455],[135.48032,34.8597215764206],[135.47978349966053,34.859699948252455],[135.4792521661126,34.85963527203913],[135.47873111638873,34.85952817064789],[135.4782253684826,34.8593796755237],[135.47773979302306,34.85919121675577],[135.47727906636717,34.85896460930506],[135.47684762556452,34.8587020355252],[135.47644962562586,34.85840602414522],[135.4760888995082,34.858079425916536],[135.47576892120122,34.85772538615861],[135.47549277227094,34.85734731446787],[135.47526311218255,34.85694885188136],[135.47508215268817,34.85653383581162],[135.47495163652675,34.856106263090254],[135.4748728206402,34.85567025147632],[135.47484646406863,34.85523],[135.4748728206402,34.85478974852368],[135.47495163652675,34.854353736909744],[135.47508215268817,34.85392616418838],[135.47526311218255,34.853511148118635],[135.47549277227094,34.853112685532125],[135.47576892120122,34.852734613841385],[135.4760888995082,34.85238057408346],[135.47644962562586,34.85205397585478],[135.47684762556452,34.8517579644748],[135.47727906636717,34.851495390694936],[135.47773979302306,34.85126878324423],[135.4782253684826,34.8510803244763],[135.47873111638873,34.850931829352106],[135.4792521661126,34.85082472796087],[135.47978349966053,34.85076005174754],[135.48032,34.8507384235794],[135.48085650033948,34.85076005174754],[135.48138783388742,34.85082472796087],[135.48190888361128,34.850931829352106],[135.4824146315174,34.8510803244763],[135.48290020697695,34.85126878324423],[135.48336093363284,34.851495390694936],[135.4837923744355,34.8517579644748],[135.48419037437415,34.85205397585478],[135.4845511004918,34.85238057408346],[135.4848710787988,34.852734613841385],[135.48514722772907,34.853112685532125],[135.48537688781747,34.853511148118635],[135.48555784731184,34.85392616418838],[135.48568836347326,34.854353736909744],[135.4857671793598,34.85478974852368],[135.48579353593138,34.85523]]]}},{"type":"Feature","properties":{"layer":"z18_optional","buffer_m":200},"geometry":{"type":"Polygon","coordinates":[[[135.48250941437257,34.85523],[135.48249887174393,34.85540610059053],[135.48246734538932,34.8555805052361],[135.48241513892472,34.85575153432465],[135.482342755127,34.85591754075254],[135.48225089109164,34.85607692578715],[135.48214043151953,34.856228154463444],[135.48201244019674,34.85636977036661],[135.48186814974966,34.85650040965809],[135.4817089497742,34.85661881421008],[135.48153637345314,34.85672384372202],[135.48135208279078,34.856814486702305],[135.48115785260697,34.85688987020948],[135.48095555344452,34.85694926825916],[135.48074713355498,34.85699210881565],[135.4805346001358,34.857017979300984],[135.48032,34.857026630568235],[135.48010539986421,34.857017979300984],[135.47989286644503,34.85699210881565],[135.4796844465555,34.85694926825916],[135.47948214739304,34.85688987020948],[135.47928791720923,34.856814486702305],[135.47910362654687,34.85672384372202],[135.4789310502258,34.85661881421008],[135.47877185025035,34.85650040965809],[135.47862755980327,34.85636977036661],[135.4784995684805,34.856228154463444],[135.47838910890837,34.85607692578715],[135.478297244873,34.85591754075254],[135.4782248610753,34.85575153432465],[135.4781726546107,34.8555805052361],[135.47814112825608,34.85540610059053],[135.47813058562744,34.85523],[135.47814112825608,34.85505389940947],[135.4781726546107,34.8548794947639],[135.4782248610753,34.85470846567535],[135.478297244873,34.854542459247455],[135.47838910890837,34.85438307421285],[135.4784995684805,34.85423184553655],[135.47862755980327,34.854090229633385],[135.47877185025035,34.85395959034191],[135.4789310502258,34.85384118578992],[135.47910362654687,34.853736156277975],[135.47928791720923,34.85364551329769],[135.47948214739304,34.85357012979052],[135.4796844465555,34.85351073174084],[135.47989286644503,34.853467891184344],[135.48010539986421,34.85344202069901],[135.48032,34.85343336943176],[135.4805346001358,34.85344202069901],[135.48074713355498,34.853467891184344],[135.48095555344452,34.85351073174084],[135.48115785260697,34.85357012979052],[135.48135208279078,34.85364551329769],[135.48153637345314,34.853736156277975],[135.4817089497742,34.85384118578992],[135.48186814974966,34.85395959034191],[135.48201244019674,34.854090229633385],[135.48214043151953,34.85423184553655],[135.48225089109164,34.85438307421285],[135.482342755127,34.854542459247455],[135.48241513892472,34.85470846567535],[135.48246734538932,34.8548794947639],[135.48249887174393,34.85505389940947],[135.48250941437257,34.85523]]]}},{"type":"Feature","properties":{"layer":"z17_default","buffer_m":500},"geometry":{"type":"Polygon","coordinates":[[[135.48479367898406,34.85738],[135.48476732172364,34.85782025147632],[135.48468850377722,34.858256263090254],[135.48455798420468,34.85868383581162],[135.4843770199809,34.85909885188136],[135.48414735389025,34.85949731446787],[135.48387119774273,34.85987538615861],[135.48355121107303,34.860229425916536],[135.48319047552766,34.86055602414522],[135.48279246518715,34.8608520355252],[135.48236101310863,34.86111460930506],[135.48190027441152,34.86134121675577],[135.48141468626127,34.8615296755237],[135.48090892513727,34.86167817064789],[135.4803878617956,34.86178527203913],[135.4798565143611,34.861849948252456],[135.47932,34.8618715764206],[135.4787834856389,34.861849948252456],[135.4782521382044,34.86178527203913],[135.47773107486273,34.86167817064789],[135.47722531373873,34.8615296755237],[135.4767397255885,34.86134121675577],[135.47627898689137,34.86111460930506],[135.47584753481286,34.8608520355252],[135.47544952447234,34.86055602414522],[135.47508878892697,34.860229425916536],[135.47476880225727,34.85987538615861],[135.47449264610975,34.85949731446787],[135.4742629800191,34.85909885188136],[135.47408201579532,34.85868383581162],[135.47395149622278,34.858256263090254],[135.47387267827636,34.85782025147632],[135.47384632101594,34.85738],[135.47387267827636,34.85693974852368],[135.47395149622278,34.856503736909744],[135.47408201579532,34.85607616418838],[135.4742629800191,34.855661148118635],[135.47449264610975,34.855262685532125],[135.47476880225727,34.854884613841385],[135.47508878892697,34.85453057408346],[135.47544952447234,34.85420397585478],[135.47584753481286,34.8539079644748],[135.47627898689137,34.853645390694936],[135.4767397255885,34.85341878324423],[135.47722531373873,34.8532303244763],[135.47773107486273,34.85308182935211],[135.4782521382044,34.85297472796087],[135.4787834856389,34.85291005174754],[135.47932,34.8528884235794],[135.4798565143611,34.85291005174754],[135.4803878617956,34.85297472796087],[135.48090892513727,34.85308182935211],[135.48141468626127,34.8532303244763],[135.48190027441152,34.85341878324423],[135.48236101310863,34.853645390694936],[135.48279246518715,34.8539079644748],[135.48319047552766,34.85420397585478],[135.48355121107303,34.85453057408346],[135.48387119774273,34.854884613841385],[135.48414735389025,34.855262685532125],[135.4843770199809,34.855661148118635],[135.48455798420468,34.85607616418838],[135.48468850377722,34.856503736909744],[135.48476732172364,34.85693974852368],[135.48479367898406,34.85738]]]}},{"type":"Feature","properties":{"layer":"z18_optional","buffer_m":200},"geometry":{"type":"Polygon","coordinates":[[[135.48150947159363,34.85738],[135.48149892868946,34.85755610059053],[135.48146740151088,34.8577305052361],[135.48141519368187,34.85790153432465],[135.48134280799235,34.85806754075254],[135.4812509415561,34.85822692578715],[135.4811404790971,34.858378154463445],[135.48101248442921,34.85851977036661],[135.48086819021105,34.85865040965809],[135.48070898607486,34.85876881421008],[135.48053640524347,34.85887384372202],[135.4803521097646,34.858964486702305],[135.48015787450453,34.85903987020948],[135.47995557005493,34.85909926825916],[135.47974714471823,34.859142108815654],[135.47953460574445,34.859167979300985],[135.47932,34.859176630568236],[135.47910539425555,34.859167979300985],[135.47889285528177,34.859142108815654],[135.47868442994508,34.85909926825916],[135.47848212549547,34.85903987020948],[135.4782878902354,34.858964486702305],[135.47810359475653,34.85887384372202],[135.47793101392514,34.85876881421008],[135.47777180978895,34.85865040965809],[135.4776275155708,34.85851977036661],[135.4774995209029,34.858378154463445],[135.4773890584439,34.85822692578715],[135.47729719200765,34.85806754075254],[135.47722480631813,34.85790153432465],[135.47717259848912,34.8577305052361],[135.47714107131054,34.85755610059053],[135.47713052840638,34.85738],[135.47714107131054,34.85720389940947],[135.47717259848912,34.8570294947639],[135.47722480631813,34.85685846567535],[135.47729719200765,34.856692459247455],[135.4773890584439,34.85653307421285],[135.4774995209029,34.85638184553655],[135.4776275155708,34.856240229633386],[135.47777180978895,34.85610959034191],[135.47793101392514,34.85599118578992],[135.47810359475653,34.855886156277975],[135.4782878902354,34.85579551329769],[135.47848212549547,34.85572012979052],[135.47868442994508,34.85566073174084],[135.47889285528177,34.855617891184345],[135.47910539425555,34.855592020699014],[135.47932,34.85558336943176],[135.47953460574445,34.855592020699014],[135.47974714471823,34.855617891184345],[135.47995557005493,34.85566073174084],[135.48015787450453,34.85572012979052],[135.4803521097646,34.85579551329769],[135.48053640524347,34.855886156277975],[135.48070898607486,34.85599118578992],[135.48086819021105,34.85610959034191],[135.48101248442921,34.856240229633386],[135.4811404790971,34.85638184553655],[135.4812509415561,34.85653307421285],[135.48134280799235,34.856692459247455],[135.48141519368187,34.85685846567535],[135.48146740151088,34.8570294947639],[135.48149892868946,34.85720389940947],[135.48150947159363,34.85738]]]}},{"type":"Feature","properties":{"layer":"z17_default","buffer_m":500},"geometry":{"type":"Polygon","coordinates":[[[135.48121346806985,34.85421],[135.48118711182505,34.85465025147632],[135.48110829691566,34.85508626309026],[135.48097778237238,34.85551383581162],[135.4807968251216,34.855928851881366],[135.48056716788054,34.856327314467876],[135.480291022374,34.856705386158616],[135.47997104803414,34.85705942591654],[135.4796103263888,34.85738602414522],[135.4792123313846,34.8576820355252],[135.47878089593098,34.857944609305065],[135.47832017498726,34.85817121675577],[135.4778346055479,34.8583596755237],[135.47732886391213,34.858508170647895],[135.4768078206483,34.85861527203913],[135.4762764936879,34.85867994825246],[135.47574,34.8587015764206],[135.4752035063121,34.85867994825246],[135.4746721793517,34.85861527203913],[135.47415113608787,34.858508170647895],[135.4736453944521,34.8583596755237],[135.47315982501274,34.85817121675577],[135.47269910406902,34.857944609305065],[135.47226766861542,34.8576820355252],[135.4718696736112,34.85738602414522],[135.47150895196586,34.85705942591654],[135.471188977626,34.856705386158616],[135.47091283211947,34.856327314467876],[135.47068317487842,34.855928851881366],[135.47050221762763,34.85551383581162],[135.47037170308434,34.85508626309026],[135.47029288817495,34.85465025147632],[135.47026653193015,34.85421],[135.47029288817495,34.85376974852368],[135.47037170308434,34.85333373690975],[135.47050221762763,34.85290616418838],[135.47068317487842,34.85249114811864],[135.47091283211947,34.85209268553213],[135.471188977626,34.85171461384139],[135.47150895196586,34.851360574083465],[135.4718696736112,34.85103397585478],[135.47226766861542,34.8507379644748],[135.47269910406902,34.85047539069494],[135.47315982501274,34.85024878324423],[135.4736453944521,34.8500603244763],[135.47415113608787,34.84991182935211],[135.4746721793517,34.84980472796087],[135.4752035063121,34.849740051747546],[135.47574,34.849718423579404],[135.4762764936879,34.849740051747546],[135.4768078206483,34.84980472796087],[135.47732886391213,34.84991182935211],[135.4778346055479,34.8500603244763],[135.47832017498726,34.85024878324423],[135.47878089593098,34.85047539069494],[135.4792123313846,34.8507379644748],[135.4796103263888,34.85103397585478],[135.47997104803414,34.851360574083465],[135.480291022374,34.85171461384139],[135.48056716788054,34.85209268553213],[135.4807968251216,34.85249114811864],[135.48097778237238,34.85290616418838],[135.48110829691566,34.85333373690975],[135.48118711182505,34.85376974852368],[135.48121346806985,34.85421]]]}},{"type":"Feature","properties":{"layer":"z18_optional","buffer_m":200},"geometry":{"type":"Polygon","coordinates":[[[135.47792938722793,34.85421],[135.47791884473003,34.85438610059053],[135.47788731876628,34.8545605052361],[135.47783511294895,34.85473153432465],[135.47776273004862,34.854897540752546],[135.47767086715223,34.85505692578715],[135.47756040894959,34.85520815446345],[135.47743241921367,34.855349770366615],[135.47728813055554,34.85548040965809],[135.47712893255385,34.85559881421008],[135.4769563583724,34.855703843722026],[135.4767720699949,34.85579448670231],[135.47657784221917,34.85586987020948],[135.47637554556485,34.85592926825916],[135.4761671282593,34.855972108815656],[135.47595459747515,34.85599797930099],[135.47574,34.85600663056824],[135.47552540252485,34.85599797930099],[135.4753128717407,34.855972108815656],[135.47510445443515,34.85592926825916],[135.47490215778083,34.85586987020948],[135.4747079300051,34.85579448670231],[135.4745236416276,34.855703843722026],[135.47435106744615,34.85559881421008],[135.47419186944447,34.85548040965809],[135.47404758078633,34.855349770366615],[135.47391959105042,34.85520815446345],[135.47380913284778,34.85505692578715],[135.47371726995138,34.854897540752546],[135.47364488705105,34.85473153432465],[135.47359268123373,34.8545605052361],[135.47356115526998,34.85438610059053],[135.47355061277207,34.85421],[135.47356115526998,34.85403389940947],[135.47359268123373,34.8538594947639],[135.47364488705105,34.853688465675354],[135.47371726995138,34.85352245924746],[135.47380913284778,34.85336307421285],[135.47391959105042,34.853211845536556],[135.47404758078633,34.85307022963339],[135.47419186944447,34.85293959034191],[135.47435106744615,34.85282118578992],[135.4745236416276,34.85271615627798],[135.4747079300051,34.852625513297696],[135.47490215778083,34.85255012979052],[135.47510445443515,34.85249073174084],[135.4753128717407,34.85244789118435],[135.47552540252485,34.85242202069902],[135.47574,34.852413369431765],[135.47595459747515,34.85242202069902],[135.4761671282593,34.85244789118435],[135.47637554556485,34.85249073174084],[135.47657784221917,34.85255012979052],[135.4767720699949,34.852625513297696],[135.4769563583724,34.85271615627798],[135.47712893255385,34.85282118578992],[135.47728813055554,34.85293959034191],[135.47743241921367,34.85307022963339],[135.47756040894959,34.853211845536556],[135.47767086715223,34.85336307421285],[135.47776273004862,34.85352245924746],[135.47783511294895,34.853688465675354],[135.47788731876628,34.8538594947639],[135.47791884473003,34.85403389940947],[135.47792938722793,34.85421]]]}},{"type":"Feature","properties":{"layer":"z17_default","buffer_m":500},"geometry":{"type":"Polygon","coordinates":[[[135.48204301242163,34.84736],[135.48201665837087,34.84780025147632],[135.48193785002258,34.84823626309026],[135.4818073463442,34.84866383581162],[135.4816264041575,34.849078851881366],[135.48139676603466,34.849477314467876],[135.48112064351633,34.849855386158616],[135.4808006958133,34.85020942591654],[135.48044000419685,34.85053602414522],[135.4800420423244,34.8508320355252],[135.4796106427864,34.851094609305065],[135.47914996019617,34.85132121675577],[135.47866443117888,34.8515096755237],[135.4781587316444,34.851658170647895],[135.47763773175575,34.85176527203913],[135.47710644902656,34.85182994825246],[135.47657,34.8518515764206],[135.47603355097345,34.85182994825246],[135.47550226824427,34.85176527203913],[135.4749812683556,34.851658170647895],[135.47447556882113,34.8515096755237],[135.47399003980385,34.85132121675577],[135.4735293572136,34.851094609305065],[135.4730979576756,34.8508320355252],[135.47269999580317,34.85053602414522],[135.47233930418673,34.85020942591654],[135.47201935648368,34.849855386158616],[135.47174323396536,34.849477314467876],[135.4715135958425,34.849078851881366],[135.47133265365582,34.84866383581162],[135.47120214997744,34.84823626309026],[135.47112334162915,34.84780025147632],[135.4710969875784,34.84736],[135.47112334162915,34.84691974852368],[135.47120214997744,34.84648373690975],[135.47133265365582,34.84605616418838],[135.4715135958425,34.84564114811864],[135.47174323396536,34.84524268553213],[135.47201935648368,34.84486461384139],[135.47233930418673,34.844510574083465],[135.47269999580317,34.84418397585478],[135.4730979576756,34.8438879644748],[135.4735293572136,34.84362539069494],[135.47399003980385,34.84339878324423],[135.47447556882113,34.8432103244763],[135.4749812683556,34.84306182935211],[135.47550226824427,34.84295472796087],[135.47603355097345,34.842890051747545],[135.47657,34.842868423579404],[135.47710644902656,34.842890051747545],[135.47763773175575,34.84295472796087],[135.4781587316444,34.84306182935211],[135.47866443117888,34.8432103244763],[135.47914996019617,34.84339878324423],[135.4796106427864,34.84362539069494],[135.4800420423244,34.8438879644748],[135.48044000419685,34.84418397585478],[135.4808006958133,34.844510574083465],[135.48112064351633,34.84486461384139],[135.48139676603466,34.84524268553213],[135.4816264041575,34.84564114811864],[135.4818073463442,34.84605616418838],[135.48193785002258,34.84648373690975],[135.48201665837087,34.84691974852368],[135.48204301242163,34.84736]]]}},{"type":"Feature","properties":{"layer":"z18_optional","buffer_m":200},"geometry":{"type":"Polygon","coordinates":[[[135.47875920496864,34.84736],[135.47874866334837,34.84753610059053],[135.47871714000905,34.8477105052361],[135.4786649385377,34.84788153432465],[135.47859256166302,34.848047540752546],[135.47850070641388,34.84820692578715],[135.47839025740655,34.84835815446345],[135.47826227832533,34.848499770366615],[135.47811800167875,34.84863040965809],[135.47795881692977,34.84874881421008],[135.47778625711456,34.848853843722026],[135.47760198407846,34.84894448670231],[135.47740777247157,34.84901987020948],[135.4772054926578,34.84907926825916],[135.4769970927023,34.849122108815656],[135.47678457961064,34.84914797930099],[135.47657,34.84915663056824],[135.47635542038938,34.84914797930099],[135.4761429072977,34.849122108815656],[135.47593450734223,34.84907926825916],[135.47573222752845,34.84901987020948],[135.47553801592156,34.84894448670231],[135.47535374288546,34.848853843722026],[135.47518118307025,34.84874881421008],[135.47502199832127,34.84863040965809],[135.4748777216747,34.848499770366615],[135.47474974259347,34.84835815446345],[135.47463929358614,34.84820692578715],[135.474547438337,34.848047540752546],[135.47447506146233,34.84788153432465],[135.47442285999097,34.8477105052361],[135.47439133665165,34.84753610059053],[135.47438079503138,34.84736],[135.47439133665165,34.84718389940947],[135.47442285999097,34.8470094947639],[135.47447506146233,34.846838465675354],[135.474547438337,34.84667245924746],[135.47463929358614,34.84651307421285],[135.47474974259347,34.846361845536556],[135.4748777216747,34.84622022963339],[135.47502199832127,34.84608959034191],[135.47518118307025,34.84597118578992],[135.47535374288546,34.84586615627798],[135.47553801592156,34.845775513297696],[135.47573222752845,34.84570012979052],[135.47593450734223,34.84564073174084],[135.4761429072977,34.84559789118435],[135.47635542038938,34.84557202069902],[135.47657,34.845563369431765],[135.47678457961064,34.84557202069902],[135.4769970927023,34.84559789118435],[135.4772054926578,34.84564073174084],[135.47740777247157,34.84570012979052],[135.47760198407846,34.845775513297696],[135.47778625711456,34.84586615627798],[135.47795881692977,34.84597118578992],[135.47811800167875,34.84608959034191],[135.47826227832533,34.84622022963339],[135.47839025740655,34.846361845536556],[135.47850070641388,34.84651307421285],[135.47859256166302,34.84667245924746],[135.4786649385377,34.846838465675354],[135.47871714000905,34.8470094947639],[135.47874866334837,34.84718389940947],[135.47875920496864,34.84736]]]}},{"type":"Feature","properties":{"layer":"z17_default","buffer_m":500},"geometry":{"type":"Polygon","coordinates":[[[135.48596312349244,34.84903],[135.48593676890687,34.84947025147632],[135.48585795895923,34.849906263090254],[135.48572745263237,34.85033383581162],[135.48554650677357,34.85074885188136],[135.4853168639904,34.85114731446787],[135.48504073586835,34.85152538615861],[135.48472078167222,34.851879425916536],[135.48436008273578,34.85220602414522],[135.483962112787,34.8525020355252],[135.48353070449406,34.85276460930506],[135.48307001255458,34.85299121675577],[135.48258447368386,34.8531796755237],[135.4820787638866,34.85332817064789],[135.48155775342457,34.85343527203913],[135.4810264599134,34.853499948252455],[135.48049,34.8535215764206],[135.4799535400866,34.853499948252455],[135.47942224657544,34.85343527203913],[135.47890123611342,34.85332817064789],[135.47839552631615,34.8531796755237],[135.47790998744543,34.85299121675577],[135.47744929550595,34.85276460930506],[135.477017887213,34.8525020355252],[135.47661991726423,34.85220602414522],[135.47625921832778,34.851879425916536],[135.47593926413165,34.85152538615861],[135.47566313600962,34.85114731446787],[135.47543349322643,34.85074885188136],[135.47525254736763,34.85033383581162],[135.47512204104078,34.849906263090254],[135.47504323109314,34.84947025147632],[135.47501687650757,34.84903],[135.47504323109314,34.84858974852368],[135.47512204104078,34.848153736909744],[135.47525254736763,34.84772616418838],[135.47543349322643,34.847311148118635],[135.47566313600962,34.846912685532125],[135.47593926413165,34.846534613841385],[135.47625921832778,34.84618057408346],[135.47661991726423,34.84585397585478],[135.477017887213,34.8455579644748],[135.47744929550595,34.845295390694936],[135.47790998744543,34.84506878324423],[135.47839552631615,34.8448803244763],[135.47890123611342,34.844731829352106],[135.47942224657544,34.84462472796087],[135.4799535400866,34.84456005174754],[135.48049,34.8445384235794],[135.4810264599134,34.84456005174754],[135.48155775342457,34.84462472796087],[135.4820787638866,34.844731829352106],[135.48258447368386,34.8448803244763],[135.48307001255458,34.84506878324423],[135.48353070449406,34.845295390694936],[135.483962112787,34.8455579644748],[135.48436008273578,34.84585397585478],[135.48472078167222,34.84618057408346],[135.48504073586835,34.846534613841385],[135.4853168639904,34.846912685532125],[135.48554650677357,34.847311148118635],[135.48572745263237,34.84772616418838],[135.48585795895923,34.848153736909744],[135.48593676890687,34.84858974852368],[135.48596312349244,34.84903]]]}},{"type":"Feature","properties":{"layer":"z18_optional","buffer_m":200},"geometry":{"type":"Polygon","coordinates":[[[135.482679249397,34.84903],[135.48266870756277,34.84920610059053],[135.4826371835837,34.8493805052361],[135.48258498105295,34.84955153432465],[135.48251260270945,34.84971754075254],[135.48242074559616,34.84987692578715],[135.48231029434734,34.850028154463445],[135.4821823126689,34.85016977036661],[135.4820380330943,34.85030040965809],[135.4818788451148,34.85041881421008],[135.4817062817976,34.85052384372202],[135.48152200502184,34.850614486702305],[135.48132778947354,34.85068987020948],[135.48112550555464,34.85074926825916],[135.48091710136984,34.850792108815654],[135.48070458396538,34.850817979300984],[135.48049,34.850826630568235],[135.48027541603463,34.850817979300984],[135.48006289863017,34.850792108815654],[135.47985449444536,34.85074926825916],[135.47965221052647,34.85068987020948],[135.47945799497816,34.850614486702305],[135.4792737182024,34.85052384372202],[135.4791011548852,34.85041881421008],[135.4789419669057,34.85030040965809],[135.4787976873311,34.85016977036661],[135.47866970565266,34.850028154463445],[135.47855925440385,34.84987692578715],[135.47846739729056,34.84971754075254],[135.47839501894705,34.84955153432465],[135.4783428164163,34.8493805052361],[135.47831129243724,34.84920610059053],[135.478300750603,34.84903],[135.47831129243724,34.84885389940947],[135.4783428164163,34.8486794947639],[135.47839501894705,34.84850846567535],[135.47846739729056,34.848342459247455],[135.47855925440385,34.84818307421285],[135.47866970565266,34.84803184553655],[135.4787976873311,34.847890229633386],[135.4789419669057,34.84775959034191],[135.4791011548852,34.84764118578992],[135.4792737182024,34.847536156277975],[135.47945799497816,34.84744551329769],[135.47965221052647,34.84737012979052],[135.47985449444536,34.84731073174084],[135.48006289863017,34.847267891184345],[135.48027541603463,34.847242020699014],[135.48049,34.84723336943176],[135.48070458396538,34.847242020699014],[135.48091710136984,34.847267891184345],[135.48112550555464,34.84731073174084],[135.48132778947354,34.84737012979052],[135.48152200502184,34.84744551329769],[135.4817062817976,34.847536156277975],[135.4818788451148,34.84764118578992],[135.4820380330943,34.84775959034191],[135.4821823126689,34.847890229633386],[135.48231029434734,34.84803184553655],[135.48242074559616,34.84818307421285],[135.48251260270945,34.848342459247455],[135.48258498105295,34.84850846567535],[135.4826371835837,34.8486794947639],[135.48266870756277,34.84885389940947],[135.482679249397,34.84903]]]}},{"type":"Feature","properties":{"layer":"z17_default","buffer_m":500},"geometry":{"type":"Polygon","coordinates":[[[135.48638301375175,34.84738],[135.4863566596946,34.84782025147632],[135.48627785132715,34.848256263090256],[135.48614734761705,34.84868383581162],[135.4859664053864,34.849098851881365],[135.48573676720773,34.849497314467875],[135.4854606446223,34.849875386158615],[135.48514069684148,34.85022942591654],[135.48478000513737,34.85055602414522],[135.48438204316824,34.8508520355252],[135.48395064352536,34.851114609305064],[135.48348996082316,34.85134121675577],[135.4830044316879,34.8515296755237],[135.48249873203054,34.851678170647894],[135.48197773201522,34.85178527203913],[135.48144644915692,34.85184994825246],[135.48091,34.8518715764206],[135.48037355084307,34.85184994825246],[135.47984226798476,34.85178527203913],[135.47932126796945,34.851678170647894],[135.4788155683121,34.8515296755237],[135.47833003917683,34.85134121675577],[135.47786935647463,34.851114609305064],[135.47743795683175,34.8508520355252],[135.47703999486262,34.85055602414522],[135.4766793031585,34.85022942591654],[135.4763593553777,34.849875386158615],[135.47608323279226,34.849497314467875],[135.4758535946136,34.849098851881365],[135.47567265238294,34.84868383581162],[135.47554214867284,34.848256263090256],[135.4754633403054,34.84782025147632],[135.47543698624824,34.84738],[135.4754633403054,34.84693974852368],[135.47554214867284,34.846503736909746],[135.47567265238294,34.84607616418838],[135.4758535946136,34.84566114811864],[135.47608323279226,34.84526268553213],[135.4763593553777,34.84488461384139],[135.4766793031585,34.844530574083464],[135.47703999486262,34.84420397585478],[135.47743795683175,34.8439079644748],[135.47786935647463,34.84364539069494],[135.47833003917683,34.84341878324423],[135.4788155683121,34.8432303244763],[135.47932126796945,34.84308182935211],[135.47984226798476,34.84297472796087],[135.48037355084307,34.842910051747545],[135.48091,34.8428884235794],[135.48144644915692,34.842910051747545],[135.48197773201522,34.84297472796087],[135.48249873203054,34.84308182935211],[135.4830044316879,34.8432303244763],[135.48348996082316,34.84341878324423],[135.48395064352536,34.84364539069494],[135.48438204316824,34.8439079644748],[135.48478000513737,34.84420397585478],[135.48514069684148,34.844530574083464],[135.4854606446223,34.84488461384139],[135.48573676720773,34.84526268553213],[135.4859664053864,34.84566114811864],[135.48614734761705,34.84607616418838],[135.48627785132715,34.846503736909746],[135.4863566596946,34.84693974852368],[135.48638301375175,34.84738]]]}},{"type":"Feature","properties":{"layer":"z18_optional","buffer_m":200},"geometry":{"type":"Polygon","coordinates":[[[135.48309920550068,34.84738],[135.48308866387782,34.84755610059053],[135.48305714053086,34.8477305052361],[135.48300493904682,34.84790153432465],[135.48293256215456,34.848067540752545],[135.48284070688308,34.84822692578715],[135.4827302578489,34.84837815446345],[135.48260227873658,34.848519770366615],[135.48245800205495,34.84865040965809],[135.4822988172673,34.84876881421008],[135.48212625741013,34.848873843722025],[135.48194198432927,34.84896448670231],[135.48174777267516,34.84903987020948],[135.48154549281222,34.84909926825916],[135.4813370928061,34.849142108815656],[135.48112457966278,34.84916797930099],[135.48091,34.84917663056824],[135.4806954203372,34.84916797930099],[135.4804829071939,34.849142108815656],[135.48027450718777,34.84909926825916],[135.48007222732483,34.84903987020948],[135.47987801567072,34.84896448670231],[135.47969374258986,34.848873843722025],[135.4795211827327,34.84876881421008],[135.47936199794503,34.84865040965809],[135.4792177212634,34.848519770366615],[135.47908974215107,34.84837815446345],[135.4789792931169,34.84822692578715],[135.47888743784543,34.848067540752545],[135.47881506095317,34.84790153432465],[135.47876285946913,34.8477305052361],[135.47873133612217,34.84755610059053],[135.4787207944993,34.84738],[135.47873133612217,34.84720389940947],[135.47876285946913,34.8470294947639],[135.47881506095317,34.84685846567535],[135.47888743784543,34.84669245924746],[135.4789792931169,34.84653307421285],[135.47908974215107,34.846381845536555],[135.4792177212634,34.84624022963339],[135.47936199794503,34.84610959034191],[135.4795211827327,34.84599118578992],[135.47969374258986,34.84588615627798],[135.47987801567072,34.845795513297695],[135.48007222732483,34.84572012979052],[135.48027450718777,34.84566073174084],[135.4804829071939,34.84561789118435],[135.4806954203372,34.845592020699016],[135.48091,34.845583369431765],[135.48112457966278,34.845592020699016],[135.4813370928061,34.84561789118435],[135.48154549281222,34.84566073174084],[135.48174777267516,34.84572012979052],[135.48194198432927,34.845795513297695],[135.48212625741013,34.84588615627798],[135.4822988172673,34.84599118578992],[135.48245800205495,34.84610959034191],[135.48260227873658,34.84624022963339],[135.4827302578489,34.846381845536555],[135.48284070688308,34.84653307421285],[135.48293256215456,34.84669245924746],[135.48300493904682,34.84685846567535],[135.48305714053086,34.8470294947639],[135.48308866387782,34.84720389940947],[135.48309920550068,34.84738]]]}},{"type":"Feature","properties":{"layer":"z17_default","buffer_m":500},"geometry":{"type":"Polygon","coordinates":[[[135.48690292929072,34.84611],[135.48687657564028,34.84655025147632],[135.48679776848903,34.84698626309026],[135.48666726679292,34.84741383581162],[135.48648632735458,34.84782885188137],[135.48625669271976,34.84822731446788],[135.4859805743955,34.84860538615862],[135.48566063155224,34.84895942591654],[135.48529994541443,34.84928602414522],[135.48490198958675,34.8495820355252],[135.48447059660134,34.849844609305066],[135.48400992100852,34.85007121675577],[135.48352439936605,34.8502596755237],[135.4830187075128,34.850408170647896],[135.4824977155377,34.85051527203913],[135.4819664408783,34.85057994825246],[135.48143,34.8506015764206],[135.48089355912168,34.85057994825246],[135.48036228446227,34.85051527203913],[135.47984129248718,34.850408170647896],[135.47933560063393,34.8502596755237],[135.47885007899146,34.85007121675577],[135.47838940339864,34.849844609305066],[135.47795801041323,34.8495820355252],[135.47756005458555,34.84928602414522],[135.47719936844774,34.84895942591654],[135.47687942560447,34.84860538615862],[135.47660330728021,34.84822731446788],[135.4763736726454,34.84782885188137],[135.47619273320706,34.84741383581162],[135.47606223151095,34.84698626309026],[135.4759834243597,34.84655025147632],[135.47595707070926,34.84611],[135.4759834243597,34.84566974852368],[135.47606223151095,34.84523373690975],[135.47619273320706,34.844806164188384],[135.4763736726454,34.84439114811864],[135.47660330728021,34.84399268553213],[135.47687942560447,34.84361461384139],[135.47719936844774,34.843260574083466],[135.47756005458555,34.842933975854784],[135.47795801041323,34.842637964474804],[135.47838940339864,34.84237539069494],[135.47885007899146,34.842148783244234],[135.47933560063393,34.841960324476304],[135.47984129248718,34.84181182935211],[135.48036228446227,34.841704727960874],[135.48089355912168,34.84164005174755],[135.48143,34.841618423579405],[135.4819664408783,34.84164005174755],[135.4824977155377,34.841704727960874],[135.4830187075128,34.84181182935211],[135.48352439936605,34.841960324476304],[135.48400992100852,34.842148783244234],[135.48447059660134,34.84237539069494],[135.48490198958675,34.842637964474804],[135.48529994541443,34.842933975854784],[135.48566063155224,34.843260574083466],[135.4859805743955,34.84361461384139],[135.48625669271976,34.84399268553213],[135.48648632735458,34.84439114811864],[135.48666726679292,34.844806164188384],[135.48679776848903,34.84523373690975],[135.48687657564028,34.84566974852368],[135.48690292929072,34.84611]]]}},{"type":"Feature","properties":{"layer":"z18_optional","buffer_m":200},"geometry":{"type":"Polygon","coordinates":[[[135.48361917171627,34.84611],[135.4836086302561,34.84628610059053],[135.4835771073956,34.8464605052361],[135.48352490671715,34.84663153432465],[135.48345253094183,34.84679754075255],[135.4833606770879,34.846956925787154],[135.4832502297582,34.84710815446345],[135.4831222526209,34.847249770366616],[135.48297797816576,34.84738040965809],[135.48281879583467,34.847498814210084],[135.48264623864054,34.84760384372203],[135.4824619684034,34.84769448670231],[135.4822677597464,34.84776987020948],[135.4820654830051,34.84782926825916],[135.48185708621506,34.84787210881566],[135.4816445763513,34.84789797930099],[135.48143,34.84790663056824],[135.48121542364868,34.84789797930099],[135.48100291378492,34.84787210881566],[135.48079451699488,34.84782926825916],[135.48059224025357,34.84776987020948],[135.48039803159656,34.84769448670231],[135.48021376135944,34.84760384372203],[135.4800412041653,34.847498814210084],[135.47988202183421,34.84738040965809],[135.4797377473791,34.847249770366616],[135.47960977024178,34.84710815446345],[135.4794993229121,34.846956925787154],[135.47940746905815,34.84679754075255],[135.47933509328283,34.84663153432465],[135.47928289260437,34.8464605052361],[135.47925136974388,34.84628610059053],[135.4792408282837,34.84611],[135.47925136974388,34.845933899409474],[135.47928289260437,34.845759494763904],[135.47933509328283,34.845588465675355],[135.47940746905815,34.84542245924746],[135.4794993229121,34.84526307421285],[135.47960977024178,34.84511184553656],[135.4797377473791,34.84497022963339],[135.47988202183421,34.84483959034191],[135.4800412041653,34.84472118578992],[135.48021376135944,34.84461615627798],[135.48039803159656,34.8445255132977],[135.48059224025357,34.84445012979052],[135.48079451699488,34.844390731740845],[135.48100291378492,34.84434789118435],[135.48121542364868,34.84432202069902],[135.48143,34.84431336943177],[135.4816445763513,34.84432202069902],[135.48185708621506,34.84434789118435],[135.4820654830051,34.844390731740845],[135.4822677597464,34.84445012979052],[135.4824619684034,34.8445255132977],[135.48264623864054,34.84461615627798],[135.48281879583467,34.84472118578992],[135.48297797816576,34.84483959034191],[135.4831222526209,34.84497022963339],[135.4832502297582,34.84511184553656],[135.4833606770879,34.84526307421285],[135.48345253094183,34.84542245924746],[135.48352490671715,34.845588465675355],[135.4835771073956,34.845759494763904],[135.4836086302561,34.845933899409474],[135.48361917171627,34.84611]]]}},{"type":"Feature","properties":{"layer":"z17_default","buffer_m":500},"geometry":{"type":"Polygon","coordinates":[[[135.48589284882496,34.8449],[135.485866495562,34.84534025147632],[135.48578768956938,34.84577626309026],[135.48565718979197,34.84620383581162],[135.4854762530139,34.84661885188137],[135.4852466217553,34.84701731446788],[135.4849705074907,34.84739538615862],[135.48465056935137,34.84774942591654],[135.48428988851654,34.84807602414522],[135.48389193853978,34.8483720355252],[135.48346055189697,34.848634609305066],[135.48299988307724,34.84886121675577],[135.48251436857316,34.8490496755237],[135.48200868415483,34.849198170647895],[135.48148769983962,34.84930527203913],[135.4809564329913,34.84936994825246],[135.48042,34.8493915764206],[135.47988356700873,34.84936994825246],[135.4793523001604,34.84930527203913],[135.47883131584518,34.849198170647895],[135.47832563142686,34.8490496755237],[135.47784011692278,34.84886121675577],[135.47737944810305,34.848634609305066],[135.47694806146023,34.8483720355252],[135.47655011148348,34.84807602414522],[135.47618943064865,34.84774942591654],[135.47586949250933,34.84739538615862],[135.47559337824472,34.84701731446788],[135.47536374698612,34.84661885188137],[135.47518281020805,34.84620383581162],[135.47505231043064,34.84577626309026],[135.47497350443803,34.84534025147632],[135.47494715117506,34.8449],[135.47497350443803,34.84445974852368],[135.47505231043064,34.84402373690975],[135.47518281020805,34.843596164188384],[135.47536374698612,34.84318114811864],[135.47559337824472,34.84278268553213],[135.47586949250933,34.84240461384139],[135.47618943064865,34.842050574083466],[135.47655011148348,34.841723975854784],[135.47694806146023,34.8414279644748],[135.47737944810305,34.84116539069494],[135.47784011692278,34.84093878324423],[135.47832563142686,34.8407503244763],[135.47883131584518,34.84060182935211],[135.4793523001604,34.84049472796087],[135.47988356700873,34.840430051747546],[135.48042,34.840408423579404],[135.4809564329913,34.840430051747546],[135.48148769983962,34.84049472796087],[135.48200868415483,34.84060182935211],[135.48251436857316,34.8407503244763],[135.48299988307724,34.84093878324423],[135.48346055189697,34.84116539069494],[135.48389193853978,34.8414279644748],[135.48428988851654,34.841723975854784],[135.48465056935137,34.842050574083466],[135.4849705074907,34.84240461384139],[135.4852466217553,34.84278268553213],[135.4854762530139,34.84318114811864],[135.48565718979197,34.843596164188384],[135.48578768956938,34.84402373690975],[135.485866495562,34.84445974852368],[135.48589284882496,34.8449]]]}},{"type":"Feature","properties":{"layer":"z18_optional","buffer_m":200},"geometry":{"type":"Polygon","coordinates":[[[135.48260913952998,34.8449],[135.4825985982248,34.84507610059053],[135.48256707582777,34.8452505052361],[135.4825148759168,34.84542153432465],[135.48244250120555,34.84558754075255],[135.48235064870212,34.845746925787154],[135.48224020299628,34.84589815446345],[135.48211222774054,34.846039770366616],[135.48196795540662,34.84617040965809],[135.4818087754159,34.846288814210084],[135.4816362207588,34.846393843722026],[135.4814519532309,34.84648448670231],[135.48125774742925,34.84655987020948],[135.48105547366194,34.84661926825916],[135.48084707993584,34.84666210881566],[135.4806345731965,34.84668797930099],[135.48042,34.84669663056824],[135.4802054268035,34.84668797930099],[135.47999292006418,34.84666210881566],[135.47978452633808,34.84661926825916],[135.47958225257076,34.84655987020948],[135.47938804676912,34.84648448670231],[135.47920377924123,34.846393843722026],[135.4790312245841,34.846288814210084],[135.4788720445934,34.84617040965809],[135.47872777225948,34.846039770366616],[135.47859979700374,34.84589815446345],[135.4784893512979,34.845746925787154],[135.47839749879446,34.84558754075255],[135.47832512408323,34.84542153432465],[135.47827292417224,34.8452505052361],[135.47824140177522,34.84507610059053],[135.47823086047003,34.8449],[135.47824140177522,34.84472389940947],[135.47827292417224,34.8445494947639],[135.47832512408323,34.844378465675355],[135.47839749879446,34.84421245924746],[135.4784893512979,34.84405307421285],[135.47859979700374,34.84390184553656],[135.47872777225948,34.84376022963339],[135.4788720445934,34.84362959034191],[135.4790312245841,34.84351118578992],[135.47920377924123,34.84340615627798],[135.47938804676912,34.843315513297696],[135.47958225257076,34.84324012979052],[135.47978452633808,34.843180731740844],[135.47999292006418,34.84313789118435],[135.4802054268035,34.84311202069902],[135.48042,34.843103369431766],[135.4806345731965,34.84311202069902],[135.48084707993584,34.84313789118435],[135.48105547366194,34.843180731740844],[135.48125774742925,34.84324012979052],[135.4814519532309,34.843315513297696],[135.4816362207588,34.84340615627798],[135.4818087754159,34.84351118578992],[135.48196795540662,34.84362959034191],[135.48211222774054,34.84376022963339],[135.48224020299628,34.84390184553656],[135.48235064870212,34.84405307421285],[135.48244250120555,34.84421245924746],[135.4825148759168,34.844378465675355],[135.48256707582777,34.8445494947639],[135.4825985982248,34.84472389940947],[135.48260913952998,34.8449]]]}},{"type":"Feature","properties":{"layer":"z17_default","buffer_m":500},"geometry":{"type":"Polygon","coordinates":[[[135.48146285281487,34.84496],[135.4814364995327,34.84540025147632],[135.48135769348264,34.845836263090256],[135.48122719361007,34.84626383581162],[135.4810462567001,34.846678851881364],[135.4808166252741,34.847077314467874],[135.48054051080817,34.847455386158614],[135.4802205724356,34.84780942591654],[135.47985989133784,34.84813602414522],[135.47946194107098,34.8484320355252],[135.47903055411365,34.84869460930506],[135.47856988495806,34.84892121675577],[135.47808437010002,34.8491096755237],[135.47757868531303,34.84925817064789],[135.477057700618,34.84936527203913],[135.47652643338236,34.84942994825246],[135.47599,34.8494515764206],[135.47545356661763,34.84942994825246],[135.474922299382,34.84936527203913],[135.47440131468696,34.84925817064789],[135.47389562989997,34.8491096755237],[135.47341011504193,34.84892121675577],[135.47294944588634,34.84869460930506],[135.472518058929,34.8484320355252],[135.47212010866215,34.84813602414522],[135.4717594275644,34.84780942591654],[135.47143948919182,34.847455386158614],[135.4711633747259,34.847077314467874],[135.4709337432999,34.846678851881364],[135.47075280638992,34.84626383581162],[135.47062230651736,34.845836263090256],[135.4705435004673,34.84540025147632],[135.47051714718512,34.84496],[135.4705435004673,34.84451974852368],[135.47062230651736,34.844083736909745],[135.47075280638992,34.84365616418838],[135.4709337432999,34.843241148118636],[135.4711633747259,34.842842685532126],[135.47143948919182,34.842464613841386],[135.4717594275644,34.84211057408346],[135.47212010866215,34.84178397585478],[135.472518058929,34.8414879644748],[135.47294944588634,34.84122539069494],[135.47341011504193,34.84099878324423],[135.47389562989997,34.8408103244763],[135.47440131468696,34.84066182935211],[135.474922299382,34.84055472796087],[135.47545356661763,34.840490051747544],[135.47599,34.8404684235794],[135.47652643338236,34.840490051747544],[135.477057700618,34.84055472796087],[135.47757868531303,34.84066182935211],[135.47808437010002,34.8408103244763],[135.47856988495806,34.84099878324423],[135.47903055411365,34.84122539069494],[135.47946194107098,34.8414879644748],[135.47985989133784,34.84178397585478],[135.4802205724356,34.84211057408346],[135.48054051080817,34.842464613841386],[135.4808166252741,34.842842685532126],[135.4810462567001,34.843241148118636],[135.48122719361007,34.84365616418838],[135.48135769348264,34.844083736909745],[135.4814364995327,34.84451974852368],[135.48146285281487,34.84496]]]}},{"type":"Feature","properties":{"layer":"z18_optional","buffer_m":200},"geometry":{"type":"Polygon","coordinates":[[[135.47817914112593,34.84496],[135.47816859981307,34.84513610059053],[135.47813707739306,34.8453105052361],[135.47808487744402,34.84548153432465],[135.47801250268003,34.845647540752545],[135.47792065010964,34.84580692578715],[135.47781020432328,34.845958154463446],[135.47768222897423,34.846099770366614],[135.47753795653512,34.84623040965809],[135.4773787764284,34.84634881421008],[135.47720622164545,34.846453843722024],[135.4770219539832,34.84654448670231],[135.47682774804,34.84661987020948],[135.4766254741252,34.84667926825916],[135.4764170802472,34.846722108815655],[135.47620457335293,34.846747979300986],[135.47599,34.84675663056824],[135.47577542664706,34.846747979300986],[135.4755629197528,34.846722108815655],[135.4753545258748,34.84667926825916],[135.47515225196,34.84661987020948],[135.47495804601678,34.84654448670231],[135.47477377835455,34.846453843722024],[135.4746012235716,34.84634881421008],[135.47444204346488,34.84623040965809],[135.47429777102576,34.846099770366614],[135.47416979567672,34.845958154463446],[135.47405934989035,34.84580692578715],[135.47396749731996,34.845647540752545],[135.47389512255597,34.84548153432465],[135.47384292260693,34.8453105052361],[135.47381140018692,34.84513610059053],[135.47380085887406,34.84496],[135.47381140018692,34.84478389940947],[135.47384292260693,34.8446094947639],[135.47389512255597,34.84443846567535],[135.47396749731996,34.844272459247456],[135.47405934989035,34.84411307421285],[135.47416979567672,34.843961845536555],[135.47429777102576,34.84382022963339],[135.47444204346488,34.84368959034191],[135.4746012235716,34.84357118578992],[135.47477377835455,34.84346615627798],[135.47495804601678,34.843375513297694],[135.47515225196,34.84330012979052],[135.4753545258748,34.84324073174084],[135.4755629197528,34.843197891184346],[135.47577542664706,34.843172020699015],[135.47599,34.843163369431764],[135.47620457335293,34.843172020699015],[135.4764170802472,34.843197891184346],[135.4766254741252,34.84324073174084],[135.47682774804,34.84330012979052],[135.4770219539832,34.843375513297694],[135.47720622164545,34.84346615627798],[135.4773787764284,34.84357118578992],[135.47753795653512,34.84368959034191],[135.47768222897423,34.84382022963339],[135.47781020432328,34.843961845536555],[135.47792065010964,34.84411307421285],[135.47801250268003,34.844272459247456],[135.47808487744402,34.84443846567535],[135.47813707739306,34.8446094947639],[135.47816859981307,34.84478389940947],[135.47817914112593,34.84496]]]}},{"type":"Feature","properties":{"layer":"z17_default","buffer_m":500},"geometry":{"type":"Polygon","coordinates":[[[135.48249381939004,34.85949],[135.48246746145352,34.85993025147632],[135.48238864148533,34.860366263090256],[135.48225811856486,34.86079383581162],[135.48207714969914,34.861208851881365],[135.48184747771728,34.861607314467875],[135.48157131448605,34.861985386158615],[135.48125131960833,34.86233942591654],[135.4808905748097,34.86266602414522],[135.48049255425977,34.8629620355252],[135.48006109111404,34.863224609305064],[135.47960034059844,34.86345121675577],[135.47911473999233,34.8636396755237],[135.478608965895,34.863788170647894],[135.47808788918746,34.86389527203913],[135.4775565281233,34.86395994825246],[135.47702,34.8639815764206],[135.47648347187672,34.86395994825246],[135.47595211081256,34.86389527203913],[135.47543103410501,34.863788170647894],[135.4749252600077,34.8636396755237],[135.47443965940158,34.86345121675577],[135.47397890888598,34.863224609305064],[135.47354744574025,34.8629620355252],[135.47314942519031,34.86266602414522],[135.4727886803917,34.86233942591654],[135.47246868551397,34.861985386158615],[135.47219252228274,34.861607314467875],[135.47196285030088,34.861208851881365],[135.47178188143516,34.86079383581162],[135.4716513585147,34.860366263090256],[135.4715725385465,34.85993025147632],[135.47154618060998,34.85949],[135.4715725385465,34.85904974852368],[135.4716513585147,34.858613736909746],[135.47178188143516,34.85818616418838],[135.47196285030088,34.85777114811864],[135.47219252228274,34.85737268553213],[135.47246868551397,34.85699461384139],[135.4727886803917,34.856640574083464],[135.47314942519031,34.85631397585478],[135.47354744574025,34.8560179644748],[135.47397890888598,34.85575539069494],[135.47443965940158,34.85552878324423],[135.4749252600077,34.8553403244763],[135.47543103410501,34.85519182935211],[135.47595211081256,34.85508472796087],[135.47648347187672,34.855020051747545],[135.47702,34.8549984235794],[135.4775565281233,34.855020051747545],[135.47808788918746,34.85508472796087],[135.478608965895,34.85519182935211],[135.47911473999233,34.8553403244763],[135.47960034059844,34.85552878324423],[135.48006109111404,34.85575539069494],[135.48049255425977,34.8560179644748],[135.4808905748097,34.85631397585478],[135.48125131960833,34.856640574083464],[135.48157131448605,34.85699461384139],[135.48184747771728,34.85737268553213],[135.48207714969914,34.85777114811864],[135.48225811856486,34.85818616418838],[135.48238864148533,34.858613736909746],[135.48246746145352,34.85904974852368],[135.48249381939004,34.85949]]]}},{"type":"Feature","properties":{"layer":"z18_optional","buffer_m":200},"geometry":{"type":"Polygon","coordinates":[[[135.479209527756,34.85949],[135.47919898458142,34.85966610059053],[135.47916745659415,34.8598405052361],[135.47911524742594,34.86001153432465],[135.47904285987966,34.860177540752545],[135.47895099108692,34.86033692578715],[135.47884052579442,34.86048815446345],[135.47871252784333,34.860629770366614],[135.4785682299239,34.86076040965809],[135.47840902170392,34.86087881421008],[135.47823643644563,34.860983843722025],[135.4780521362394,34.86107448670231],[135.47785789599695,34.86114987020948],[135.477655586358,34.86120926825916],[135.47744715567498,34.861252108815656],[135.47723461124932,34.861277979300986],[135.47702,34.86128663056824],[135.4768053887507,34.861277979300986],[135.47659284432504,34.861252108815656],[135.47638441364202,34.86120926825916],[135.47618210400307,34.86114987020948],[135.47598786376062,34.86107448670231],[135.4758035635544,34.860983843722025],[135.4756309782961,34.86087881421008],[135.47547177007613,34.86076040965809],[135.4753274721567,34.860629770366614],[135.4751994742056,34.86048815446345],[135.4750890089131,34.86033692578715],[135.47499714012037,34.860177540752545],[135.47492475257408,34.86001153432465],[135.47487254340587,34.8598405052361],[135.4748410154186,34.85966610059053],[135.474830472244,34.85949],[135.4748410154186,34.85931389940947],[135.47487254340587,34.8591394947639],[135.47492475257408,34.85896846567535],[135.47499714012037,34.85880245924746],[135.4750890089131,34.85864307421285],[135.4751994742056,34.858491845536555],[135.4753274721567,34.85835022963339],[135.47547177007613,34.85821959034191],[135.4756309782961,34.85810118578992],[135.4758035635544,34.85799615627798],[135.47598786376062,34.857905513297695],[135.47618210400307,34.85783012979052],[135.47638441364202,34.85777073174084],[135.47659284432504,34.857727891184346],[135.4768053887507,34.857702020699016],[135.47702,34.857693369431765],[135.47723461124932,34.857702020699016],[135.47744715567498,34.857727891184346],[135.477655586358,34.85777073174084],[135.47785789599695,34.85783012979052],[135.4780521362394,34.857905513297695],[135.47823643644563,34.85799615627798],[135.47840902170392,34.85810118578992],[135.4785682299239,34.85821959034191],[135.47871252784333,34.85835022963339],[135.47884052579442,34.858491845536555],[135.47895099108692,34.85864307421285],[135.47904285987966,34.85880245924746],[135.47911524742594,34.85896846567535],[135.47916745659415,34.8591394947639],[135.47919898458142,34.85931389940947],[135.479209527756,34.85949]]]}},{"type":"Feature","properties":{"layer":"z17_default","buffer_m":500},"geometry":{"type":"Polygon","coordinates":[[[135.48123377946268,34.85889],[135.48120742171844,34.85933025147632],[135.48112860232516,34.85976626309026],[135.48099808035673,34.86019383581162],[135.48081711281105,34.860608851881366],[135.4805874425045,34.86100731446788],[135.48031128128767,34.86138538615862],[135.47999128874406,34.86173942591654],[135.47963054657677,34.86206602414522],[135.4792325289301,34.8623620355252],[135.47880106893157,34.862624609305065],[135.4783403217768,34.86285121675577],[135.47785472471278,34.8630396755237],[135.4773489543047,34.863188170647895],[135.47682788139804,34.86329527203913],[135.47629652420974,34.86335994825246],[135.47576,34.8633815764206],[135.47522347579027,34.86335994825246],[135.47469211860198,34.86329527203913],[135.47417104569533,34.863188170647895],[135.47366527528723,34.8630396755237],[135.4731796782232,34.86285121675577],[135.47271893106844,34.862624609305065],[135.4722874710699,34.8623620355252],[135.47188945342324,34.86206602414522],[135.47152871125596,34.86173942591654],[135.47120871871235,34.86138538615862],[135.47093255749553,34.86100731446788],[135.47070288718896,34.860608851881366],[135.4705219196433,34.86019383581162],[135.47039139767486,34.85976626309026],[135.47031257828158,34.85933025147632],[135.47028622053733,34.85889],[135.47031257828158,34.85844974852368],[135.47039139767486,34.85801373690975],[135.4705219196433,34.85758616418838],[135.47070288718896,34.85717114811864],[135.47093255749553,34.85677268553213],[135.47120871871235,34.85639461384139],[135.47152871125596,34.856040574083465],[135.47188945342324,34.85571397585478],[135.4722874710699,34.8554179644748],[135.47271893106844,34.85515539069494],[135.4731796782232,34.85492878324423],[135.47366527528723,34.8547403244763],[135.47417104569533,34.85459182935211],[135.47469211860198,34.85448472796087],[135.47522347579027,34.854420051747546],[135.47576,34.854398423579404],[135.47629652420974,34.854420051747546],[135.47682788139804,34.85448472796087],[135.4773489543047,34.85459182935211],[135.47785472471278,34.8547403244763],[135.4783403217768,34.85492878324423],[135.47880106893157,34.85515539069494],[135.4792325289301,34.8554179644748],[135.47963054657677,34.85571397585478],[135.47999128874406,34.856040574083465],[135.48031128128767,34.85639461384139],[135.4805874425045,34.85677268553213],[135.48081711281105,34.85717114811864],[135.48099808035673,34.85758616418838],[135.48112860232516,34.85801373690975],[135.48120742171844,34.85844974852368],[135.48123377946268,34.85889]]]}},{"type":"Feature","properties":{"layer":"z18_optional","buffer_m":200},"geometry":{"type":"Polygon","coordinates":[[[135.47794951178508,34.85889],[135.47793896868737,34.85906610059053],[135.47790744093007,34.8592405052361],[135.4778552321427,34.85941153432465],[135.47778284512444,34.85957754075255],[135.4776909770018,34.85973692578715],[135.47758051251506,34.85988815446345],[135.47745251549762,34.860029770366616],[135.47730821863072,34.86016040965809],[135.47714901157207,34.86027881421008],[135.47697642757265,34.860383843722026],[135.47679212871074,34.86047448670231],[135.4765978898851,34.86054987020948],[135.47639558172187,34.86060926825916],[135.47618715255922,34.86065210881566],[135.4759746096839,34.86067797930099],[135.47576,34.86068663056824],[135.4755453903161,34.86067797930099],[135.4753328474408,34.86065210881566],[135.47512441827814,34.86060926825916],[135.4749221101149,34.86054987020948],[135.47472787128928,34.86047448670231],[135.47454357242736,34.860383843722026],[135.47437098842795,34.86027881421008],[135.4742117813693,34.86016040965809],[135.4740674845024,34.860029770366616],[135.47393948748496,34.85988815446345],[135.47382902299822,34.85973692578715],[135.47373715487558,34.85957754075255],[135.47366476785731,34.85941153432465],[135.47361255906995,34.8592405052361],[135.47358103131265,34.85906610059053],[135.47357048821493,34.85889],[135.47358103131265,34.85871389940947],[135.47361255906995,34.8585394947639],[135.47366476785731,34.858368465675355],[135.47373715487558,34.85820245924746],[135.47382902299822,34.85804307421285],[135.47393948748496,34.85789184553656],[135.4740674845024,34.85775022963339],[135.4742117813693,34.85761959034191],[135.47437098842795,34.85750118578992],[135.47454357242736,34.85739615627798],[135.47472787128928,34.857305513297696],[135.4749221101149,34.85723012979052],[135.47512441827814,34.857170731740844],[135.4753328474408,34.85712789118435],[135.4755453903161,34.85710202069902],[135.47576,34.857093369431766],[135.4759746096839,34.85710202069902],[135.47618715255922,34.85712789118435],[135.47639558172187,34.857170731740844],[135.4765978898851,34.85723012979052],[135.47679212871074,34.857305513297696],[135.47697642757265,34.85739615627798],[135.47714901157207,34.85750118578992],[135.47730821863072,34.85761959034191],[135.47745251549762,34.85775022963339],[135.47758051251506,34.85789184553656],[135.4776909770018,34.85804307421285],[135.47778284512444,34.85820245924746],[135.4778552321427,34.858368465675355],[135.47790744093007,34.8585394947639],[135.47793896868737,34.85871389940947],[135.47794951178508,34.85889]]]}},{"type":"Feature","properties":{"layer":"z17_default","buffer_m":500},"geometry":{"type":"Polygon","coordinates":[[[135.48732330641351,34.85178],[135.48729695094713,34.85222025147632],[135.4872181383655,34.85265626309025],[135.4870876276769,34.85308383581162],[135.4869066757706,34.85349885188136],[135.48667702531236,34.85389731446787],[135.48640088796165,34.85427538615861],[135.4860809230721,34.854629425916535],[135.4857202120805,34.85495602414522],[135.4853222288309,34.8552520355252],[135.48489080611955,34.85551460930506],[135.48443009878298,34.85574121675577],[135.48394454368471,34.8559296755237],[135.48343881698577,34.85607817064789],[135.4829177891107,34.85618527203913],[135.4823864778428,34.856249948252454],[135.48185,34.856271576420596],[135.48131352215722,34.856249948252454],[135.48078221088932,34.85618527203913],[135.48026118301425,34.85607817064789],[135.4797554563153,34.8559296755237],[135.47926990121704,34.85574121675577],[135.47880919388047,34.85551460930506],[135.4783777711691,34.8552520355252],[135.4779797879195,34.85495602414522],[135.4776190769279,34.854629425916535],[135.47729911203837,34.85427538615861],[135.47702297468766,34.85389731446787],[135.47679332422942,34.85349885188136],[135.4766123723231,34.85308383581162],[135.4764818616345,34.85265626309025],[135.4764030490529,34.85222025147632],[135.4763766935865,34.85178],[135.4764030490529,34.85133974852368],[135.4764818616345,34.85090373690974],[135.4766123723231,34.85047616418838],[135.47679332422942,34.850061148118634],[135.47702297468766,34.849662685532124],[135.47729911203837,34.849284613841384],[135.4776190769279,34.84893057408346],[135.4779797879195,34.84860397585478],[135.4783777711691,34.8483079644748],[135.47880919388047,34.848045390694935],[135.47926990121704,34.84781878324423],[135.4797554563153,34.8476303244763],[135.48026118301425,34.847481829352105],[135.48078221088932,34.84737472796087],[135.48131352215722,34.84731005174754],[135.48185,34.8472884235794],[135.4823864778428,34.84731005174754],[135.4829177891107,34.84737472796087],[135.48343881698577,34.847481829352105],[135.48394454368471,34.8476303244763],[135.48443009878298,34.84781878324423],[135.48489080611955,34.848045390694935],[135.4853222288309,34.8483079644748],[135.4857202120805,34.84860397585478],[135.4860809230721,34.84893057408346],[135.48640088796165,34.849284613841384],[135.48667702531236,34.849662685532124],[135.4869066757706,34.850061148118634],[135.4870876276769,34.85047616418838],[135.4872181383655,34.85090373690974],[135.48729695094713,34.85133974852368],[135.48732330641351,34.85178]]]}},{"type":"Feature","properties":{"layer":"z18_optional","buffer_m":200},"geometry":{"type":"Polygon","coordinates":[[[135.4840393225654,34.85178],[135.48402878037885,34.85195610059053],[135.4839972553462,34.8521305052361],[135.48394505107078,34.852301534324646],[135.48387267030824,34.85246754075254],[135.48378081012495,34.85262692578715],[135.48367035518467,34.852778154463444],[135.48354236922884,34.85291977036661],[135.4833980848322,34.85305040965809],[135.48323889153235,34.85316881421008],[135.48306632244783,34.85327384372202],[135.48288203951319,34.853364486702304],[135.4826878174739,34.85343987020948],[135.4824855267943,34.85349926825916],[135.48227711564428,34.85354210881565],[135.48206459113712,34.85356797930098],[135.48185,34.853576630568234],[135.4816354088629,34.85356797930098],[135.48142288435574,34.85354210881565],[135.4812144732057,34.85349926825916],[135.48101218252611,34.85343987020948],[135.48081796048683,34.853364486702304],[135.4806336775522,34.85327384372202],[135.48046110846767,34.85316881421008],[135.48030191516781,34.85305040965809],[135.48015763077117,34.85291977036661],[135.48002964481535,34.852778154463444],[135.47991918987506,34.85262692578715],[135.47982732969177,34.85246754075254],[135.47975494892924,34.852301534324646],[135.47970274465382,34.8521305052361],[135.47967121962117,34.85195610059053],[135.47966067743462,34.85178],[135.47967121962117,34.85160389940947],[135.47970274465382,34.8514294947639],[135.47975494892924,34.85125846567535],[135.47982732969177,34.851092459247454],[135.47991918987506,34.85093307421285],[135.48002964481535,34.85078184553655],[135.48015763077117,34.850640229633385],[135.48030191516781,34.85050959034191],[135.48046110846767,34.85039118578992],[135.4806336775522,34.850286156277974],[135.48081796048683,34.85019551329769],[135.48101218252611,34.85012012979052],[135.4812144732057,34.85006073174084],[135.48142288435574,34.85001789118434],[135.4816354088629,34.84999202069901],[135.48185,34.84998336943176],[135.48206459113712,34.84999202069901],[135.48227711564428,34.85001789118434],[135.4824855267943,34.85006073174084],[135.4826878174739,34.85012012979052],[135.48288203951319,34.85019551329769],[135.48306632244783,34.850286156277974],[135.48323889153235,34.85039118578992],[135.4833980848322,34.85050959034191],[135.48354236922884,34.850640229633385],[135.48367035518467,34.85078184553655],[135.48378081012495,34.85093307421285],[135.48387267030824,34.851092459247454],[135.48394505107078,34.85125846567535],[135.4839972553462,34.8514294947639],[135.48402878037885,34.85160389940947],[135.4840393225654,34.85178]]]}},{"type":"Feature","properties":{"layer":"z17_default","buffer_m":500},"geometry":{"type":"Polygon","coordinates":[[[135.48279330574826,34.85177],[135.48276695028508,34.85221025147632],[135.48268813771304,34.85264626309026],[135.4825576270403,34.85307383581162],[135.48237667515602,34.853488851881366],[135.4821470247257,34.853887314467876],[135.48187088740852,34.854265386158616],[135.48155092255786,34.85461942591654],[135.4811902116101,34.85494602414522],[135.4807922284089,34.8552420355252],[135.48036080574994,34.855504609305065],[135.4799000984694,34.85573121675577],[135.47941454343012,34.8559196755237],[135.47890881679265,34.856068170647895],[135.4783877889809,34.85617527203913],[135.47785647777758,34.85623994825246],[135.47732,34.8562615764206],[135.4767835222224,34.85623994825246],[135.47625221101907,34.85617527203913],[135.47573118320733,34.856068170647895],[135.47522545656986,34.8559196755237],[135.4747399015306,34.85573121675577],[135.47427919425004,34.855504609305065],[135.4738477715911,34.8552420355252],[135.47344978838987,34.85494602414522],[135.47308907744213,34.85461942591654],[135.47276911259146,34.854265386158616],[135.4724929752743,34.853887314467876],[135.47226332484396,34.853488851881366],[135.47208237295968,34.85307383581162],[135.47195186228694,34.85264626309026],[135.4718730497149,34.85221025147632],[135.47184669425172,34.85177],[135.4718730497149,34.85132974852368],[135.47195186228694,34.85089373690975],[135.47208237295968,34.85046616418838],[135.47226332484396,34.85005114811864],[135.4724929752743,34.84965268553213],[135.47276911259146,34.84927461384139],[135.47308907744213,34.848920574083465],[135.47344978838987,34.84859397585478],[135.4738477715911,34.8482979644748],[135.47427919425004,34.84803539069494],[135.4747399015306,34.84780878324423],[135.47522545656986,34.8476203244763],[135.47573118320733,34.84747182935211],[135.47625221101907,34.84736472796087],[135.4767835222224,34.847300051747546],[135.47732,34.847278423579404],[135.47785647777758,34.847300051747546],[135.4783877889809,34.84736472796087],[135.47890881679265,34.84747182935211],[135.47941454343012,34.8476203244763],[135.4799000984694,34.84780878324423],[135.48036080574994,34.84803539069494],[135.4807922284089,34.8482979644748],[135.4811902116101,34.84859397585478],[135.48155092255786,34.848920574083465],[135.48187088740852,34.84927461384139],[135.4821470247257,34.84965268553213],[135.48237667515602,34.85005114811864],[135.4825576270403,34.85046616418838],[135.48268813771304,34.85089373690975],[135.48276695028508,34.85132974852368],[135.48279330574826,34.85177]]]}},{"type":"Feature","properties":{"layer":"z18_optional","buffer_m":200},"geometry":{"type":"Polygon","coordinates":[[[135.4795093222993,34.85177],[135.47949878011403,34.85194610059053],[135.4794672550852,34.8521205052361],[135.47941505081613,34.85229153432465],[135.4793426700624,34.852457540752546],[135.47925080989026,34.85261692578715],[135.47914035496342,34.85276815446345],[135.47901236902314,34.852909770366615],[135.47886808464403,34.85304040965809],[135.47870889136354,34.85315881421008],[135.4785363223,34.853263843722026],[135.47835203938774,34.85335448670231],[135.47815781737205,34.85342987020948],[135.47795552671704,34.85348926825916],[135.47774711559236,34.853532108815656],[135.47753459111104,34.85355797930099],[135.47732,34.85356663056824],[135.47710540888895,34.85355797930099],[135.47689288440762,34.853532108815656],[135.47668447328294,34.85348926825916],[135.47648218262793,34.85342987020948],[135.47628796061224,34.85335448670231],[135.4761036777,34.853263843722026],[135.47593110863644,34.85315881421008],[135.47577191535595,34.85304040965809],[135.47562763097685,34.852909770366615],[135.47549964503656,34.85276815446345],[135.47538919010972,34.85261692578715],[135.47529732993758,34.852457540752546],[135.47522494918385,34.85229153432465],[135.47517274491477,34.8521205052361],[135.47514121988596,34.85194610059053],[135.4751306777007,34.85177],[135.47514121988596,34.85159389940947],[135.47517274491477,34.8514194947639],[135.47522494918385,34.851248465675354],[135.47529732993758,34.85108245924746],[135.47538919010972,34.85092307421285],[135.47549964503656,34.850771845536556],[135.47562763097685,34.85063022963339],[135.47577191535595,34.85049959034191],[135.47593110863644,34.85038118578992],[135.4761036777,34.85027615627798],[135.47628796061224,34.850185513297696],[135.47648218262793,34.85011012979052],[135.47668447328294,34.85005073174084],[135.47689288440762,34.85000789118435],[135.47710540888895,34.84998202069902],[135.47732,34.849973369431765],[135.47753459111104,34.84998202069902],[135.47774711559236,34.85000789118435],[135.47795552671704,34.85005073174084],[135.47815781737205,34.85011012979052],[135.47835203938774,34.850185513297696],[135.4785363223,34.85027615627798],[135.47870889136354,34.85038118578992],[135.47886808464403,34.85049959034191],[135.47901236902314,34.85063022963339],[135.47914035496342,34.850771845536556],[135.47925080989026,34.85092307421285],[135.4793426700624,34.85108245924746],[135.47941505081613,34.851248465675354],[135.4794672550852,34.8514194947639],[135.47949878011403,34.85159389940947],[135.4795093222993,34.85177]]]}},{"type":"Feature","properties":{"layer":"z17_default","buffer_m":500},"geometry":{"type":"Polygon","coordinates":[[[135.4862234334751,34.85369],[135.48619707739687,34.85413025147632],[135.48611826298563,34.854566263090256],[135.48598774926725,34.85499383581162],[135.4858067931602,34.855408851881364],[135.48557713737068,34.855807314467874],[135.48530099360948,34.856185386158614],[135.48498102129204,34.85653942591654],[135.4846203019266,34.85686602414522],[135.4842223094379,34.8571620355252],[135.48379087671117,34.85742460930506],[135.4833301586794,34.85765121675577],[135.48284459230908,34.8578396755237],[135.48233885386978,34.85798817064789],[135.4818178138992,34.85809527203913],[135.481286490297,34.85815994825246],[135.48075,34.8581815764206],[135.480213509703,34.85815994825246],[135.4796821861008,34.85809527203913],[135.47916114613022,34.85798817064789],[135.47865540769092,34.8578396755237],[135.4781698413206,34.85765121675577],[135.47770912328883,34.85742460930506],[135.4772776905621,34.8571620355252],[135.4768796980734,34.85686602414522],[135.47651897870796,34.85653942591654],[135.47619900639052,34.856185386158614],[135.47592286262932,34.855807314467874],[135.4756932068398,34.855408851881364],[135.47551225073275,34.85499383581162],[135.47538173701437,34.854566263090256],[135.47530292260313,34.85413025147632],[135.4752765665249,34.85369],[135.47530292260313,34.85324974852368],[135.47538173701437,34.852813736909745],[135.47551225073275,34.85238616418838],[135.4756932068398,34.851971148118636],[135.47592286262932,34.851572685532126],[135.47619900639052,34.851194613841386],[135.47651897870796,34.85084057408346],[135.4768796980734,34.85051397585478],[135.4772776905621,34.8502179644748],[135.47770912328883,34.84995539069494],[135.4781698413206,34.84972878324423],[135.47865540769092,34.8495403244763],[135.47916114613022,34.84939182935211],[135.4796821861008,34.84928472796087],[135.480213509703,34.849220051747544],[135.48075,34.8491984235794],[135.481286490297,34.849220051747544],[135.4818178138992,34.84928472796087],[135.48233885386978,34.84939182935211],[135.48284459230908,34.8495403244763],[135.4833301586794,34.84972878324423],[135.48379087671117,34.84995539069494],[135.4842223094379,34.8502179644748],[135.4846203019266,34.85051397585478],[135.48498102129204,34.85084057408346],[135.48530099360948,34.851194613841386],[135.48557713737068,34.851572685532126],[135.4858067931602,34.851971148118636],[135.48598774926725,34.85238616418838],[135.48611826298563,34.852813736909745],[135.48619707739687,34.85324974852368],[135.4862234334751,34.85369]]]}},{"type":"Feature","properties":{"layer":"z18_optional","buffer_m":200},"geometry":{"type":"Polygon","coordinates":[[[135.48293937339002,34.85369],[135.48292883095874,34.85386610059053],[135.48289730519426,34.8540405052361],[135.4828450997069,34.85421153432465],[135.48277271726408,34.854377540752544],[135.48268085494828,34.85453692578715],[135.4825703974438,34.854688154463446],[135.48244240851682,34.854829770366614],[135.48229812077065,34.85496040965809],[135.48213892377515,34.85507881421008],[135.48196635068447,34.855183843722024],[135.48178206347177,34.85527448670231],[135.48158783692364,34.85534987020948],[135.48138554154792,34.85540926825916],[135.48117712555967,34.855452108815655],[135.4809645961188,34.855477979300986],[135.48075,34.85548663056824],[135.4805354038812,34.855477979300986],[135.48032287444033,34.855452108815655],[135.48011445845208,34.85540926825916],[135.47991216307636,34.85534987020948],[135.47971793652823,34.85527448670231],[135.47953364931553,34.855183843722024],[135.47936107622485,34.85507881421008],[135.47920187922935,34.85496040965809],[135.47905759148318,34.854829770366614],[135.4789296025562,34.854688154463446],[135.47881914505172,34.85453692578715],[135.47872728273592,34.854377540752544],[135.4786549002931,34.85421153432465],[135.47860269480574,34.8540405052361],[135.47857116904126,34.85386610059053],[135.47856062660998,34.85369],[135.47857116904126,34.85351389940947],[135.47860269480574,34.8533394947639],[135.4786549002931,34.85316846567535],[135.47872728273592,34.853002459247456],[135.47881914505172,34.85284307421285],[135.4789296025562,34.852691845536555],[135.47905759148318,34.85255022963339],[135.47920187922935,34.85241959034191],[135.47936107622485,34.85230118578992],[135.47953364931553,34.85219615627798],[135.47971793652823,34.852105513297694],[135.47991216307636,34.85203012979052],[135.48011445845208,34.85197073174084],[135.48032287444033,34.851927891184346],[135.4805354038812,34.851902020699015],[135.48075,34.851893369431764],[135.4809645961188,34.851902020699015],[135.48117712555967,34.851927891184346],[135.48138554154792,34.85197073174084],[135.48158783692364,34.85203012979052],[135.48178206347177,34.852105513297694],[135.48196635068447,34.85219615627798],[135.48213892377515,34.85230118578992],[135.48229812077065,34.85241959034191],[135.48244240851682,34.85255022963339],[135.4825703974438,34.852691845536555],[135.48268085494828,34.85284307421285],[135.48277271726408,34.853002459247456],[135.4828450997069,34.85316846567535],[135.48289730519426,34.8533394947639],[135.48292883095874,34.85351389940947],[135.48293937339002,34.85369]]]}},{"type":"Feature","properties":{"layer":"z17_default","buffer_m":500},"geometry":{"type":"Polygon","coordinates":[[[135.48510330840912,34.85181],[135.48507695293313,34.85225025147632],[135.48499814032277,34.852686263090256],[135.48486762958657,34.85311383581162],[135.4846866776143,34.853528851881364],[135.48445702707232,34.853927314467875],[135.48418088962094,34.854305386158615],[135.48386092461473,34.85465942591654],[135.4835002134916,34.85498602414522],[135.4831022300969,34.8552820355252],[135.48267080722823,34.85554460930506],[135.4822100997237,34.85577121675577],[135.48172454444838,34.8559596755237],[135.48121881756504,34.85610817064789],[135.48069778950003,34.85621527203913],[135.4801664780384,34.85627994825246],[135.47963,34.8563015764206],[135.47909352196157,34.85627994825246],[135.47856221049994,34.85621527203913],[135.47804118243494,34.85610817064789],[135.4775354555516,34.8559596755237],[135.47704990027628,34.85577121675577],[135.47658919277174,34.85554460930506],[135.47615776990307,34.8552820355252],[135.47575978650838,34.85498602414522],[135.47539907538524,34.85465942591654],[135.47507911037903,34.854305386158615],[135.47480297292765,34.853927314467875],[135.47457332238568,34.853528851881364],[135.4743923704134,34.85311383581162],[135.4742618596772,34.852686263090256],[135.47418304706684,34.85225025147632],[135.47415669159085,34.85181],[135.47418304706684,34.85136974852368],[135.4742618596772,34.850933736909745],[135.4743923704134,34.85050616418838],[135.47457332238568,34.850091148118636],[135.47480297292765,34.849692685532126],[135.47507911037903,34.849314613841386],[135.47539907538524,34.84896057408346],[135.47575978650838,34.84863397585478],[135.47615776990307,34.8483379644748],[135.47658919277174,34.84807539069494],[135.47704990027628,34.84784878324423],[135.4775354555516,34.8476603244763],[135.47804118243494,34.84751182935211],[135.47856221049994,34.84740472796087],[135.47909352196157,34.847340051747544],[135.47963,34.8473184235794],[135.4801664780384,34.847340051747544],[135.48069778950003,34.84740472796087],[135.48121881756504,34.84751182935211],[135.48172454444838,34.8476603244763],[135.4822100997237,34.84784878324423],[135.48267080722823,34.84807539069494],[135.4831022300969,34.8483379644748],[135.4835002134916,34.84863397585478],[135.48386092461473,34.84896057408346],[135.48418088962094,34.849314613841386],[135.48445702707232,34.849692685532126],[135.4846866776143,34.850091148118636],[135.48486762958657,34.85050616418838],[135.48499814032277,34.850933736909745],[135.48507695293313,34.85136974852368],[135.48510330840912,34.85181]]]}},{"type":"Feature","properties":{"layer":"z18_optional","buffer_m":200},"geometry":{"type":"Polygon","coordinates":[[[135.48181932336365,34.85181],[135.48180878117324,34.85198610059053],[135.4817772561291,34.8521605052361],[135.48172505183462,34.85233153432465],[135.4816526710457,34.852497540752545],[135.48156081082894,34.85265692578715],[135.48145035584838,34.852808154463446],[135.48132236984588,34.852949770366614],[135.48117808539664,34.85308040965809],[135.48101889203875,34.85319881421008],[135.4808463228913,34.853303843722024],[135.48066203988947,34.85339448670231],[135.48046781777936,34.85346987020948],[135.480265527026,34.85352926825916],[135.4800571158,34.853572108815655],[135.47984459121534,34.853597979300986],[135.47963,34.85360663056824],[135.47941540878463,34.853597979300986],[135.47920288419996,34.853572108815655],[135.47899447297397,34.85352926825916],[135.47879218222062,34.85346987020948],[135.4785979601105,34.85339448670231],[135.47841367710868,34.853303843722024],[135.47824110796122,34.85319881421008],[135.47808191460334,34.85308040965809],[135.4779376301541,34.852949770366614],[135.4778096441516,34.852808154463446],[135.47769918917103,34.85265692578715],[135.47760732895426,34.852497540752545],[135.47753494816536,34.85233153432465],[135.47748274387087,34.8521605052361],[135.47745121882673,34.85198610059053],[135.47744067663632,34.85181],[135.47745121882673,34.85163389940947],[135.47748274387087,34.8514594947639],[135.47753494816536,34.85128846567535],[135.47760732895426,34.851122459247456],[135.47769918917103,34.85096307421285],[135.4778096441516,34.850811845536555],[135.4779376301541,34.85067022963339],[135.47808191460334,34.85053959034191],[135.47824110796122,34.85042118578992],[135.47841367710868,34.85031615627798],[135.4785979601105,34.850225513297694],[135.47879218222062,34.85015012979052],[135.47899447297397,34.85009073174084],[135.47920288419996,34.850047891184346],[135.47941540878463,34.850022020699015],[135.47963,34.850013369431764],[135.47984459121534,34.850022020699015],[135.4800571158,34.850047891184346],[135.480265527026,34.85009073174084],[135.48046781777936,34.85015012979052],[135.48066203988947,34.850225513297694],[135.4808463228913,34.85031615627798],[135.48101889203875,34.85042118578992],[135.48117808539664,34.85053959034191],[135.48132236984588,34.85067022963339],[135.48145035584838,34.850811845536555],[135.48156081082894,34.85096307421285],[135.4816526710457,34.851122459247456],[135.48172505183462,34.85128846567535],[135.4817772561291,34.8514594947639],[135.48180878117324,34.85163389940947],[135.48181932336365,34.85181]]]}},{"type":"Feature","properties":{"layer":"z17_default","buffer_m":500},"geometry":{"type":"Polygon","coordinates":[[[135.483663142116,34.84931],[135.48363678744076,34.84975025147632],[135.48355797722493,34.85018626309026],[135.48342747045402,34.85061383581162],[135.48324652397952,34.85102885188137],[135.4830168804149,34.85142731446788],[135.48274075135328,34.85180538615862],[135.48242079606842,34.85215942591654],[135.48206009590464,34.85248602414522],[135.48166212460168,34.8527820355252],[135.48123071484073,34.853044609305066],[135.48077002133368,34.85327121675577],[135.48028448081078,34.8534596755237],[135.47977876929272,34.853608170647895],[135.47925775705787,34.85371527203913],[135.47872646173883,34.85377994825246],[135.47819,34.8538015764206],[135.4776535382612,34.85377994825246],[135.47712224294216,34.85371527203913],[135.4766012307073,34.853608170647895],[135.47609551918924,34.8534596755237],[135.47560997866634,34.85327121675577],[135.4751492851593,34.853044609305066],[135.47471787539834,34.8527820355252],[135.47431990409538,34.85248602414522],[135.4739592039316,34.85215942591654],[135.47363924864675,34.85180538615862],[135.47336311958512,34.85142731446788],[135.4731334760205,34.85102885188137],[135.472952529546,34.85061383581162],[135.4728220227751,34.85018626309026],[135.47274321255927,34.84975025147632],[135.47271685788402,34.84931],[135.47274321255927,34.84886974852368],[135.4728220227751,34.84843373690975],[135.472952529546,34.848006164188384],[135.4731334760205,34.84759114811864],[135.47336311958512,34.84719268553213],[135.47363924864675,34.84681461384139],[135.4739592039316,34.846460574083466],[135.47431990409538,34.846133975854784],[135.47471787539834,34.8458379644748],[135.4751492851593,34.84557539069494],[135.47560997866634,34.84534878324423],[135.47609551918924,34.8451603244763],[135.4766012307073,34.84501182935211],[135.47712224294216,34.84490472796087],[135.4776535382612,34.844840051747546],[135.47819,34.844818423579405],[135.47872646173883,34.844840051747546],[135.47925775705787,34.84490472796087],[135.47977876929272,34.84501182935211],[135.48028448081078,34.8451603244763],[135.48077002133368,34.84534878324423],[135.48123071484073,34.84557539069494],[135.48166212460168,34.8458379644748],[135.48206009590464,34.846133975854784],[135.48242079606842,34.846460574083466],[135.48274075135328,34.84681461384139],[135.4830168804149,34.84719268553213],[135.48324652397952,34.84759114811864],[135.48342747045402,34.848006164188384],[135.48355797722493,34.84843373690975],[135.48363678744076,34.84886974852368],[135.483663142116,34.84931]]]}},{"type":"Feature","properties":{"layer":"z18_optional","buffer_m":200},"geometry":{"type":"Polygon","coordinates":[[[135.48037925684642,34.84931],[135.48036871497632,34.84948610059053],[135.48033719088997,34.8496605052361],[135.4802849881816,34.84983153432465],[135.4802126095918,34.84999754075255],[135.48012075216596,34.850156925787154],[135.48001030054132,34.85030815446345],[135.47988231842737,34.850449770366616],[135.47973803836186,34.85058040965809],[135.47957884984066,34.850698814210084],[135.4794062859363,34.850803843722026],[135.47922200853347,34.85089448670231],[135.47902779232433,34.85096987020948],[135.4788255077171,34.85102926825916],[135.47861710282316,34.85107210881566],[135.47840458469554,34.85109797930099],[135.47819,34.85110663056824],[135.47797541530448,34.85109797930099],[135.47776289717686,34.85107210881566],[135.47755449228293,34.85102926825916],[135.4773522076757,34.85096987020948],[135.47715799146656,34.85089448670231],[135.47697371406372,34.850803843722026],[135.47680115015936,34.850698814210084],[135.47664196163817,34.85058040965809],[135.47649768157265,34.850449770366616],[135.4763696994587,34.85030815446345],[135.47625924783407,34.850156925787154],[135.47616739040822,34.84999754075255],[135.47609501181842,34.84983153432465],[135.47604280911006,34.8496605052361],[135.4760112850237,34.84948610059053],[135.4760007431536,34.84931],[135.4760112850237,34.84913389940947],[135.47604280911006,34.8489594947639],[135.47609501181842,34.848788465675355],[135.47616739040822,34.84862245924746],[135.47625924783407,34.84846307421285],[135.4763696994587,34.84831184553656],[135.47649768157265,34.84817022963339],[135.47664196163817,34.84803959034191],[135.47680115015936,34.84792118578992],[135.47697371406372,34.84781615627798],[135.47715799146656,34.847725513297696],[135.4773522076757,34.84765012979052],[135.47755449228293,34.847590731740844],[135.47776289717686,34.84754789118435],[135.47797541530448,34.84752202069902],[135.47819,34.847513369431766],[135.47840458469554,34.84752202069902],[135.47861710282316,34.84754789118435],[135.4788255077171,34.847590731740844],[135.47902779232433,34.84765012979052],[135.47922200853347,34.847725513297696],[135.4794062859363,34.84781615627798],[135.47957884984066,34.84792118578992],[135.47973803836186,34.84803959034191],[135.47988231842737,34.84817022963339],[135.48001030054132,34.84831184553656],[135.48012075216596,34.84846307421285],[135.4802126095918,34.84862245924746],[135.4802849881816,34.848788465675355],[135.48033719088997,34.8489594947639],[135.48036871497632,34.84913389940947],[135.48037925684642,34.84931]]]}},{"type":"Feature","properties":{"layer":"z17_default","buffer_m":500},"geometry":{"type":"Polygon","coordinates":[[[135.48182308957163,34.84852],[135.4817967351494,34.84896025147632],[135.4817179256902,34.849396263090256],[135.48158742017216,34.84982383581162],[135.48140647543482,34.850238851881365],[135.48117683407492,34.850637314467875],[135.48090070766423,34.851015386158615],[135.48058075545106,34.85136942591654],[135.48022005875015,34.85169602414522],[135.47982209126786,34.8519920355252],[135.47939068564864,34.852254609305064],[135.47892999656443,34.85248121675577],[135.47844446070292,34.8526696755237],[135.47793875403988,34.85281817064789],[135.47741774680696,34.85292527203913],[135.47688645658857,34.85298994825246],[135.47635,34.8530115764206],[135.47581354341142,34.85298994825246],[135.47528225319303,34.85292527203913],[135.4747612459601,34.85281817064789],[135.47425553929708,34.8526696755237],[135.47377000343556,34.85248121675577],[135.47330931435135,34.852254609305064],[135.47287790873213,34.8519920355252],[135.47247994124984,34.85169602414522],[135.47211924454894,34.85136942591654],[135.47179929233576,34.851015386158615],[135.47152316592508,34.850637314467875],[135.47129352456517,34.850238851881365],[135.47111257982783,34.84982383581162],[135.4709820743098,34.849396263090256],[135.4709032648506,34.84896025147632],[135.47087691042836,34.84852],[135.4709032648506,34.84807974852368],[135.4709820743098,34.847643736909745],[135.47111257982783,34.84721616418838],[135.47129352456517,34.84680114811864],[135.47152316592508,34.84640268553213],[135.47179929233576,34.84602461384139],[135.47211924454894,34.845670574083464],[135.47247994124984,34.84534397585478],[135.47287790873213,34.8450479644748],[135.47330931435135,34.84478539069494],[135.47377000343556,34.84455878324423],[135.47425553929708,34.8443703244763],[135.4747612459601,34.84422182935211],[135.47528225319303,34.84411472796087],[135.47581354341142,34.844050051747544],[135.47635,34.8440284235794],[135.47688645658857,34.844050051747544],[135.47741774680696,34.84411472796087],[135.47793875403988,34.84422182935211],[135.47844446070292,34.8443703244763],[135.47892999656443,34.84455878324423],[135.47939068564864,34.84478539069494],[135.47982209126786,34.8450479644748],[135.48022005875015,34.84534397585478],[135.48058075545106,34.845670574083464],[135.48090070766423,34.84602461384139],[135.48117683407492,34.84640268553213],[135.48140647543482,34.84680114811864],[135.48158742017216,34.84721616418838],[135.4817179256902,34.847643736909745],[135.4817967351494,34.84807974852368],[135.48182308957163,34.84852]]]}},{"type":"Feature","properties":{"layer":"z18_optional","buffer_m":200},"geometry":{"type":"Polygon","coordinates":[[[135.47853923582866,34.84852],[135.47852869405975,34.84869610059053],[135.47849717027609,34.8488705052361],[135.47844496806886,34.84904153432465],[135.47837259017393,34.849207540752545],[135.47828073362996,34.84936692578715],[135.47817028306568,34.849518154463446],[135.47804230218043,34.849659770366614],[135.47789802350005,34.84979040965809],[135.47773883650714,34.84990881421008],[135.47756627425946,34.850013843722024],[135.47738199862576,34.85010448670231],[135.47718778428117,34.85017987020948],[135.47698550161596,34.85023926825916],[135.47677709872278,34.850282108815655],[135.47656458263543,34.850307979300986],[135.47635,34.85031663056824],[135.47613541736456,34.850307979300986],[135.47592290127722,34.850282108815655],[135.47571449838404,34.85023926825916],[135.47551221571882,34.85017987020948],[135.47531800137423,34.85010448670231],[135.47513372574053,34.850013843722024],[135.47496116349285,34.84990881421008],[135.47480197649995,34.84979040965809],[135.47465769781957,34.849659770366614],[135.4745297169343,34.849518154463446],[135.47441926637003,34.84936692578715],[135.47432740982606,34.849207540752545],[135.47425503193114,34.84904153432465],[135.4742028297239,34.8488705052361],[135.47417130594025,34.84869610059053],[135.47416076417133,34.84852],[135.47417130594025,34.84834389940947],[135.4742028297239,34.8481694947639],[135.47425503193114,34.84799846567535],[135.47432740982606,34.847832459247456],[135.47441926637003,34.84767307421285],[135.4745297169343,34.847521845536555],[135.47465769781957,34.84738022963339],[135.47480197649995,34.84724959034191],[135.47496116349285,34.84713118578992],[135.47513372574053,34.84702615627798],[135.47531800137423,34.846935513297694],[135.47551221571882,34.84686012979052],[135.47571449838404,34.84680073174084],[135.47592290127722,34.846757891184346],[135.47613541736456,34.846732020699015],[135.47635,34.846723369431764],[135.47656458263543,34.846732020699015],[135.47677709872278,34.846757891184346],[135.47698550161596,34.84680073174084],[135.47718778428117,34.84686012979052],[135.47738199862576,34.846935513297694],[135.47756627425946,34.84702615627798],[135.47773883650714,34.84713118578992],[135.47789802350005,34.84724959034191],[135.47804230218043,34.84738022963339],[135.47817028306568,34.847521845536555],[135.47828073362996,34.84767307421285],[135.47837259017393,34.847832459247456],[135.47844496806886,34.84799846567535],[135.47849717027609,34.8481694947639],[135.47852869405975,34.84834389940947],[135.47853923582866,34.84852]]]}},{"type":"Feature","properties":{"layer":"z17_default","buffer_m":500},"geometry":{"type":"Polygon","coordinates":[[[135.50486318002902,34.84988],[135.50483682517122,34.85032025147632],[135.50475801440948,34.850756263090254],[135.5046275067345,34.85118383581162],[135.50444655900657,34.85159885188136],[135.50421691385122,34.85199731446787],[135.5039407828768,34.85237538615861],[135.50362082537558,34.852729425916536],[135.5032601227132,34.85305602414522],[135.50286214865343,34.8533520355252],[135.50243073590408,34.85361460930506],[135.50197003920576,34.85384121675577],[135.50148449531946,34.8540296755237],[135.50097878029828,34.85417817064789],[135.50045776445432,34.85428527203913],[135.49992646545496,34.854349948252455],[135.49939,34.8543715764206],[135.49885353454505,34.854349948252455],[135.4983222355457,34.85428527203913],[135.49780121970173,34.85417817064789],[135.49729550468055,34.8540296755237],[135.49680996079425,34.85384121675577],[135.49634926409593,34.85361460930506],[135.49591785134658,34.8533520355252],[135.49551987728682,34.85305602414522],[135.49515917462443,34.852729425916536],[135.4948392171232,34.85237538615861],[135.4945630861488,34.85199731446787],[135.49433344099344,34.85159885188136],[135.49415249326552,34.85118383581162],[135.49402198559054,34.850756263090254],[135.4939431748288,34.85032025147632],[135.493916819971,34.84988],[135.4939431748288,34.84943974852368],[135.49402198559054,34.849003736909744],[135.49415249326552,34.84857616418838],[135.49433344099344,34.848161148118635],[135.4945630861488,34.847762685532125],[135.4948392171232,34.847384613841385],[135.49515917462443,34.84703057408346],[135.49551987728682,34.84670397585478],[135.49591785134658,34.8464079644748],[135.49634926409593,34.846145390694936],[135.49680996079425,34.84591878324423],[135.49729550468055,34.8457303244763],[135.49780121970173,34.845581829352106],[135.4983222355457,34.84547472796087],[135.49885353454505,34.84541005174754],[135.49939,34.8453884235794],[135.49992646545496,34.84541005174754],[135.50045776445432,34.84547472796087],[135.50097878029828,34.845581829352106],[135.50148449531946,34.8457303244763],[135.50197003920576,34.84591878324423],[135.50243073590408,34.846145390694936],[135.50286214865343,34.8464079644748],[135.5032601227132,34.84670397585478],[135.50362082537558,34.84703057408346],[135.5039407828768,34.847384613841385],[135.50421691385122,34.847762685532125],[135.50444655900657,34.848161148118635],[135.5046275067345,34.84857616418838],[135.50475801440948,34.849003736909744],[135.50483682517122,34.84943974852368],[135.50486318002902,34.84988]]]}},{"type":"Feature","properties":{"layer":"z18_optional","buffer_m":200},"geometry":{"type":"Polygon","coordinates":[[[135.5015792720116,34.84988],[135.5015687300685,34.85005610059053],[135.50153720576378,34.8502305052361],[135.5014850026938,34.85040153432465],[135.50141262360262,34.85056754075254],[135.5013207655405,34.85072692578715],[135.50121031315072,34.850878154463445],[135.50108233015024,34.85101977036661],[135.50093804908528,34.85115040965809],[135.50077885946138,34.85126881421008],[135.50060629436163,34.85137384372202],[135.5004220156823,34.851464486702305],[135.50022779812778,34.85153987020948],[135.50002551211932,34.85159926825916],[135.49981710578174,34.85164210881565],[135.499604586182,34.851667979300984],[135.49939,34.851676630568235],[135.49917541381802,34.851667979300984],[135.49896289421827,34.85164210881565],[135.4987544878807,34.85159926825916],[135.49855220187223,34.85153987020948],[135.49835798431772,34.851464486702305],[135.49817370563838,34.85137384372202],[135.49800114053863,34.85126881421008],[135.49784195091473,34.85115040965809],[135.49769766984977,34.85101977036661],[135.4975696868493,34.850878154463445],[135.4974592344595,34.85072692578715],[135.4973673763974,34.85056754075254],[135.4972949973062,34.85040153432465],[135.49724279423623,34.8502305052361],[135.4972112699315,34.85005610059053],[135.4972007279884,34.84988],[135.4972112699315,34.84970389940947],[135.49724279423623,34.8495294947639],[135.4972949973062,34.84935846567535],[135.4973673763974,34.849192459247455],[135.4974592344595,34.84903307421285],[135.4975696868493,34.84888184553655],[135.49769766984977,34.848740229633385],[135.49784195091473,34.84860959034191],[135.49800114053863,34.84849118578992],[135.49817370563838,34.848386156277975],[135.49835798431772,34.84829551329769],[135.49855220187223,34.84822012979052],[135.4987544878807,34.84816073174084],[135.49896289421827,34.848117891184344],[135.49917541381802,34.84809202069901],[135.49939,34.84808336943176],[135.499604586182,34.84809202069901],[135.49981710578174,34.848117891184344],[135.50002551211932,34.84816073174084],[135.50022779812778,34.84822012979052],[135.5004220156823,34.84829551329769],[135.50060629436163,34.848386156277975],[135.50077885946138,34.84849118578992],[135.50093804908528,34.84860959034191],[135.50108233015024,34.848740229633385],[135.50121031315072,34.84888184553655],[135.5013207655405,34.84903307421285],[135.50141262360262,34.849192459247455],[135.5014850026938,34.84935846567535],[135.50153720576378,34.8495294947639],[135.5015687300685,34.84970389940947],[135.5015792720116,34.84988]]]}},{"type":"Feature","properties":{"layer":"z17_default","buffer_m":500},"geometry":{"type":"Polygon","coordinates":[[[135.50094361244604,34.85638],[135.50091725550604,34.85682025147632],[135.50083843851772,34.85725626309026],[135.5007079205318,34.85768383581162],[135.5005269585078,34.858098851881365],[135.50029729520898,34.858497314467876],[135.5000211424184,34.858875386158616],[135.49970115963845,34.85922942591654],[135.4993404284782,34.85955602414522],[135.4989424229759,34.8598520355252],[135.49851097614211,34.860114609305064],[135.49805024304572,34.86034121675577],[135.4975646607983,34.8605296755237],[135.4970589058223,34.860678170647894],[135.4965378488147,34.86078527203913],[135.49600650783924,34.86084994825246],[135.49547,34.8608715764206],[135.49493349216078,34.86084994825246],[135.4944021511853,34.86078527203913],[135.4938810941777,34.860678170647894],[135.49337533920172,34.8605296755237],[135.4928897569543,34.86034121675577],[135.4924290238579,34.860114609305064],[135.49199757702414,34.8598520355252],[135.49159957152182,34.85955602414522],[135.49123884036158,34.85922942591654],[135.49091885758162,34.858875386158616],[135.49064270479104,34.858497314467876],[135.49041304149222,34.858098851881365],[135.49023207946823,34.85768383581162],[135.4901015614823,34.85725626309026],[135.49002274449398,34.85682025147632],[135.489996387554,34.85638],[135.49002274449398,34.85593974852368],[135.4901015614823,34.855503736909746],[135.49023207946823,34.85507616418838],[135.49041304149222,34.85466114811864],[135.49064270479104,34.85426268553213],[135.49091885758162,34.85388461384139],[135.49123884036158,34.853530574083464],[135.49159957152182,34.85320397585478],[135.49199757702414,34.8529079644748],[135.4924290238579,34.85264539069494],[135.4928897569543,34.85241878324423],[135.49337533920172,34.8522303244763],[135.4938810941777,34.85208182935211],[135.4944021511853,34.85197472796087],[135.49493349216078,34.851910051747545],[135.49547,34.8518884235794],[135.49600650783924,34.851910051747545],[135.4965378488147,34.85197472796087],[135.4970589058223,34.85208182935211],[135.4975646607983,34.8522303244763],[135.49805024304572,34.85241878324423],[135.49851097614211,34.85264539069494],[135.4989424229759,34.8529079644748],[135.4993404284782,34.85320397585478],[135.49970115963845,34.853530574083464],[135.5000211424184,34.85388461384139],[135.50029729520898,34.85426268553213],[135.5005269585078,34.85466114811864],[135.5007079205318,34.85507616418838],[135.50083843851772,34.855503736909746],[135.50091725550604,34.85593974852368],[135.50094361244604,34.85638]]]}},{"type":"Feature","properties":{"layer":"z18_optional","buffer_m":200},"geometry":{"type":"Polygon","coordinates":[[[135.49765944497844,34.85638],[135.49764890220243,34.85655610059053],[135.4976173754071,34.8567305052361],[135.49756516821273,34.85690153432465],[135.49749278340312,34.857067540752546],[135.4974009180836,34.85722692578715],[135.49729045696736,34.85737815446345],[135.49716246385537,34.857519770366615],[135.4970181713913,34.85765040965809],[135.49685896919036,34.85776881421008],[135.49668639045686,34.857873843722025],[135.4965020972183,34.85796448670231],[135.49630786431933,34.85803987020948],[135.49610556232895,34.85809926825916],[135.49589713952588,34.858142108815656],[135.49568460313571,34.85816797930099],[135.49547,34.85817663056824],[135.4952553968643,34.85816797930099],[135.49504286047414,34.858142108815656],[135.49483443767107,34.85809926825916],[135.4946321356807,34.85803987020948],[135.49443790278173,34.85796448670231],[135.49425360954316,34.857873843722025],[135.49408103080967,34.85776881421008],[135.49392182860873,34.85765040965809],[135.49377753614465,34.857519770366615],[135.49364954303266,34.85737815446345],[135.49353908191642,34.85722692578715],[135.4934472165969,34.857067540752546],[135.4933748317873,34.85690153432465],[135.49332262459293,34.8567305052361],[135.4932910977976,34.85655610059053],[135.49328055502158,34.85638],[135.4932910977976,34.85620389940947],[135.49332262459293,34.8560294947639],[135.4933748317873,34.855858465675354],[135.4934472165969,34.85569245924746],[135.49353908191642,34.85553307421285],[135.49364954303266,34.855381845536556],[135.49377753614465,34.85524022963339],[135.49392182860873,34.85510959034191],[135.49408103080967,34.85499118578992],[135.49425360954316,34.85488615627798],[135.49443790278173,34.854795513297695],[135.4946321356807,34.85472012979052],[135.49483443767107,34.85466073174084],[135.49504286047414,34.85461789118435],[135.4952553968643,34.854592020699016],[135.49547,34.854583369431765],[135.49568460313571,34.854592020699016],[135.49589713952588,34.85461789118435],[135.49610556232895,34.85466073174084],[135.49630786431933,34.85472012979052],[135.4965020972183,34.854795513297695],[135.49668639045686,34.85488615627798],[135.49685896919036,34.85499118578992],[135.4970181713913,34.85510959034191],[135.49716246385537,34.85524022963339],[135.49729045696736,34.855381845536556],[135.4974009180836,34.85553307421285],[135.49749278340312,34.85569245924746],[135.49756516821273,34.855858465675354],[135.4976173754071,34.8560294947639],[135.49764890220243,34.85620389940947],[135.49765944497844,34.85638]]]}},{"type":"Feature","properties":{"layer":"z17_default","buffer_m":500},"geometry":{"type":"Polygon","coordinates":[[[135.498814136189,34.86425],[135.498787776727,34.86469025147632],[135.4987089521971,34.865126263090254],[135.49857842172253,34.86555383581162],[135.49839744238318,34.86596885188136],[135.498167757109,34.86636731446787],[135.49789157789476,34.86674538615861],[135.4975715644972,34.867099425916535],[135.49721079882036,34.86742602414522],[135.49681275523488,34.8677220355252],[135.4963812671181,34.86798460930506],[135.49592048993642,34.86821121675577],[135.49543486122604,34.8683996755237],[135.49492905785687,34.86854817064789],[135.49440795099187,34.86865527203913],[135.49387655917502,34.868719948252455],[135.49334,34.8687415764206],[135.49280344082496,34.868719948252455],[135.4922720490081,34.86865527203913],[135.4917509421431,34.86854817064789],[135.49124513877393,34.8683996755237],[135.49075951006355,34.86821121675577],[135.49029873288188,34.86798460930506],[135.4898672447651,34.8677220355252],[135.48946920117962,34.86742602414522],[135.48910843550277,34.867099425916535],[135.48878842210522,34.86674538615861],[135.48851224289098,34.86636731446787],[135.4882825576168,34.86596885188136],[135.48810157827745,34.86555383581162],[135.4879710478029,34.865126263090254],[135.48789222327298,34.86469025147632],[135.48786586381098,34.86425],[135.48789222327298,34.86380974852368],[135.4879710478029,34.86337373690974],[135.48810157827745,34.86294616418838],[135.4882825576168,34.862531148118634],[135.48851224289098,34.862132685532124],[135.48878842210522,34.861754613841384],[135.48910843550277,34.86140057408346],[135.48946920117962,34.86107397585478],[135.4898672447651,34.8607779644748],[135.49029873288188,34.860515390694935],[135.49075951006355,34.86028878324423],[135.49124513877393,34.8601003244763],[135.4917509421431,34.859951829352106],[135.4922720490081,34.85984472796087],[135.49280344082496,34.85978005174754],[135.49334,34.8597584235794],[135.49387655917502,34.85978005174754],[135.49440795099187,34.85984472796087],[135.49492905785687,34.859951829352106],[135.49543486122604,34.8601003244763],[135.49592048993642,34.86028878324423],[135.4963812671181,34.860515390694935],[135.49681275523488,34.8607779644748],[135.49721079882036,34.86107397585478],[135.4975715644972,34.86140057408346],[135.49789157789476,34.861754613841384],[135.498167757109,34.862132685532124],[135.49839744238318,34.862531148118634],[135.49857842172253,34.86294616418838],[135.4987089521971,34.86337373690974],[135.498787776727,34.86380974852368],[135.498814136189,34.86425]]]}},{"type":"Feature","properties":{"layer":"z18_optional","buffer_m":200},"geometry":{"type":"Polygon","coordinates":[[[135.4955296544756,34.86425],[135.4955191106908,34.86442610059053],[135.49548758087883,34.8646005052361],[135.49543536868902,34.864771534324646],[135.49536297695326,34.86493754075254],[135.4952711028436,34.86509692578715],[135.4951606311579,34.865248154463444],[135.49503262579887,34.86538977036661],[135.49488831952814,34.86552040965809],[135.49472910209394,34.86563881421008],[135.49455650684723,34.86574384372202],[135.49437219597456,34.865834486702305],[135.49417794449042,34.86590987020948],[135.49397562314275,34.86596926825916],[135.49376718039673,34.86601210881565],[135.49355462367,34.866037979300984],[135.49334,34.866046630568235],[135.49312537632997,34.866037979300984],[135.49291281960325,34.86601210881565],[135.49270437685723,34.86596926825916],[135.49250205550956,34.86590987020948],[135.49230780402542,34.865834486702305],[135.49212349315275,34.86574384372202],[135.49195089790604,34.86563881421008],[135.49179168047183,34.86552040965809],[135.4916473742011,34.86538977036661],[135.4915193688421,34.865248154463444],[135.4914088971564,34.86509692578715],[135.49131702304672,34.86493754075254],[135.49124463131096,34.864771534324646],[135.49119241912115,34.8646005052361],[135.49116088930919,34.86442610059053],[135.49115034552437,34.86425],[135.49116088930919,34.86407389940947],[135.49119241912115,34.8638994947639],[135.49124463131096,34.86372846567535],[135.49131702304672,34.863562459247454],[135.4914088971564,34.86340307421285],[135.4915193688421,34.86325184553655],[135.4916473742011,34.863110229633385],[135.49179168047183,34.86297959034191],[135.49195089790604,34.86286118578992],[135.49212349315275,34.862756156277975],[135.49230780402542,34.86266551329769],[135.49250205550956,34.86259012979052],[135.49270437685723,34.86253073174084],[135.49291281960325,34.862487891184344],[135.49312537632997,34.86246202069901],[135.49334,34.86245336943176],[135.49355462367,34.86246202069901],[135.49376718039673,34.862487891184344],[135.49397562314275,34.86253073174084],[135.49417794449042,34.86259012979052],[135.49437219597456,34.86266551329769],[135.49455650684723,34.862756156277975],[135.49472910209394,34.86286118578992],[135.49488831952814,34.86297959034191],[135.49503262579887,34.863110229633385],[135.4951606311579,34.86325184553655],[135.4952711028436,34.86340307421285],[135.49536297695326,34.863562459247454],[135.49543536868902,34.86372846567535],[135.49548758087883,34.8638994947639],[135.4955191106908,34.86407389940947],[135.4955296544756,34.86425]]]}},{"type":"Feature","properties":{"layer":"z17_default","buffer_m":500},"geometry":{"type":"Polygon","coordinates":[[[135.49164384800537,34.85992],[135.49161748993106,34.86036025147632],[135.4915386695508,34.86079626309026],[135.491408145948,34.86122383581162],[135.49122717613622,34.86163885188137],[135.49099750295372,34.86203731446788],[135.4907213382788,34.86241538615862],[135.49040134172824,34.86276942591654],[135.49004059504378,34.86309602414522],[135.48964257241312,34.8633920355252],[135.48921110701184,34.863654609305065],[135.48875035408759,34.86388121675577],[135.48826475094293,34.8640696755237],[135.48775897420157,34.864218170647895],[135.48723789477003,34.86432527203913],[135.48670653092807,34.86438994825246],[135.48617,34.8644115764206],[135.4856334690719,34.86438994825246],[135.48510210522994,34.86432527203913],[135.4845810257984,34.864218170647895],[135.48407524905704,34.8640696755237],[135.4835896459124,34.86388121675577],[135.48312889298813,34.863654609305065],[135.48269742758686,34.8633920355252],[135.4822994049562,34.86309602414522],[135.48193865827173,34.86276942591654],[135.48161866172117,34.86241538615862],[135.48134249704626,34.86203731446788],[135.48111282386375,34.86163885188137],[135.480931854052,34.86122383581162],[135.48080133044917,34.86079626309026],[135.48072251006892,34.86036025147632],[135.4806961519946,34.85992],[135.48072251006892,34.85947974852368],[135.48080133044917,34.85904373690975],[135.480931854052,34.85861616418838],[135.48111282386375,34.85820114811864],[135.48134249704626,34.85780268553213],[135.48161866172117,34.85742461384139],[135.48193865827173,34.857070574083465],[135.4822994049562,34.85674397585478],[135.48269742758686,34.8564479644748],[135.48312889298813,34.85618539069494],[135.4835896459124,34.85595878324423],[135.48407524905704,34.8557703244763],[135.4845810257984,34.85562182935211],[135.48510210522994,34.85551472796087],[135.4856334690719,34.855450051747546],[135.48617,34.855428423579404],[135.48670653092807,34.855450051747546],[135.48723789477003,34.85551472796087],[135.48775897420157,34.85562182935211],[135.48826475094293,34.8557703244763],[135.48875035408759,34.85595878324423],[135.48921110701184,34.85618539069494],[135.48964257241312,34.8564479644748],[135.49004059504378,34.85674397585478],[135.49040134172824,34.857070574083465],[135.4907213382788,34.85742461384139],[135.49099750295372,34.85780268553213],[135.49122717613622,34.85820114811864],[135.491408145948,34.85861616418838],[135.4915386695508,34.85904373690975],[135.49161748993106,34.85947974852368],[135.49164384800537,34.85992]]]}},{"type":"Feature","properties":{"layer":"z18_optional","buffer_m":200},"geometry":{"type":"Polygon","coordinates":[[[135.48835953920212,34.85992],[135.48834899597242,34.86009610059053],[135.4883174678203,34.8602705052361],[135.4882652583792,34.86044153432465],[135.48819287045447,34.86060754075255],[135.4881010011815,34.86076692578715],[135.48799053531152,34.86091815446345],[135.4878625366913,34.861059770366616],[135.4877182380175,34.86119040965809],[135.48755902896525,34.86130881421008],[135.48738644280473,34.861413843722026],[135.48720214163504,34.86150448670231],[135.48700790037717,34.86157987020948],[135.4868055896806,34.86163926825916],[135.486597157908,34.86168210881566],[135.4863846123712,34.86170797930099],[135.48617,34.86171663056824],[135.48595538762876,34.86170797930099],[135.48574284209198,34.86168210881566],[135.48553441031936,34.86163926825916],[135.4853320996228,34.86157987020948],[135.48513785836494,34.86150448670231],[135.48495355719524,34.861413843722026],[135.48478097103472,34.86130881421008],[135.48462176198248,34.86119040965809],[135.48447746330868,34.861059770366616],[135.48434946468845,34.86091815446345],[135.48423899881848,34.86076692578715],[135.4841471295455,34.86060754075255],[135.4840747416208,34.86044153432465],[135.48402253217967,34.8602705052361],[135.48399100402756,34.86009610059053],[135.48398046079785,34.85992],[135.48399100402756,34.85974389940947],[135.48402253217967,34.8595694947639],[135.4840747416208,34.859398465675355],[135.4841471295455,34.85923245924746],[135.48423899881848,34.85907307421285],[135.48434946468845,34.85892184553656],[135.48447746330868,34.85878022963339],[135.48462176198248,34.85864959034191],[135.48478097103472,34.85853118578992],[135.48495355719524,34.85842615627798],[135.48513785836494,34.858335513297696],[135.4853320996228,34.85826012979052],[135.48553441031936,34.858200731740844],[135.48574284209198,34.85815789118435],[135.48595538762876,34.85813202069902],[135.48617,34.858123369431766],[135.4863846123712,34.85813202069902],[135.486597157908,34.85815789118435],[135.4868055896806,34.858200731740844],[135.48700790037717,34.85826012979052],[135.48720214163504,34.858335513297696],[135.48738644280473,34.85842615627798],[135.48755902896525,34.85853118578992],[135.4877182380175,34.85864959034191],[135.4878625366913,34.85878022963339],[135.48799053531152,34.85892184553656],[135.4881010011815,34.85907307421285],[135.48819287045447,34.85923245924746],[135.4882652583792,34.859398465675355],[135.4883174678203,34.8595694947639],[135.48834899597242,34.85974389940947],[135.48835953920212,34.85992]]]}},{"type":"Feature","properties":{"layer":"z17_default","buffer_m":500},"geometry":{"type":"Polygon","coordinates":[[[135.50821280693143,34.84427],[135.5081864538702,34.84471025147632],[135.50810764848083,34.84514626309026],[135.50797714970236,34.84557383581162],[135.50779621430934,34.845988851881366],[135.5075665848085,34.846387314467876],[135.50729047265747,34.846765386158616],[135.50697053696723,34.84711942591654],[135.50660985889334,34.84744602414522],[135.50621191196282,34.8477420355252],[135.50578052862215,34.848004609305065],[135.50531986332874,34.84823121675577],[135.5048343525412,34.8484196755237],[135.50432867199376,34.848568170647894],[135.50380769166657,34.84867527203913],[135.503276428885,34.84873994825246],[135.50274,34.8487615764206],[135.502203571115,34.84873994825246],[135.5016723083334,34.84867527203913],[135.50115132800622,34.848568170647894],[135.50064564745878,34.8484196755237],[135.50016013667124,34.84823121675577],[135.49969947137782,34.848004609305065],[135.49926808803716,34.8477420355252],[135.49887014110664,34.84744602414522],[135.49850946303275,34.84711942591654],[135.4981895273425,34.846765386158616],[135.49791341519148,34.846387314467876],[135.49768378569064,34.845988851881366],[135.49750285029762,34.84557383581162],[135.49737235151915,34.84514626309026],[135.49729354612978,34.84471025147632],[135.49726719306855,34.84427],[135.49729354612978,34.84382974852368],[135.49737235151915,34.843393736909746],[135.49750285029762,34.84296616418838],[135.49768378569064,34.84255114811864],[135.49791341519148,34.84215268553213],[135.4981895273425,34.84177461384139],[135.49850946303275,34.841420574083465],[135.49887014110664,34.84109397585478],[135.49926808803716,34.8407979644748],[135.49969947137782,34.84053539069494],[135.50016013667124,34.84030878324423],[135.50064564745878,34.8401203244763],[135.50115132800622,34.83997182935211],[135.5016723083334,34.83986472796087],[135.502203571115,34.839800051747545],[135.50274,34.8397784235794],[135.503276428885,34.839800051747545],[135.50380769166657,34.83986472796087],[135.50432867199376,34.83997182935211],[135.5048343525412,34.8401203244763],[135.50531986332874,34.84030878324423],[135.50578052862215,34.84053539069494],[135.50621191196282,34.8407979644748],[135.50660985889334,34.84109397585478],[135.50697053696723,34.841420574083465],[135.50729047265747,34.84177461384139],[135.5075665848085,34.84215268553213],[135.50779621430934,34.84255114811864],[135.50797714970236,34.84296616418838],[135.50810764848083,34.843393736909746],[135.5081864538702,34.84382974852368],[135.50821280693143,34.84427]]]}},{"type":"Feature","properties":{"layer":"z18_optional","buffer_m":200},"geometry":{"type":"Polygon","coordinates":[[[135.50492912277255,34.84427],[135.50491858154805,34.84444610059053],[135.50488705939233,34.8446205052361],[135.50483485988093,34.84479153432465],[135.50476248572372,34.844957540752546],[135.50467063392338,34.84511692578715],[135.50456018906297,34.84526815446345],[135.50443221478687,34.845409770366615],[135.50428794355733,34.84554040965809],[135.50412876478512,34.84565881421008],[135.50395621144887,34.845763843722025],[135.5037719453315,34.84585448670231],[135.50357774101647,34.84592987020948],[135.5033754687975,34.84598926825916],[135.5031670766666,34.846032108815656],[135.502954571554,34.84605797930099],[135.50274,34.84606663056824],[135.50252542844598,34.84605797930099],[135.50231292333336,34.846032108815656],[135.5021045312025,34.84598926825916],[135.5019022589835,34.84592987020948],[135.50170805466848,34.84585448670231],[135.5015237885511,34.845763843722025],[135.50135123521486,34.84565881421008],[135.50119205644265,34.84554040965809],[135.5010477852131,34.845409770366615],[135.500919810937,34.84526815446345],[135.5008093660766,34.84511692578715],[135.50071751427626,34.844957540752546],[135.50064514011905,34.84479153432465],[135.50059294060765,34.8446205052361],[135.50056141845192,34.84444610059053],[135.50055087722743,34.84427],[135.50056141845192,34.84409389940947],[135.50059294060765,34.8439194947639],[135.50064514011905,34.843748465675354],[135.50071751427626,34.84358245924746],[135.5008093660766,34.84342307421285],[135.500919810937,34.843271845536556],[135.5010477852131,34.84313022963339],[135.50119205644265,34.84299959034191],[135.50135123521486,34.84288118578992],[135.5015237885511,34.84277615627798],[135.50170805466848,34.842685513297695],[135.5019022589835,34.84261012979052],[135.5021045312025,34.84255073174084],[135.50231292333336,34.84250789118435],[135.50252542844598,34.842482020699016],[135.50274,34.842473369431765],[135.502954571554,34.842482020699016],[135.5031670766666,34.84250789118435],[135.5033754687975,34.84255073174084],[135.50357774101647,34.84261012979052],[135.5037719453315,34.842685513297695],[135.50395621144887,34.84277615627798],[135.50412876478512,34.84288118578992],[135.50428794355733,34.84299959034191],[135.50443221478687,34.84313022963339],[135.50456018906297,34.843271845536556],[135.50467063392338,34.84342307421285],[135.50476248572372,34.84358245924746],[135.50483485988093,34.843748465675354],[135.50488705939233,34.8439194947639],[135.50491858154805,34.84409389940947],[135.50492912277255,34.84427]]]}},{"type":"Feature","properties":{"layer":"z17_default","buffer_m":500},"geometry":{"type":"Polygon","coordinates":[[[135.50506294525147,34.84635],[135.50503659152417,34.84679025147632],[135.5049577841431,34.847226263090256],[135.5048272820664,34.84765383581162],[135.5046463421004,34.848068851881365],[135.5044167067959,34.848467314467875],[135.5041405876664,34.848845386158615],[135.50382064389007,34.84919942591654],[135.5034599567004,34.84952602414522],[135.50306199971214,34.8498220355252],[135.50263060546868,34.850084609305064],[135.50216992853237,34.85031121675577],[135.50168440547398,34.8504996755237],[135.50117871214596,34.850648170647894],[135.5006577186515,34.85075527203913],[135.50012644244273,34.85081994825246],[135.49959,34.8508415764206],[135.4990535575573,34.85081994825246],[135.49852228134853,34.85075527203913],[135.49800128785407,34.850648170647894],[135.49749559452604,34.8504996755237],[135.49701007146766,34.85031121675577],[135.49654939453134,34.850084609305064],[135.49611800028788,34.8498220355252],[135.49572004329963,34.84952602414522],[135.49535935610996,34.84919942591654],[135.49503941233363,34.848845386158615],[135.49476329320413,34.848467314467875],[135.49453365789964,34.848068851881365],[135.49435271793362,34.84765383581162],[135.49422221585692,34.847226263090256],[135.49414340847585,34.84679025147632],[135.49411705474856,34.84635],[135.49414340847585,34.84590974852368],[135.49422221585692,34.845473736909746],[135.49435271793362,34.84504616418838],[135.49453365789964,34.84463114811864],[135.49476329320413,34.84423268553213],[135.49503941233363,34.84385461384139],[135.49535935610996,34.843500574083464],[135.49572004329963,34.84317397585478],[135.49611800028788,34.8428779644748],[135.49654939453134,34.84261539069494],[135.49701007146766,34.84238878324423],[135.49749559452604,34.8422003244763],[135.49800128785407,34.84205182935211],[135.49852228134853,34.84194472796087],[135.4990535575573,34.841880051747545],[135.49959,34.8418584235794],[135.50012644244273,34.841880051747545],[135.5006577186515,34.84194472796087],[135.50117871214596,34.84205182935211],[135.50168440547398,34.8422003244763],[135.50216992853237,34.84238878324423],[135.50263060546868,34.84261539069494],[135.50306199971214,34.8428779644748],[135.5034599567004,34.84317397585478],[135.50382064389007,34.843500574083464],[135.5041405876664,34.84385461384139],[135.5044167067959,34.84423268553213],[135.5046463421004,34.84463114811864],[135.5048272820664,34.84504616418838],[135.5049577841431,34.845473736909746],[135.50503659152417,34.84590974852368],[135.50506294525147,34.84635]]]}},{"type":"Feature","properties":{"layer":"z18_optional","buffer_m":200},"geometry":{"type":"Polygon","coordinates":[[[135.5017791781006,34.84635],[135.50176863660968,34.84652610059053],[135.50173711365724,34.8467005052361],[135.50168491282656,34.84687153432465],[135.50161253684016,34.847037540752545],[135.50152068271836,34.84719692578715],[135.50141023506657,34.84734815446345],[135.50128225755603,34.847489770366614],[135.50113798268015,34.84762040965809],[135.50097879988488,34.84773881421008],[135.50080624218748,34.847843843722025],[135.50062197141295,34.84793448670231],[135.50042776218962,34.84800987020948],[135.5002254848584,34.84806926825916],[135.5000170874606,34.848112108815656],[135.4998045769771,34.848137979300986],[135.49959,34.84814663056824],[135.4993754230229,34.848137979300986],[135.49916291253942,34.848112108815656],[135.49895451514163,34.84806926825916],[135.4987522378104,34.84800987020948],[135.49855802858707,34.84793448670231],[135.49837375781254,34.847843843722025],[135.49820120011515,34.84773881421008],[135.49804201731988,34.84762040965809],[135.497897742444,34.847489770366614],[135.49776976493345,34.84734815446345],[135.49765931728166,34.84719692578715],[135.49756746315987,34.847037540752545],[135.49749508717346,34.84687153432465],[135.49744288634278,34.8467005052361],[135.49741136339034,34.84652610059053],[135.49740082189942,34.84635],[135.49741136339034,34.84617389940947],[135.49744288634278,34.8459994947639],[135.49749508717346,34.84582846567535],[135.49756746315987,34.84566245924746],[135.49765931728166,34.84550307421285],[135.49776976493345,34.845351845536555],[135.497897742444,34.84521022963339],[135.49804201731988,34.84507959034191],[135.49820120011515,34.84496118578992],[135.49837375781254,34.84485615627798],[135.49855802858707,34.844765513297695],[135.4987522378104,34.84469012979052],[135.49895451514163,34.84463073174084],[135.49916291253942,34.84458789118435],[135.4993754230229,34.844562020699016],[135.49959,34.844553369431765],[135.4998045769771,34.844562020699016],[135.5000170874606,34.84458789118435],[135.5002254848584,34.84463073174084],[135.50042776218962,34.84469012979052],[135.50062197141295,34.844765513297695],[135.50080624218748,34.84485615627798],[135.50097879988488,34.84496118578992],[135.50113798268015,34.84507959034191],[135.50128225755603,34.84521022963339],[135.50141023506657,34.845351845536555],[135.50152068271836,34.84550307421285],[135.50161253684016,34.84566245924746],[135.50168491282656,34.84582846567535],[135.50173711365724,34.8459994947639],[135.50176863660968,34.84617389940947],[135.5017791781006,34.84635]]]}},{"type":"Feature","properties":{"layer":"z17_default","buffer_m":500},"geometry":{"type":"Polygon","coordinates":[[[135.5019431913366,34.85005],[135.50191683642436,34.85049025147632],[135.50183802549978,34.85092626309026],[135.5017075175552,34.85135383581162],[135.5015265694534,34.85176885188137],[135.50129692382362,34.85216731446788],[135.50102079227872,34.85254538615862],[135.50070083411646,34.85289942591654],[135.50034013070885,34.85322602414522],[135.4999421558269,34.8535220355252],[135.49951074218623,34.853784609305066],[135.4990500445361,34.85401121675577],[135.49856449964668,34.8541996755237],[135.4980587835807,34.854348170647896],[135.49753776666032,34.85445527203913],[135.49700646656328,34.85451994825246],[135.49647,34.8545415764206],[135.4959335334367,34.85451994825246],[135.49540223333966,34.85445527203913],[135.4948812164193,34.854348170647896],[135.4943755003533,34.8541996755237],[135.49388995546389,34.85401121675577],[135.49342925781374,34.853784609305066],[135.4929978441731,34.8535220355252],[135.49259986929113,34.85322602414522],[135.49223916588352,34.85289942591654],[135.49191920772125,34.85254538615862],[135.49164307617636,34.85216731446788],[135.49141343054657,34.85176885188137],[135.4912324824448,34.85135383581162],[135.4911019745002,34.85092626309026],[135.49102316357562,34.85049025147632],[135.49099680866337,34.85005],[135.49102316357562,34.84960974852368],[135.4911019745002,34.84917373690975],[135.4912324824448,34.848746164188384],[135.49141343054657,34.84833114811864],[135.49164307617636,34.84793268553213],[135.49191920772125,34.84755461384139],[135.49223916588352,34.847200574083466],[135.49259986929113,34.846873975854784],[135.4929978441731,34.846577964474804],[135.49342925781374,34.84631539069494],[135.49388995546389,34.846088783244234],[135.4943755003533,34.845900324476304],[135.4948812164193,34.84575182935211],[135.49540223333966,34.845644727960874],[135.4959335334367,34.84558005174755],[135.49647,34.845558423579405],[135.49700646656328,34.84558005174755],[135.49753776666032,34.845644727960874],[135.4980587835807,34.84575182935211],[135.49856449964668,34.845900324476304],[135.4990500445361,34.846088783244234],[135.49951074218623,34.84631539069494],[135.4999421558269,34.846577964474804],[135.50034013070885,34.846873975854784],[135.50070083411646,34.847200574083466],[135.50102079227872,34.84755461384139],[135.50129692382362,34.84793268553213],[135.5015265694534,34.84833114811864],[135.5017075175552,34.848746164188384],[135.50183802549978,34.84917373690975],[135.50191683642436,34.84960974852368],[135.5019431913366,34.85005]]]}},{"type":"Feature","properties":{"layer":"z18_optional","buffer_m":200},"geometry":{"type":"Polygon","coordinates":[[[135.49865927653465,34.85005],[135.49864873456974,34.85022610059053],[135.4986172101999,34.8504005052361],[135.49856500702208,34.85057153432465],[135.49849262778136,34.85073754075255],[135.49840076952944,34.850896925787154],[135.49829031691146,34.85104815446345],[135.49816233364658,34.85118977036662],[135.49801805228353,34.85132040965809],[135.49785886233076,34.851438814210084],[135.4976862968745,34.85154384372203],[135.49750201781444,34.85163448670231],[135.49730779985867,34.85170987020948],[135.49710551343227,34.85176926825916],[135.4968971066641,34.85181210881566],[135.4966845866253,34.85183797930099],[135.49647,34.85184663056824],[135.49625541337468,34.85183797930099],[135.49604289333587,34.85181210881566],[135.4958344865677,34.85176926825916],[135.4956322001413,34.85170987020948],[135.49543798218554,34.85163448670231],[135.49525370312548,34.85154384372203],[135.49508113766922,34.851438814210084],[135.49492194771645,34.85132040965809],[135.4947776663534,34.85118977036662],[135.4946496830885,34.85104815446345],[135.49453923047054,34.850896925787154],[135.49444737221862,34.85073754075255],[135.4943749929779,34.85057153432465],[135.49432278980007,34.8504005052361],[135.49429126543023,34.85022610059053],[135.49428072346532,34.85005],[135.49429126543023,34.849873899409474],[135.49432278980007,34.849699494763904],[135.4943749929779,34.849528465675355],[135.49444737221862,34.84936245924746],[135.49453923047054,34.84920307421285],[135.4946496830885,34.84905184553656],[135.4947776663534,34.84891022963339],[135.49492194771645,34.84877959034191],[135.49508113766922,34.84866118578992],[135.49525370312548,34.84855615627798],[135.49543798218554,34.8484655132977],[135.4956322001413,34.84839012979052],[135.4958344865677,34.848330731740845],[135.49604289333587,34.84828789118435],[135.49625541337468,34.84826202069902],[135.49647,34.84825336943177],[135.4966845866253,34.84826202069902],[135.4968971066641,34.84828789118435],[135.49710551343227,34.848330731740845],[135.49730779985867,34.84839012979052],[135.49750201781444,34.8484655132977],[135.4976862968745,34.84855615627798],[135.49785886233076,34.84866118578992],[135.49801805228353,34.84877959034191],[135.49816233364658,34.84891022963339],[135.49829031691146,34.84905184553656],[135.49840076952944,34.84920307421285],[135.49849262778136,34.84936245924746],[135.49856500702208,34.849528465675355],[135.4986172101999,34.849699494763904],[135.49864873456974,34.849873899409474],[135.49865927653465,34.85005]]]}},{"type":"Feature","properties":{"layer":"z17_default","buffer_m":500},"geometry":{"type":"Polygon","coordinates":[[[135.5004934095254,34.85333],[135.5004670535625,34.85377025147632],[135.50038823949615,34.854206263090255],[135.50025772634885,34.85463383581162],[135.50007677103358,34.855048851881364],[135.49984711624893,34.855447314467874],[135.49957097369605,34.855825386158614],[135.49925100277866,34.85617942591654],[135.49889028499163,34.85650602414522],[135.4984922942444,34.8568020355252],[135.49806086340544,34.85706460930506],[135.4976001473896,34.85729121675577],[135.49711458314394,34.8574796755237],[135.49660884691758,34.85762817064789],[135.49608780922685,34.85773527203913],[135.49555648794953,34.857799948252456],[135.49502,34.8578215764206],[135.4944835120505,34.857799948252456],[135.49395219077317,34.85773527203913],[135.49343115308244,34.85762817064789],[135.49292541685608,34.8574796755237],[135.49243985261043,34.85729121675577],[135.49197913659458,34.85706460930506],[135.49154770575564,34.8568020355252],[135.4911497150084,34.85650602414522],[135.49078899722136,34.85617942591654],[135.49046902630397,34.855825386158614],[135.4901928837511,34.855447314467874],[135.48996322896645,34.855048851881364],[135.48978227365117,34.85463383581162],[135.48965176050388,34.854206263090255],[135.48957294643753,34.85377025147632],[135.48954659047462,34.85333],[135.48957294643753,34.85288974852368],[135.48965176050388,34.852453736909744],[135.48978227365117,34.85202616418838],[135.48996322896645,34.851611148118636],[135.4901928837511,34.851212685532126],[135.49046902630397,34.850834613841386],[135.49078899722136,34.85048057408346],[135.4911497150084,34.85015397585478],[135.49154770575564,34.8498579644748],[135.49197913659458,34.84959539069494],[135.49243985261043,34.84936878324423],[135.49292541685608,34.8491803244763],[135.49343115308244,34.84903182935211],[135.49395219077317,34.84892472796087],[135.4944835120505,34.84886005174754],[135.49502,34.8488384235794],[135.49555648794953,34.84886005174754],[135.49608780922685,34.84892472796087],[135.49660884691758,34.84903182935211],[135.49711458314394,34.8491803244763],[135.4976001473896,34.84936878324423],[135.49806086340544,34.84959539069494],[135.4984922942444,34.8498579644748],[135.49889028499163,34.85015397585478],[135.49925100277866,34.85048057408346],[135.49957097369605,34.850834613841386],[135.49984711624893,34.851212685532126],[135.50007677103358,34.851611148118636],[135.50025772634885,34.85202616418838],[135.50038823949615,34.852453736909744],[135.5004670535625,34.85288974852368],[135.5004934095254,34.85333]]]}},{"type":"Feature","properties":{"layer":"z18_optional","buffer_m":200},"geometry":{"type":"Polygon","coordinates":[[[135.49720936381016,34.85333],[135.497198821425,34.85350610059053],[135.49716729579845,34.8536805052361],[135.49711509053955,34.85385153432465],[135.49704270841343,34.854017540752544],[135.49695084649957,34.85417692578715],[135.49684038947842,34.854328154463445],[135.49671240111147,34.85446977036661],[135.49656811399666,34.85460040965809],[135.49640891769778,34.85471881421008],[135.49623634536218,34.85482384372202],[135.49605205895585,34.854914486702306],[135.4958578332576,34.85498987020948],[135.49565553876704,34.85504926825916],[135.49544712369075,34.855092108815654],[135.49523459517982,34.855117979300985],[135.49502,34.855126630568236],[135.4948054048202,34.855117979300985],[135.49459287630927,34.855092108815654],[135.49438446123298,34.85504926825916],[135.49418216674243,34.85498987020948],[135.49398794104417,34.854914486702306],[135.49380365463784,34.85482384372202],[135.49363108230224,34.85471881421008],[135.49347188600336,34.85460040965809],[135.49332759888856,34.85446977036661],[135.4931996105216,34.854328154463445],[135.49308915350045,34.85417692578715],[135.4929972915866,34.854017540752544],[135.49292490946047,34.85385153432465],[135.49287270420157,34.8536805052361],[135.49284117857502,34.85350610059053],[135.49283063618986,34.85333],[135.49284117857502,34.85315389940947],[135.49287270420157,34.8529794947639],[135.49292490946047,34.85280846567535],[135.4929972915866,34.852642459247456],[135.49308915350045,34.85248307421285],[135.4931996105216,34.852331845536554],[135.49332759888856,34.852190229633386],[135.49347188600336,34.85205959034191],[135.49363108230224,34.85194118578992],[135.49380365463784,34.851836156277976],[135.49398794104417,34.85174551329769],[135.49418216674243,34.85167012979052],[135.49438446123298,34.85161073174084],[135.49459287630927,34.851567891184345],[135.4948054048202,34.851542020699014],[135.49502,34.85153336943176],[135.49523459517982,34.851542020699014],[135.49544712369075,34.851567891184345],[135.49565553876704,34.85161073174084],[135.4958578332576,34.85167012979052],[135.49605205895585,34.85174551329769],[135.49623634536218,34.851836156277976],[135.49640891769778,34.85194118578992],[135.49656811399666,34.85205959034191],[135.49671240111147,34.852190229633386],[135.49684038947842,34.852331845536554],[135.49695084649957,34.85248307421285],[135.49704270841343,34.852642459247456],[135.49711509053955,34.85280846567535],[135.49716729579845,34.8529794947639],[135.497198821425,34.85315389940947],[135.49720936381016,34.85333]]]}},{"type":"Feature","properties":{"layer":"z17_default","buffer_m":500},"geometry":{"type":"Polygon","coordinates":[[[135.50060350466143,34.85476],[135.5005771482404,34.85520025147632],[135.50049833280414,34.855636263090254],[135.50036781738834,34.85606383581162],[135.50018685892778,34.85647885188136],[135.4999572001514,34.85687731446787],[135.49968105279876,34.85725538615861],[135.49936107631981,34.857609425916536],[135.49900035226295,34.85793602414522],[135.49860235459803,34.8582320355252],[135.49817091626016,34.85849460930506],[135.49771019223638,34.85872121675577],[135.49722461955088,34.8589096755237],[135.49671887453408,34.85905817064789],[135.49619782778694,34.85916527203913],[135.49566649727447,34.859229948252455],[135.49513,34.8592515764206],[135.4945935027255,34.859229948252455],[135.49406217221303,34.85916527203913],[135.4935411254659,34.85905817064789],[135.4930353804491,34.8589096755237],[135.4925498077636,34.85872121675577],[135.4920890837398,34.85849460930506],[135.49165764540194,34.8582320355252],[135.49125964773702,34.85793602414522],[135.49089892368016,34.857609425916536],[135.49057894720121,34.85725538615861],[135.49030279984856,34.85687731446787],[135.4900731410722,34.85647885188136],[135.48989218261164,34.85606383581162],[135.48976166719584,34.855636263090254],[135.48968285175957,34.85520025147632],[135.48965649533855,34.85476],[135.48968285175957,34.85431974852368],[135.48976166719584,34.853883736909744],[135.48989218261164,34.85345616418838],[135.4900731410722,34.853041148118635],[135.49030279984856,34.852642685532125],[135.49057894720121,34.852264613841385],[135.49089892368016,34.85191057408346],[135.49125964773702,34.85158397585478],[135.49165764540194,34.8512879644748],[135.4920890837398,34.851025390694936],[135.4925498077636,34.85079878324423],[135.4930353804491,34.8506103244763],[135.4935411254659,34.850461829352106],[135.49406217221303,34.85035472796087],[135.4945935027255,34.85029005174754],[135.49513,34.8502684235794],[135.49566649727447,34.85029005174754],[135.49619782778694,34.85035472796087],[135.49671887453408,34.850461829352106],[135.49722461955088,34.8506103244763],[135.49771019223638,34.85079878324423],[135.49817091626016,34.851025390694936],[135.49860235459803,34.8512879644748],[135.49900035226295,34.85158397585478],[135.49936107631981,34.85191057408346],[135.49968105279876,34.852264613841385],[135.4999572001514,34.852642685532125],[135.50018685892778,34.853041148118635],[135.50036781738834,34.85345616418838],[135.50049833280414,34.853883736909744],[135.5005771482404,34.85431974852368],[135.50060350466143,34.85476]]]}},{"type":"Feature","properties":{"layer":"z18_optional","buffer_m":200},"geometry":{"type":"Polygon","coordinates":[[[135.49731940186456,34.85476],[135.49730885929617,34.85493610059053],[135.49727733312164,34.8551105052361],[135.49722512695533,34.85528153432465],[135.49715274357112,34.85544754075254],[135.49706088006056,34.85560692578715],[135.4969504211195,34.855758154463444],[135.4968224305279,34.85589977036661],[135.49667814090517,34.85603040965809],[135.4965189418392,34.85614881421008],[135.49634636650407,34.85625384372202],[135.49616207689454,34.856344486702305],[135.49596784782034,34.85641987020948],[135.49576554981363,34.85647926825916],[135.49555713111477,34.85652210881565],[135.49534459890978,34.856547979300984],[135.49513,34.856556630568235],[135.4949154010902,34.856547979300984],[135.4947028688852,34.85652210881565],[135.49449445018635,34.85647926825916],[135.49429215217964,34.85641987020948],[135.49409792310544,34.856344486702305],[135.4939136334959,34.85625384372202],[135.49374105816077,34.85614881421008],[135.4935818590948,34.85603040965809],[135.49343756947206,34.85589977036661],[135.49330957888048,34.855758154463444],[135.49319911993942,34.85560692578715],[135.49310725642886,34.85544754075254],[135.49303487304465,34.85528153432465],[135.49298266687833,34.8551105052361],[135.4929511407038,34.85493610059053],[135.49294059813542,34.85476],[135.4929511407038,34.85458389940947],[135.49298266687833,34.8544094947639],[135.49303487304465,34.85423846567535],[135.49310725642886,34.854072459247455],[135.49319911993942,34.85391307421285],[135.49330957888048,34.85376184553655],[135.49343756947206,34.853620229633385],[135.4935818590948,34.85348959034191],[135.49374105816077,34.85337118578992],[135.4939136334959,34.853266156277975],[135.49409792310544,34.85317551329769],[135.49429215217964,34.85310012979052],[135.49449445018635,34.85304073174084],[135.4947028688852,34.852997891184344],[135.4949154010902,34.85297202069901],[135.49513,34.85296336943176],[135.49534459890978,34.85297202069901],[135.49555713111477,34.852997891184344],[135.49576554981363,34.85304073174084],[135.49596784782034,34.85310012979052],[135.49616207689454,34.85317551329769],[135.49634636650407,34.853266156277975],[135.4965189418392,34.85337118578992],[135.49667814090517,34.85348959034191],[135.4968224305279,34.853620229633385],[135.4969504211195,34.85376184553655],[135.49706088006056,34.85391307421285],[135.49715274357112,34.854072459247455],[135.49722512695533,34.85423846567535],[135.49727733312164,34.8544094947639],[135.49730885929617,34.85458389940947],[135.49731940186456,34.85476]]]}},{"type":"Feature","properties":{"layer":"z17_default","buffer_m":500},"geometry":{"type":"Polygon","coordinates":[[[135.50074356520605,34.85567],[135.5007172084935,34.85611025147632],[135.5006383921854,34.85654626309026],[135.50050787532592,34.85697383581162],[135.50032691486373,34.85738885188137],[135.500097253547,34.85778731446788],[135.4998211031398,34.85816538615862],[135.49950112312143,34.85851942591654],[135.49914039507448,34.85884602414522],[135.49874239300715,34.8591420355252],[135.49831094989696,34.85940460930507],[135.49785022077694,34.85963121675577],[135.49736464272033,34.8598196755237],[135.49685889210926,34.859968170647896],[135.49633783959862,34.86007527203913],[135.4958065032089,34.86013994825246],[135.49527,34.8601615764206],[135.4947334967911,34.86013994825246],[135.4942021604014,34.86007527203913],[135.49368110789075,34.859968170647896],[135.49317535727968,34.8598196755237],[135.49268977922307,34.85963121675577],[135.49222905010305,34.85940460930507],[135.49179760699286,34.8591420355252],[135.49139960492553,34.85884602414522],[135.49103887687858,34.85851942591654],[135.49071889686022,34.85816538615862],[135.490442746453,34.85778731446788],[135.49021308513628,34.85738885188137],[135.4900321246741,34.85697383581162],[135.4899016078146,34.85654626309026],[135.4898227915065,34.85611025147632],[135.48979643479396,34.85567],[135.4898227915065,34.85522974852368],[135.4899016078146,34.85479373690975],[135.4900321246741,34.854366164188384],[135.49021308513628,34.85395114811864],[135.490442746453,34.85355268553213],[135.49071889686022,34.85317461384139],[135.49103887687858,34.85282057408347],[135.49139960492553,34.852493975854784],[135.49179760699286,34.852197964474804],[135.49222905010305,34.85193539069494],[135.49268977922307,34.851708783244234],[135.49317535727968,34.851520324476304],[135.49368110789075,34.85137182935211],[135.4942021604014,34.851264727960874],[135.4947334967911,34.85120005174755],[135.49527,34.851178423579405],[135.4958065032089,34.85120005174755],[135.49633783959862,34.851264727960874],[135.49685889210926,34.85137182935211],[135.49736464272033,34.851520324476304],[135.49785022077694,34.851708783244234],[135.49831094989696,34.85193539069494],[135.49874239300715,34.852197964474804],[135.49914039507448,34.852493975854784],[135.49950112312143,34.85282057408347],[135.4998211031398,34.85317461384139],[135.500097253547,34.85355268553213],[135.50032691486373,34.85395114811864],[135.50050787532592,34.854366164188384],[135.5006383921854,34.85479373690975],[135.5007172084935,34.85522974852368],[135.50074356520605,34.85567]]]}},{"type":"Feature","properties":{"layer":"z18_optional","buffer_m":200},"geometry":{"type":"Polygon","coordinates":[[[135.49745942608243,34.85567],[135.4974488833974,34.85584610059053],[135.49741735687417,34.8560205052361],[135.49736515013038,34.85619153432465],[135.4972927659455,34.85635754075255],[135.4972009014188,34.856516925787155],[135.49709044125592,34.85666815446345],[135.49696244924857,34.85680977036662],[135.49681815802978,34.856940409658094],[135.49665895720287,34.857058814210085],[135.49648637995878,34.85716384372203],[135.49630208831078,34.85725448670231],[135.49610785708813,34.85732987020948],[135.49590555684372,34.85738926825916],[135.49569713583946,34.85743210881566],[135.49548460128358,34.85745797930099],[135.49527,34.85746663056824],[135.49505539871643,34.85745797930099],[135.49484286416055,34.85743210881566],[135.4946344431563,34.85738926825916],[135.49443214291188,34.85732987020948],[135.49423791168923,34.85725448670231],[135.49405362004123,34.85716384372203],[135.49388104279714,34.857058814210085],[135.49372184197023,34.856940409658094],[135.49357755075144,34.85680977036662],[135.4934495587441,34.85666815446345],[135.4933390985812,34.856516925787155],[135.4932472340545,34.85635754075255],[135.49317484986963,34.85619153432465],[135.49312264312584,34.8560205052361],[135.4930911166026,34.85584610059053],[135.49308057391758,34.85567],[135.4930911166026,34.855493899409474],[135.49312264312584,34.855319494763904],[135.49317484986963,34.855148465675356],[135.4932472340545,34.85498245924746],[135.4933390985812,34.85482307421285],[135.4934495587441,34.85467184553656],[135.49357755075144,34.85453022963339],[135.49372184197023,34.85439959034191],[135.49388104279714,34.85428118578992],[135.49405362004123,34.85417615627798],[135.49423791168923,34.8540855132977],[135.49443214291188,34.854010129790524],[135.4946344431563,34.853950731740845],[135.49484286416055,34.85390789118435],[135.49505539871643,34.85388202069902],[135.49527,34.85387336943177],[135.49548460128358,34.85388202069902],[135.49569713583946,34.85390789118435],[135.49590555684372,34.853950731740845],[135.49610785708813,34.854010129790524],[135.49630208831078,34.8540855132977],[135.49648637995878,34.85417615627798],[135.49665895720287,34.85428118578992],[135.49681815802978,34.85439959034191],[135.49696244924857,34.85453022963339],[135.49709044125592,34.85467184553656],[135.4972009014188,34.85482307421285],[135.4972927659455,34.85498245924746],[135.49736515013038,34.855148465675356],[135.49741735687417,34.855319494763904],[135.4974488833974,34.855493899409474],[135.49745942608243,34.85567]]]}},{"type":"Feature","properties":{"layer":"z17_default","buffer_m":500},"geometry":{"type":"Polygon","coordinates":[[[135.49923381672818,34.85945],[135.49920745880448,34.85989025147632],[135.49912863887462,34.86032626309026],[135.4989981160176,34.86075383581162],[135.4988171472399,34.86116885188137],[135.49858747536973,34.86156731446788],[135.4983113122728,34.86194538615862],[135.49799131755069,34.86229942591654],[135.49763057292748,34.86262602414522],[135.4972325525711,34.8629220355252],[135.4968010896352,34.863184609305065],[135.49634033934365,34.86341121675577],[135.4958547389737,34.8635996755237],[135.4953489651223,34.863748170647895],[135.49482788866817,34.86385527203913],[135.4942965278624,34.86391994825246],[135.49376,34.8639415764206],[135.49322347213763,34.86391994825246],[135.49269211133185,34.86385527203913],[135.4921710348777,34.863748170647895],[135.49166526102633,34.8635996755237],[135.49117966065637,34.86341121675577],[135.49071891036482,34.863184609305065],[135.49028744742893,34.8629220355252],[135.48988942707254,34.86262602414522],[135.48952868244933,34.86229942591654],[135.48920868772723,34.86194538615862],[135.4889325246303,34.86156731446788],[135.48870285276013,34.86116885188137],[135.48852188398243,34.86075383581162],[135.4883913611254,34.86032626309026],[135.48831254119554,34.85989025147632],[135.48828618327184,34.85945],[135.48831254119554,34.85900974852368],[135.4883913611254,34.85857373690975],[135.48852188398243,34.85814616418838],[135.48870285276013,34.85773114811864],[135.4889325246303,34.85733268553213],[135.48920868772723,34.85695461384139],[135.48952868244933,34.856600574083465],[135.48988942707254,34.85627397585478],[135.49028744742893,34.8559779644748],[135.49071891036482,34.85571539069494],[135.49117966065637,34.85548878324423],[135.49166526102633,34.8553003244763],[135.4921710348777,34.85515182935211],[135.49269211133185,34.85504472796087],[135.49322347213763,34.854980051747546],[135.49376,34.854958423579404],[135.4942965278624,34.854980051747546],[135.49482788866817,34.85504472796087],[135.4953489651223,34.85515182935211],[135.4958547389737,34.8553003244763],[135.49634033934365,34.85548878324423],[135.4968010896352,34.85571539069494],[135.4972325525711,34.8559779644748],[135.49763057292748,34.85627397585478],[135.49799131755069,34.856600574083465],[135.4983113122728,34.85695461384139],[135.49858747536973,34.85733268553213],[135.4988171472399,34.85773114811864],[135.4989981160176,34.85814616418838],[135.49912863887462,34.85857373690975],[135.49920745880448,34.85900974852368],[135.49923381672818,34.85945]]]}},{"type":"Feature","properties":{"layer":"z18_optional","buffer_m":200},"geometry":{"type":"Polygon","coordinates":[[[135.49594952669128,34.85945],[135.4959389835218,34.85962610059053],[135.49590745554985,34.8598005052361],[135.49585524640705,34.85997153432465],[135.49578285889595,34.86013754075255],[135.4956909901479,34.860296925787154],[135.49558052490912,34.86044815446345],[135.49545252702026,34.860589770366616],[135.495308229171,34.86072040965809],[135.49514902102845,34.860838814210084],[135.49497643585408,34.860943843722026],[135.49479213573747,34.86103448670231],[135.49459789558946,34.86110987020948],[135.4943955860489,34.86116926825916],[135.49418715546727,34.86121210881566],[135.49397461114495,34.86123797930099],[135.49376,34.86124663056824],[135.49354538885507,34.86123797930099],[135.49333284453274,34.86121210881566],[135.4931244139511,34.86116926825916],[135.49292210441055,34.86110987020948],[135.49272786426255,34.86103448670231],[135.49254356414593,34.860943843722026],[135.49237097897156,34.860838814210084],[135.49221177082902,34.86072040965809],[135.49206747297976,34.860589770366616],[135.4919394750909,34.86044815446345],[135.49182900985213,34.860296925787154],[135.49173714110407,34.86013754075255],[135.49166475359297,34.85997153432465],[135.49161254445016,34.8598005052361],[135.49158101647822,34.85962610059053],[135.49157047330874,34.85945],[135.49158101647822,34.85927389940947],[135.49161254445016,34.8590994947639],[135.49166475359297,34.858928465675355],[135.49173714110407,34.85876245924746],[135.49182900985213,34.85860307421285],[135.4919394750909,34.85845184553656],[135.49206747297976,34.85831022963339],[135.49221177082902,34.85817959034191],[135.49237097897156,34.85806118578992],[135.49254356414593,34.85795615627798],[135.49272786426255,34.857865513297696],[135.49292210441055,34.85779012979052],[135.4931244139511,34.857730731740844],[135.49333284453274,34.85768789118435],[135.49354538885507,34.85766202069902],[135.49376,34.857653369431766],[135.49397461114495,34.85766202069902],[135.49418715546727,34.85768789118435],[135.4943955860489,34.857730731740844],[135.49459789558946,34.85779012979052],[135.49479213573747,34.857865513297696],[135.49497643585408,34.85795615627798],[135.49514902102845,34.85806118578992],[135.495308229171,34.85817959034191],[135.49545252702026,34.85831022963339],[135.49558052490912,34.85845184553656],[135.4956909901479,34.85860307421285],[135.49578285889595,34.85876245924746],[135.49585524640705,34.858928465675355],[135.49590745554985,34.8590994947639],[135.4959389835218,34.85927389940947],[135.49594952669128,34.85945]]]}},{"type":"Feature","properties":{"layer":"z17_default","buffer_m":500},"geometry":{"type":"Polygon","coordinates":[[[135.49989398976004,34.86205],[135.49986763100316,34.86249025147632],[135.49978880858174,34.86292626309026],[135.49965828159878,34.86335383581162],[135.49947730710048,34.86376885188137],[135.49924762797022,34.86416731446788],[135.49897145614352,34.86454538615862],[135.4986514513061,34.86489942591654],[135.49829069527948,34.86522602414522],[135.49789266234134,34.8655220355252],[135.49746118576653,34.86578460930507],[135.4970004209103,34.86601121675577],[135.4965148051901,34.8661996755237],[135.49600901535078,34.866348170647896],[135.49548792242499,34.86645527203913],[135.49495654482246,34.86651994825246],[135.49442,34.8665415764206],[135.49388345517752,34.86651994825246],[135.493352077575,34.86645527203913],[135.4928309846492,34.866348170647896],[135.4923251948099,34.8661996755237],[135.49183957908969,34.86601121675577],[135.49137881423346,34.86578460930507],[135.49094733765864,34.8655220355252],[135.4905493047205,34.86522602414522],[135.49018854869388,34.86489942591654],[135.48986854385646,34.86454538615862],[135.48959237202976,34.86416731446788],[135.4893626928995,34.86376885188137],[135.4891817184012,34.86335383581162],[135.48905119141824,34.86292626309026],[135.48897236899683,34.86249025147632],[135.48894601023994,34.86205],[135.48897236899683,34.86160974852368],[135.48905119141824,34.86117373690975],[135.4891817184012,34.860746164188384],[135.4893626928995,34.86033114811864],[135.48959237202976,34.85993268553213],[135.48986854385646,34.85955461384139],[135.49018854869388,34.85920057408347],[135.4905493047205,34.858873975854785],[135.49094733765864,34.858577964474804],[135.49137881423346,34.85831539069494],[135.49183957908969,34.858088783244234],[135.4923251948099,34.857900324476304],[135.4928309846492,34.85775182935211],[135.493352077575,34.857644727960874],[135.49388345517752,34.85758005174755],[135.49442,34.857558423579405],[135.49495654482246,34.85758005174755],[135.49548792242499,34.857644727960874],[135.49600901535078,34.85775182935211],[135.4965148051901,34.857900324476304],[135.4970004209103,34.858088783244234],[135.49746118576653,34.85831539069494],[135.49789266234134,34.858577964474804],[135.49829069527948,34.858873975854785],[135.4986514513061,34.85920057408347],[135.49897145614352,34.85955461384139],[135.49924762797022,34.85993268553213],[135.49947730710048,34.86033114811864],[135.49965828159878,34.860746164188384],[135.49978880858174,34.86117373690975],[135.49986763100316,34.86160974852368],[135.49989398976004,34.86205]]]}},{"type":"Feature","properties":{"layer":"z18_optional","buffer_m":200},"geometry":{"type":"Polygon","coordinates":[[[135.496609595904,34.86205],[135.49659905240125,34.86222610059053],[135.49656752343267,34.8624005052361],[135.4965153126395,34.86257153432465],[135.4964429228402,34.86273754075255],[135.49635105118807,34.862896925787155],[135.4962405824574,34.86304815446345],[135.49611258052244,34.86318977036662],[135.49596827811177,34.863320409658094],[135.49580906493654,34.863438814210085],[135.49563647430662,34.86354384372203],[135.49545216836412,34.86363448670231],[135.49525792207604,34.86370987020948],[135.4950556061403,34.86376926825916],[135.49484716896998,34.86381210881566],[135.494634617929,34.86383797930099],[135.49442,34.86384663056824],[135.494205382071,34.86383797930099],[135.49399283103,34.86381210881566],[135.49378439385967,34.86376926825916],[135.49358207792395,34.86370987020948],[135.49338783163586,34.86363448670231],[135.49320352569336,34.86354384372203],[135.49303093506344,34.863438814210085],[135.4928717218882,34.863320409658094],[135.49272741947755,34.86318977036662],[135.49259941754258,34.86304815446345],[135.4924889488119,34.862896925787155],[135.49239707715978,34.86273754075255],[135.49232468736048,34.86257153432465],[135.4922724765673,34.8624005052361],[135.49224094759873,34.86222610059053],[135.49223040409598,34.86205],[135.49224094759873,34.861873899409474],[135.4922724765673,34.861699494763904],[135.49232468736048,34.861528465675356],[135.49239707715978,34.86136245924746],[135.4924889488119,34.86120307421285],[135.49259941754258,34.86105184553656],[135.49272741947755,34.86091022963339],[135.4928717218882,34.86077959034191],[135.49303093506344,34.86066118578992],[135.49320352569336,34.86055615627798],[135.49338783163586,34.8604655132977],[135.49358207792395,34.860390129790524],[135.49378439385967,34.860330731740845],[135.49399283103,34.86028789118435],[135.494205382071,34.86026202069902],[135.49442,34.86025336943177],[135.494634617929,34.86026202069902],[135.49484716896998,34.86028789118435],[135.4950556061403,34.860330731740845],[135.49525792207604,34.860390129790524],[135.49545216836412,34.8604655132977],[135.49563647430662,34.86055615627798],[135.49580906493654,34.86066118578992],[135.49596827811177,34.86077959034191],[135.49611258052244,34.86091022963339],[135.4962405824574,34.86105184553656],[135.49635105118807,34.86120307421285],[135.4964429228402,34.86136245924746],[135.4965153126395,34.861528465675356],[135.49656752343267,34.861699494763904],[135.49659905240125,34.861873899409474],[135.496609595904,34.86205]]]}},{"type":"Feature","properties":{"layer":"z17_default","buffer_m":500},"geometry":{"type":"Polygon","coordinates":[[[135.49806383669227,34.85975],[135.49803747867244,34.86019025147632],[135.4979586584551,34.86062626309025],[135.49782813512203,34.86105383581162],[135.4976471656843,34.86146885188136],[135.49741749297647,34.86186731446787],[135.49714132887232,34.86224538615861],[135.49682133298313,34.862599425916535],[135.4964605870442,34.86292602414522],[135.49606256523617,34.8632220355252],[135.49563110072663,34.86348460930506],[135.49517034875464,34.86371121675577],[135.49468474661361,34.8638996755237],[135.49417897091757,34.86404817064789],[135.49365789256296,34.86415527203913],[135.49312652981922,34.864219948252455],[135.49259,34.864241576420596],[135.4920534701808,34.864219948252455],[135.49152210743705,34.86415527203913],[135.49100102908244,34.86404817064789],[135.4904952533864,34.8638996755237],[135.49000965124537,34.86371121675577],[135.4895488992734,34.86348460930506],[135.48911743476384,34.8632220355252],[135.48871941295582,34.86292602414522],[135.48835866701688,34.862599425916535],[135.4880386711277,34.86224538615861],[135.48776250702355,34.86186731446787],[135.48753283431572,34.86146885188136],[135.48735186487798,34.86105383581162],[135.4872213415449,34.86062626309025],[135.48714252132757,34.86019025147632],[135.48711616330775,34.85975],[135.48714252132757,34.85930974852368],[135.4872213415449,34.85887373690974],[135.48735186487798,34.85844616418838],[135.48753283431572,34.858031148118634],[135.48776250702355,34.857632685532124],[135.4880386711277,34.857254613841384],[135.48835866701688,34.85690057408346],[135.48871941295582,34.85657397585478],[135.48911743476384,34.8562779644748],[135.4895488992734,34.856015390694935],[135.49000965124537,34.85578878324423],[135.4904952533864,34.8556003244763],[135.49100102908244,34.855451829352106],[135.49152210743705,34.85534472796087],[135.4920534701808,34.85528005174754],[135.49259,34.8552584235794],[135.49312652981922,34.85528005174754],[135.49365789256296,34.85534472796087],[135.49417897091757,34.855451829352106],[135.49468474661361,34.8556003244763],[135.49517034875464,34.85578878324423],[135.49563110072663,34.856015390694935],[135.49606256523617,34.8562779644748],[135.4964605870442,34.85657397585478],[135.49682133298313,34.85690057408346],[135.49714132887232,34.857254613841384],[135.49741749297647,34.857632685532124],[135.4976471656843,34.858031148118634],[135.49782813512203,34.85844616418838],[135.4979586584551,34.85887373690974],[135.49803747867244,34.85930974852368],[135.49806383669227,34.85975]]]}},{"type":"Feature","properties":{"layer":"z18_optional","buffer_m":200},"geometry":{"type":"Polygon","coordinates":[[[135.49477953467692,34.85975],[135.494768991469,34.85992610059053],[135.49473746338205,34.8601005052361],[135.49468525404882,34.860271534324646],[135.4946128662737,34.86043754075254],[135.4945209971906,34.86059692578715],[135.49441053154894,34.860748154463444],[135.49428253319326,34.86088977036661],[135.49413823481768,34.86102040965809],[135.49397902609448,34.86113881421008],[135.49380644029065,34.86124384372202],[135.49362213950187,34.861334486702305],[135.49342789864545,34.86140987020948],[135.49322558836704,34.86146926825916],[135.49301715702518,34.86151210881565],[135.49280461192768,34.861537979300984],[135.49259,34.861546630568235],[135.49237538807233,34.861537979300984],[135.49216284297484,34.86151210881565],[135.49195441163297,34.86146926825916],[135.49175210135456,34.86140987020948],[135.49155786049815,34.861334486702305],[135.49137355970936,34.86124384372202],[135.49120097390553,34.86113881421008],[135.49104176518233,34.86102040965809],[135.49089746680676,34.86088977036661],[135.49076946845108,34.860748154463444],[135.49065900280942,34.86059692578715],[135.4905671337263,34.86043754075254],[135.4904947459512,34.860271534324646],[135.49044253661796,34.8601005052361],[135.49041100853103,34.85992610059053],[135.4904004653231,34.85975],[135.49041100853103,34.85957389940947],[135.49044253661796,34.8593994947639],[135.4904947459512,34.85922846567535],[135.4905671337263,34.859062459247454],[135.49065900280942,34.85890307421285],[135.49076946845108,34.85875184553655],[135.49089746680676,34.858610229633385],[135.49104176518233,34.85847959034191],[135.49120097390553,34.85836118578992],[135.49137355970936,34.858256156277974],[135.49155786049815,34.85816551329769],[135.49175210135456,34.85809012979052],[135.49195441163297,34.85803073174084],[135.49216284297484,34.857987891184344],[135.49237538807233,34.85796202069901],[135.49259,34.85795336943176],[135.49280461192768,34.85796202069901],[135.49301715702518,34.857987891184344],[135.49322558836704,34.85803073174084],[135.49342789864545,34.85809012979052],[135.49362213950187,34.85816551329769],[135.49380644029065,34.858256156277974],[135.49397902609448,34.85836118578992],[135.49413823481768,34.85847959034191],[135.49428253319326,34.858610229633385],[135.49441053154894,34.85875184553655],[135.4945209971906,34.85890307421285],[135.4946128662737,34.859062459247454],[135.49468525404882,34.85922846567535],[135.49473746338205,34.8593994947639],[135.494768991469,34.85957389940947],[135.49477953467692,34.85975]]]}},{"type":"Feature","properties":{"layer":"z17_default","buffer_m":500},"geometry":{"type":"Polygon","coordinates":[[[135.49200391122744,34.86087],[135.4919775528487,34.86131025147632],[135.4918987315581,34.861746263090254],[135.49176820644774,34.86217383581162],[135.49158723454582,34.86258885188136],[135.49135755871063,34.86298731446787],[135.49108139084606,34.86336538615861],[135.49076139059957,34.863719425916535],[135.49040063974854,34.86404602414522],[135.49000261252078,34.8643420355252],[135.48957114213616,34.86460460930506],[135.48911038389028,34.86483121675577],[135.48862477513697,34.8650196755237],[135.48811899255398,34.86516817064789],[135.48759790710403,34.86527527203913],[135.48706653712492,34.865339948252455],[135.48653,34.8653615764206],[135.48599346287506,34.865339948252455],[135.48546209289594,34.86527527203913],[135.484941007446,34.86516817064789],[135.484435224863,34.8650196755237],[135.4839496161097,34.86483121675577],[135.48348885786382,34.86460460930506],[135.4830573874792,34.8643420355252],[135.48265936025143,34.86404602414522],[135.4822986094004,34.863719425916535],[135.4819786091539,34.86336538615861],[135.48170244128934,34.86298731446787],[135.48147276545416,34.86258885188136],[135.48129179355223,34.86217383581162],[135.48116126844187,34.861746263090254],[135.48108244715127,34.86131025147632],[135.48105608877253,34.86087],[135.48108244715127,34.86042974852368],[135.48116126844187,34.85999373690974],[135.48129179355223,34.85956616418838],[135.48147276545416,34.859151148118634],[135.48170244128934,34.858752685532124],[135.4819786091539,34.858374613841384],[135.4822986094004,34.85802057408346],[135.48265936025143,34.85769397585478],[135.4830573874792,34.8573979644748],[135.48348885786382,34.857135390694935],[135.4839496161097,34.85690878324423],[135.484435224863,34.8567203244763],[135.484941007446,34.856571829352106],[135.48546209289594,34.85646472796087],[135.48599346287506,34.85640005174754],[135.48653,34.8563784235794],[135.48706653712492,34.85640005174754],[135.48759790710403,34.85646472796087],[135.48811899255398,34.856571829352106],[135.48862477513697,34.8567203244763],[135.48911038389028,34.85690878324423],[135.48957114213616,34.857135390694935],[135.49000261252078,34.8573979644748],[135.49040063974854,34.85769397585478],[135.49076139059957,34.85802057408346],[135.49108139084606,34.858374613841384],[135.49135755871063,34.858752685532124],[135.49158723454582,34.859151148118634],[135.49176820644774,34.85956616418838],[135.4918987315581,34.85999373690974],[135.4919775528487,34.86042974852368],[135.49200391122744,34.86087]]]}},{"type":"Feature","properties":{"layer":"z18_optional","buffer_m":200},"geometry":{"type":"Polygon","coordinates":[[[135.48871956449096,34.86087],[135.48870902113947,34.86104610059053],[135.48867749262322,34.8612205052361],[135.48862528257908,34.861391534324646],[135.4885528938183,34.86155754075254],[135.48846102348423,34.86171692578715],[135.48835055633842,34.861868154463444],[135.48822255623983,34.86200977036661],[135.4880782558994,34.86214040965809],[135.4879190450083,34.86225881421008],[135.48774645685447,34.86236384372202],[135.4875621535561,34.862454486702305],[135.4873679100548,34.86252987020948],[135.48716559702157,34.86258926825916],[135.4869571628416,34.86263210881565],[135.48674461484995,34.862657979300984],[135.48653,34.862666630568235],[135.48631538515002,34.862657979300984],[135.48610283715837,34.86263210881565],[135.4858944029784,34.86258926825916],[135.4856920899452,34.86252987020948],[135.48549784644388,34.862454486702305],[135.4853135431455,34.86236384372202],[135.48514095499166,34.86225881421008],[135.48498174410057,34.86214040965809],[135.48483744376014,34.86200977036661],[135.48470944366156,34.861868154463444],[135.48459897651574,34.86171692578715],[135.48450710618167,34.86155754075254],[135.4844347174209,34.861391534324646],[135.48438250737675,34.8612205052361],[135.4843509788605,34.86104610059053],[135.484340435509,34.86087],[135.4843509788605,34.86069389940947],[135.48438250737675,34.8605194947639],[135.4844347174209,34.86034846567535],[135.48450710618167,34.860182459247454],[135.48459897651574,34.86002307421285],[135.48470944366156,34.85987184553655],[135.48483744376014,34.859730229633385],[135.48498174410057,34.85959959034191],[135.48514095499166,34.85948118578992],[135.4853135431455,34.859376156277975],[135.48549784644388,34.85928551329769],[135.4856920899452,34.85921012979052],[135.4858944029784,34.85915073174084],[135.48610283715837,34.859107891184344],[135.48631538515002,34.85908202069901],[135.48653,34.85907336943176],[135.48674461484995,34.85908202069901],[135.4869571628416,34.859107891184344],[135.48716559702157,34.85915073174084],[135.4873679100548,34.85921012979052],[135.4875621535561,34.85928551329769],[135.48774645685447,34.859376156277975],[135.4879190450083,34.85948118578992],[135.4880782558994,34.85959959034191],[135.48822255623983,34.859730229633385],[135.48835055633842,34.85987184553655],[135.48846102348423,34.86002307421285],[135.4885528938183,34.860182459247454],[135.48862528257908,34.86034846567535],[135.48867749262322,34.8605194947639],[135.48870902113947,34.86069389940947],[135.48871956449096,34.86087]]]}},{"type":"Feature","properties":{"layer":"z17_default","buffer_m":500},"geometry":{"type":"Polygon","coordinates":[[[135.49258380940807,34.85934],[135.49255745151964,34.85978025147632],[135.49247863169518,34.86021626309026],[135.4923481090127,34.86064383581162],[135.492167140477,34.86105885188137],[135.491937468914,34.86145731446788],[135.49166130618636,34.86183538615862],[135.49134131189217,34.86218942591654],[135.49098056775136,34.86251602414522],[135.4905825479273,34.8628120355252],[135.49015108556836,34.863074609305066],[135.489690335893,34.86330121675577],[135.4892047361724,34.8634896755237],[135.48869896299738,34.863638170647896],[135.48817788724008,34.86374527203913],[135.4876465271449,34.86380994825246],[135.48711,34.8638315764206],[135.4865734728551,34.86380994825246],[135.48604211275992,34.86374527203913],[135.48552103700263,34.863638170647896],[135.4850152638276,34.8634896755237],[135.48452966410701,34.86330121675577],[135.48406891443165,34.863074609305066],[135.4836374520727,34.8628120355252],[135.48323943224864,34.86251602414522],[135.48287868810783,34.86218942591654],[135.48255869381364,34.86183538615862],[135.482282531086,34.86145731446788],[135.482052859523,34.86105885188137],[135.4818718909873,34.86064383581162],[135.48174136830482,34.86021626309026],[135.48166254848036,34.85978025147632],[135.48163619059193,34.85934],[135.48166254848036,34.85889974852368],[135.48174136830482,34.85846373690975],[135.4818718909873,34.858036164188384],[135.482052859523,34.85762114811864],[135.482282531086,34.85722268553213],[135.48255869381364,34.85684461384139],[135.48287868810783,34.856490574083466],[135.48323943224864,34.856163975854784],[135.4836374520727,34.855867964474804],[135.48406891443165,34.85560539069494],[135.48452966410701,34.855378783244234],[135.4850152638276,34.855190324476304],[135.48552103700263,34.85504182935211],[135.48604211275992,34.854934727960874],[135.4865734728551,34.85487005174755],[135.48711,34.854848423579405],[135.4876465271449,34.85487005174755],[135.48817788724008,34.854934727960874],[135.48869896299738,34.85504182935211],[135.4892047361724,34.855190324476304],[135.489690335893,34.855378783244234],[135.49015108556836,34.85560539069494],[135.4905825479273,34.855867964474804],[135.49098056775136,34.856163975854784],[135.49134131189217,34.856490574083466],[135.49166130618636,34.85684461384139],[135.491937468914,34.85722268553213],[135.492167140477,34.85762114811864],[135.4923481090127,34.858036164188384],[135.49247863169518,34.85846373690975],[135.49255745151964,34.85889974852368],[135.49258380940807,34.85934]]]}},{"type":"Feature","properties":{"layer":"z18_optional","buffer_m":200},"geometry":{"type":"Polygon","coordinates":[[[135.48929952376324,34.85934],[135.48928898060785,34.85951610059053],[135.48925745267806,34.8596905052361],[135.48920524360508,34.85986153432465],[135.4891328561908,34.86002754075255],[135.4890409875656,34.860186925787154],[135.48893052247453,34.86033815446345],[135.48880252475686,34.86047977036662],[135.48865822710056,34.86061040965809],[135.48849901917092,34.860728814210084],[135.48832643422733,34.86083384372203],[135.4881421343572,34.86092448670231],[135.48794789446896,34.86099987020948],[135.48774558519895,34.86105926825916],[135.48753715489605,34.86110210881566],[135.48732461085797,34.86112797930099],[135.48711,34.86113663056824],[135.48689538914203,34.86112797930099],[135.48668284510396,34.86110210881566],[135.48647441480105,34.86105926825916],[135.48627210553104,34.86099987020948],[135.4860778656428,34.86092448670231],[135.48589356577267,34.86083384372203],[135.4857209808291,34.860728814210084],[135.48556177289944,34.86061040965809],[135.48541747524314,34.86047977036662],[135.48528947752547,34.86033815446345],[135.4851790124344,34.860186925787154],[135.4850871438092,34.86002754075255],[135.48501475639492,34.85986153432465],[135.48496254732194,34.8596905052361],[135.48493101939215,34.85951610059053],[135.48492047623677,34.85934],[135.48493101939215,34.859163899409474],[135.48496254732194,34.858989494763904],[135.48501475639492,34.858818465675355],[135.4850871438092,34.85865245924746],[135.4851790124344,34.85849307421285],[135.48528947752547,34.85834184553656],[135.48541747524314,34.85820022963339],[135.48556177289944,34.85806959034191],[135.4857209808291,34.85795118578992],[135.48589356577267,34.85784615627798],[135.4860778656428,34.8577555132977],[135.48627210553104,34.85768012979052],[135.48647441480105,34.857620731740845],[135.48668284510396,34.85757789118435],[135.48689538914203,34.85755202069902],[135.48711,34.85754336943177],[135.48732461085797,34.85755202069902],[135.48753715489605,34.85757789118435],[135.48774558519895,34.857620731740845],[135.48794789446896,34.85768012979052],[135.4881421343572,34.8577555132977],[135.48832643422733,34.85784615627798],[135.48849901917092,34.85795118578992],[135.48865822710056,34.85806959034191],[135.48880252475686,34.85820022963339],[135.48893052247453,34.85834184553656],[135.4890409875656,34.85849307421285],[135.4891328561908,34.85865245924746],[135.48920524360508,34.858818465675355],[135.48925745267806,34.858989494763904],[135.48928898060785,34.859163899409474],[135.48929952376324,34.85934]]]}},{"type":"Feature","properties":{"layer":"z17_default","buffer_m":500},"geometry":{"type":"Polygon","coordinates":[[[135.5030929844891,34.84694],[135.50306663057285,34.84738025147632],[135.50298782262675,34.84781626309025],[135.50285731961444,34.848243835811616],[135.5026763783512,34.84865885188136],[135.50244674140038,34.84905731446787],[135.50217062029128,34.84943538615861],[135.50185067422115,34.84978942591653],[135.50148998444556,34.850116024145215],[135.5010920246042,34.850412035525196],[135.5006606272679,34.85067460930506],[135.50019994702885,34.850901216755766],[135.49971442048957,34.851089675523696],[135.49920872353604,34.85123817064789],[135.49868772630637,34.851345272039126],[135.4981564462887,34.85140994825245],[135.49762,34.851431576420595],[135.49708355371132,34.85140994825245],[135.49655227369365,34.851345272039126],[135.49603127646398,34.85123817064789],[135.49552557951046,34.851089675523696],[135.49504005297118,34.850901216755766],[135.49457937273212,34.85067460930506],[135.49414797539583,34.850412035525196],[135.49375001555447,34.850116024145215],[135.49338932577888,34.84978942591653],[135.49306937970874,34.84943538615861],[135.49279325859965,34.84905731446787],[135.49256362164883,34.84865885188136],[135.4923826803856,34.848243835811616],[135.49225217737327,34.84781626309025],[135.49217336942718,34.84738025147632],[135.49214701551094,34.84694],[135.49217336942718,34.84649974852368],[135.49225217737327,34.84606373690974],[135.4923826803856,34.84563616418838],[135.49256362164883,34.84522114811863],[135.49279325859965,34.84482268553212],[135.49306937970874,34.84444461384138],[135.49338932577888,34.84409057408346],[135.49375001555447,34.84376397585478],[135.49414797539583,34.8434679644748],[135.49457937273212,34.84320539069493],[135.49504005297118,34.84297878324423],[135.49552557951046,34.8427903244763],[135.49603127646398,34.842641829352104],[135.49655227369365,34.84253472796087],[135.49708355371132,34.84247005174754],[135.49762,34.8424484235794],[135.4981564462887,34.84247005174754],[135.49868772630637,34.84253472796087],[135.49920872353604,34.842641829352104],[135.49971442048957,34.8427903244763],[135.50019994702885,34.84297878324423],[135.5006606272679,34.84320539069493],[135.5010920246042,34.8434679644748],[135.50148998444556,34.84376397585478],[135.50185067422115,34.84409057408346],[135.50217062029128,34.84444461384138],[135.50244674140038,34.84482268553212],[135.5026763783512,34.84522114811863],[135.50285731961444,34.84563616418838],[135.50298782262675,34.84606373690974],[135.50306663057285,34.84649974852368],[135.5030929844891,34.84694]]]}},{"type":"Feature","properties":{"layer":"z18_optional","buffer_m":200},"geometry":{"type":"Polygon","coordinates":[[[135.49980919379564,34.84694],[135.49979865222915,34.847116100590526],[135.49976712905072,34.847290505236096],[135.4997149278458,34.847461534324644],[135.4996425513405,34.84762754075254],[135.49955069656016,34.84778692578715],[135.4994402481165,34.84793815446344],[135.49931226968846,34.84807977036661],[135.49916799377823,34.84821040965809],[135.49900880984168,34.84832881421008],[135.49883625090717,34.84843384372202],[135.49865197881155,34.8485244867023],[135.49845776819583,34.848599870209476],[135.49825548941442,34.848659268259155],[135.49804709052256,34.84870210881565],[135.4978345785155,34.84872797930098],[135.49762,34.84873663056823],[135.49740542148453,34.84872797930098],[135.49719290947746,34.84870210881565],[135.4969845105856,34.848659268259155],[135.4967822318042,34.848599870209476],[135.49658802118847,34.8485244867023],[135.49640374909285,34.84843384372202],[135.49623119015834,34.84832881421008],[135.4960720062218,34.84821040965809],[135.49592773031156,34.84807977036661],[135.4957997518835,34.84793815446344],[135.49568930343986,34.84778692578715],[135.49559744865954,34.84762754075254],[135.49552507215424,34.847461534324644],[135.4954728709493,34.847290505236096],[135.49544134777088,34.847116100590526],[135.49543080620438,34.84694],[135.49544134777088,34.84676389940947],[135.4954728709493,34.8465894947639],[135.49552507215424,34.84641846567535],[135.49559744865954,34.84625245924745],[135.49568930343986,34.846093074212845],[135.4957997518835,34.84594184553655],[135.49592773031156,34.84580022963338],[135.4960720062218,34.845669590341906],[135.49623119015834,34.845551185789915],[135.49640374909285,34.84544615627797],[135.49658802118847,34.84535551329769],[135.4967822318042,34.84528012979052],[135.4969845105856,34.84522073174084],[135.49719290947746,34.84517789118434],[135.49740542148453,34.84515202069901],[135.49762,34.84514336943176],[135.4978345785155,34.84515202069901],[135.49804709052256,34.84517789118434],[135.49825548941442,34.84522073174084],[135.49845776819583,34.84528012979052],[135.49865197881155,34.84535551329769],[135.49883625090717,34.84544615627797],[135.49900880984168,34.845551185789915],[135.49916799377823,34.845669590341906],[135.49931226968846,34.84580022963338],[135.4994402481165,34.84594184553655],[135.49955069656016,34.846093074212845],[135.4996425513405,34.84625245924745],[135.4997149278458,34.84641846567535],[135.49976712905072,34.8465894947639],[135.49979865222915,34.84676389940947],[135.49980919379564,34.84694]]]}},{"type":"Feature","properties":{"layer":"z17_default","buffer_m":500},"geometry":{"type":"Polygon","coordinates":[[[135.50195283685522,34.84472],[135.5019264836499,34.84516025147632],[135.50184767782966,34.84559626309026],[135.50171717833766,34.84602383581162],[135.5015362419553,34.846438851881366],[135.50130661119894,34.84683731446788],[135.5010304975382,34.84721538615862],[135.50071056009864,34.84756942591654],[135.50034988005265,34.84789602414522],[135.49995193094628,34.8481920355252],[135.49952054524692,34.848454609305065],[135.49905987743475,34.84868121675577],[135.49857436399253,34.8488696755237],[135.49806868068018,34.849018170647895],[135.49754769750442,34.84912527203913],[135.49701643181803,34.84918994825246],[135.49648,34.8492115764206],[135.49594356818196,34.84918994825246],[135.49541230249557,34.84912527203913],[135.4948913193198,34.849018170647895],[135.49438563600745,34.8488696755237],[135.49390012256524,34.84868121675577],[135.49343945475306,34.848454609305065],[135.4930080690537,34.8481920355252],[135.49261011994733,34.84789602414522],[135.49224943990134,34.84756942591654],[135.49192950246177,34.84721538615862],[135.49165338880104,34.84683731446788],[135.49142375804468,34.846438851881366],[135.49124282166233,34.84602383581162],[135.49111232217032,34.84559626309026],[135.4910335163501,34.84516025147632],[135.49100716314476,34.84472],[135.4910335163501,34.84427974852368],[135.49111232217032,34.84384373690975],[135.49124282166233,34.84341616418838],[135.49142375804468,34.84300114811864],[135.49165338880104,34.84260268553213],[135.49192950246177,34.84222461384139],[135.49224943990134,34.841870574083465],[135.49261011994733,34.84154397585478],[135.4930080690537,34.8412479644748],[135.49343945475306,34.84098539069494],[135.49390012256524,34.84075878324423],[135.49438563600745,34.8405703244763],[135.4948913193198,34.84042182935211],[135.49541230249557,34.84031472796087],[135.49594356818196,34.840250051747546],[135.49648,34.840228423579404],[135.49701643181803,34.840250051747546],[135.49754769750442,34.84031472796087],[135.49806868068018,34.84042182935211],[135.49857436399253,34.8405703244763],[135.49905987743475,34.84075878324423],[135.49952054524692,34.84098539069494],[135.49995193094628,34.8412479644748],[135.50034988005265,34.84154397585478],[135.50071056009864,34.841870574083465],[135.5010304975382,34.84222461384139],[135.50130661119894,34.84260268553213],[135.5015362419553,34.84300114811864],[135.50171717833766,34.84341616418838],[135.50184767782966,34.84384373690975],[135.5019264836499,34.84427974852368],[135.50195283685522,34.84472]]]}},{"type":"Feature","properties":{"layer":"z18_optional","buffer_m":200},"geometry":{"type":"Polygon","coordinates":[[[135.49866913474207,34.84472],[135.49865859345996,34.84489610059053],[135.49862707113186,34.8450705052361],[135.49857487133505,34.84524153432465],[135.49850249678212,34.84540754075255],[135.49841064447958,34.84556692578715],[135.4983001990153,34.84571815446345],[135.49817222403945,34.845859770366616],[135.49802795202106,34.84599040965809],[135.4978687723785,34.84610881421008],[135.49769621809878,34.846213843722026],[135.4975119509739,34.84630448670231],[135.497317745597,34.84637987020948],[135.49711547227207,34.84643926825916],[135.49690707900177,34.84648210881566],[135.4966945727272,34.84650797930099],[135.49648,34.84651663056824],[135.4962654272728,34.84650797930099],[135.4960529209982,34.84648210881566],[135.4958445277279,34.84643926825916],[135.49564225440298,34.84637987020948],[135.4954480490261,34.84630448670231],[135.4952637819012,34.846213843722026],[135.4950912276215,34.84610881421008],[135.49493204797892,34.84599040965809],[135.49478777596053,34.845859770366616],[135.4946598009847,34.84571815446345],[135.4945493555204,34.84556692578715],[135.49445750321786,34.84540754075255],[135.49438512866493,34.84524153432465],[135.49433292886812,34.8450705052361],[135.49430140654002,34.84489610059053],[135.4942908652579,34.84472],[135.49430140654002,34.84454389940947],[135.49433292886812,34.8443694947639],[135.49438512866493,34.844198465675355],[135.49445750321786,34.84403245924746],[135.4945493555204,34.84387307421285],[135.4946598009847,34.84372184553656],[135.49478777596053,34.84358022963339],[135.49493204797892,34.84344959034191],[135.4950912276215,34.84333118578992],[135.4952637819012,34.84322615627798],[135.4954480490261,34.843135513297696],[135.49564225440298,34.84306012979052],[135.4958445277279,34.843000731740844],[135.4960529209982,34.84295789118435],[135.4962654272728,34.84293202069902],[135.49648,34.842923369431766],[135.4966945727272,34.84293202069902],[135.49690707900177,34.84295789118435],[135.49711547227207,34.843000731740844],[135.497317745597,34.84306012979052],[135.4975119509739,34.843135513297696],[135.49769621809878,34.84322615627798],[135.4978687723785,34.84333118578992],[135.49802795202106,34.84344959034191],[135.49817222403945,34.84358022963339],[135.4983001990153,34.84372184553656],[135.49841064447958,34.84387307421285],[135.49850249678212,34.84403245924746],[135.49857487133505,34.844198465675355],[135.49862707113186,34.8443694947639],[135.49865859345996,34.84454389940947],[135.49866913474207,34.84472]]]}},{"type":"Feature","properties":{"layer":"z17_default","buffer_m":500},"geometry":{"type":"Polygon","coordinates":[[[135.49943402902807,34.86264],[135.4994076700821,34.86308025147632],[135.49932884709523,34.863516263090254],[135.49919831917592,34.86394383581162],[135.4990173433794,34.86435885188136],[135.4987876626015,34.86475731446787],[135.4985114887937,34.86513538615861],[135.4981914816607,34.865489425916536],[135.49783072304615,34.86581602414522],[135.4974326872527,34.8661120355252],[135.49700120758268,34.86637460930506],[135.49654043942112,34.86660121675577],[135.49605482021732,34.8667896755237],[135.49554902674967,34.86693817064789],[135.4950279300858,34.86704527203913],[135.4944965486714,34.867109948252455],[135.49396,34.8671315764206],[135.49342345132857,34.867109948252455],[135.49289206991418,34.86704527203913],[135.4923709732503,34.86693817064789],[135.49186517978265,34.8667896755237],[135.49137956057885,34.86660121675577],[135.4909187924173,34.86637460930506],[135.49048731274726,34.8661120355252],[135.49008927695382,34.86581602414522],[135.48972851833926,34.865489425916536],[135.48940851120628,34.86513538615861],[135.48913233739847,34.86475731446787],[135.48890265662058,34.86435885188136],[135.48872168082406,34.86394383581162],[135.48859115290475,34.863516263090254],[135.48851232991788,34.86308025147632],[135.4884859709719,34.86264],[135.48851232991788,34.86219974852368],[135.48859115290475,34.861763736909744],[135.48872168082406,34.86133616418838],[135.48890265662058,34.860921148118635],[135.48913233739847,34.860522685532125],[135.48940851120628,34.860144613841385],[135.48972851833926,34.85979057408346],[135.49008927695382,34.85946397585478],[135.49048731274726,34.8591679644748],[135.4909187924173,34.858905390694936],[135.49137956057885,34.85867878324423],[135.49186517978265,34.8584903244763],[135.4923709732503,34.858341829352106],[135.49289206991418,34.85823472796087],[135.49342345132857,34.85817005174754],[135.49396,34.8581484235794],[135.4944965486714,34.85817005174754],[135.4950279300858,34.85823472796087],[135.49554902674967,34.858341829352106],[135.49605482021732,34.8584903244763],[135.49654043942112,34.85867878324423],[135.49700120758268,34.858905390694936],[135.4974326872527,34.8591679644748],[135.49783072304615,34.85946397585478],[135.4981914816607,34.85979057408346],[135.4985114887937,34.860144613841385],[135.4987876626015,34.860522685532125],[135.4990173433794,34.860921148118635],[135.49919831917592,34.86133616418838],[135.49932884709523,34.861763736909744],[135.4994076700821,34.86219974852368],[135.49943402902807,34.86264]]]}},{"type":"Feature","properties":{"layer":"z18_optional","buffer_m":200},"geometry":{"type":"Polygon","coordinates":[[[135.49614961161123,34.86264],[135.49613906803282,34.86281610059053],[135.4961075388381,34.8629905052361],[135.49605532767035,34.86316153432465],[135.49598293735176,34.86332754075254],[135.4958910650406,34.86348692578715],[135.49578059551746,34.863638154463445],[135.49565259266427,34.86377977036661],[135.49550828921846,34.86391040965809],[135.49534907490107,34.86402881421008],[135.49517648303305,34.86413384372202],[135.49499217576843,34.864224486702305],[135.4947979280869,34.86429987020948],[135.49459561069986,34.86435926825916],[135.49438717203432,34.86440210881565],[135.49417461946857,34.864427979300984],[135.49396,34.864436630568235],[135.4937453805314,34.864427979300984],[135.49353282796565,34.86440210881565],[135.4933243893001,34.86435926825916],[135.49312207191306,34.86429987020948],[135.49292782423154,34.864224486702305],[135.49274351696693,34.86413384372202],[135.4925709250989,34.86402881421008],[135.4924117107815,34.86391040965809],[135.4922674073357,34.86377977036661],[135.49213940448251,34.863638154463445],[135.49202893495936,34.86348692578715],[135.49193706264822,34.86332754075254],[135.49186467232963,34.86316153432465],[135.49181246116189,34.8629905052361],[135.49178093196716,34.86281610059053],[135.49177038838874,34.86264],[135.49178093196716,34.86246389940947],[135.49181246116189,34.8622894947639],[135.49186467232963,34.86211846567535],[135.49193706264822,34.861952459247455],[135.49202893495936,34.86179307421285],[135.49213940448251,34.86164184553655],[135.4922674073357,34.861500229633386],[135.4924117107815,34.86136959034191],[135.4925709250989,34.86125118578992],[135.49274351696693,34.861146156277975],[135.49292782423154,34.86105551329769],[135.49312207191306,34.86098012979052],[135.4933243893001,34.86092073174084],[135.49353282796565,34.860877891184344],[135.4937453805314,34.860852020699014],[135.49396,34.86084336943176],[135.49417461946857,34.860852020699014],[135.49438717203432,34.860877891184344],[135.49459561069986,34.86092073174084],[135.4947979280869,34.86098012979052],[135.49499217576843,34.86105551329769],[135.49517648303305,34.861146156277975],[135.49534907490107,34.86125118578992],[135.49550828921846,34.86136959034191],[135.49565259266427,34.861500229633386],[135.49578059551746,34.86164184553655],[135.4958910650406,34.86179307421285],[135.49598293735176,34.861952459247455],[135.49605532767035,34.86211846567535],[135.4961075388381,34.8622894947639],[135.49613906803282,34.86246389940947],[135.49614961161123,34.86264]]]}},{"type":"Feature","properties":{"layer":"z17_default","buffer_m":500},"geometry":{"type":"Polygon","coordinates":[[[135.46187238407947,34.83791],[135.46184603305437,34.83835025147632],[135.46176723375385,34.838786263090256],[135.46163674505826,34.83921383581162],[135.46145582364505,34.839628851881365],[135.46122621188636,34.840027314467875],[135.46095012106892,34.840405386158615],[135.46063021009823,34.84075942591654],[135.46026955989186,34.84108602414522],[135.45987164370837,34.8413820355252],[135.4594402936982,34.841644609305064],[135.45897966399772,34.84187121675577],[135.45849419072275,34.8420596755237],[135.45798854924632,34.84220817064789],[135.45746760917226,34.84231527203913],[135.45693638743825,34.84237994825246],[135.4564,34.8424015764206],[135.45586361256176,34.84237994825246],[135.45533239082775,34.84231527203913],[135.45481145075368,34.84220817064789],[135.45430580927726,34.8420596755237],[135.45382033600228,34.84187121675577],[135.4533597063018,34.841644609305064],[135.45292835629164,34.8413820355252],[135.45253044010815,34.84108602414522],[135.45216978990177,34.84075942591654],[135.45184987893109,34.840405386158615],[135.45157378811365,34.840027314467875],[135.45134417635495,34.839628851881365],[135.45116325494175,34.83921383581162],[135.45103276624616,34.838786263090256],[135.45095396694563,34.83835025147632],[135.45092761592053,34.83791],[135.45095396694563,34.83746974852368],[135.45103276624616,34.837033736909746],[135.45116325494175,34.83660616418838],[135.45134417635495,34.83619114811864],[135.45157378811365,34.83579268553213],[135.45184987893109,34.83541461384139],[135.45216978990177,34.835060574083464],[135.45253044010815,34.83473397585478],[135.45292835629164,34.8344379644748],[135.4533597063018,34.83417539069494],[135.45382033600228,34.83394878324423],[135.45430580927726,34.8337603244763],[135.45481145075368,34.83361182935211],[135.45533239082775,34.83350472796087],[135.45586361256176,34.833440051747544],[135.4564,34.8334184235794],[135.45693638743825,34.833440051747544],[135.45746760917226,34.83350472796087],[135.45798854924632,34.83361182935211],[135.45849419072275,34.8337603244763],[135.45897966399772,34.83394878324423],[135.4594402936982,34.83417539069494],[135.45987164370837,34.8344379644748],[135.46026955989186,34.83473397585478],[135.46063021009823,34.835060574083464],[135.46095012106892,34.83541461384139],[135.46122621188636,34.83579268553213],[135.46145582364505,34.83619114811864],[135.46163674505826,34.83660616418838],[135.46176723375385,34.837033736909746],[135.46184603305437,34.83746974852368],[135.46187238407947,34.83791]]]}},{"type":"Feature","properties":{"layer":"z18_optional","buffer_m":200},"geometry":{"type":"Polygon","coordinates":[[[135.4585889536318,34.83791],[135.45857841322174,34.83808610059053],[135.45854689350153,34.8382605052361],[135.45849469802332,34.83843153432465],[135.45842232945802,34.838597540752545],[135.45833048475455,34.83875692578715],[135.45822004842756,34.83890815446345],[135.4580920840393,34.839049770366614],[135.45794782395674,34.83918040965809],[135.45778865748335,34.83929881421008],[135.4576161174793,34.839403843722025],[135.4574318655991,34.83949448670231],[135.4572376762891,34.83956987020948],[135.45703541969854,34.83962926825916],[135.4568270436689,34.839672108815655],[135.45661455497532,34.839697979300986],[135.4564,34.83970663056824],[135.4561854450247,34.839697979300986],[135.4559729563311,34.839672108815655],[135.45576458030146,34.83962926825916],[135.4555623237109,34.83956987020948],[135.4553681344009,34.83949448670231],[135.4551838825207,34.839403843722025],[135.45501134251666,34.83929881421008],[135.45485217604326,34.83918040965809],[135.4547079159607,34.839049770366614],[135.45457995157244,34.83890815446345],[135.45446951524545,34.83875692578715],[135.454377670542,34.838597540752545],[135.4543053019767,34.83843153432465],[135.45425310649847,34.8382605052361],[135.45422158677826,34.83808610059053],[135.45421104636821,34.83791],[135.45422158677826,34.83773389940947],[135.45425310649847,34.8375594947639],[135.4543053019767,34.83738846567535],[135.454377670542,34.83722245924746],[135.45446951524545,34.83706307421285],[135.45457995157244,34.836911845536555],[135.4547079159607,34.83677022963339],[135.45485217604326,34.83663959034191],[135.45501134251666,34.83652118578992],[135.4551838825207,34.83641615627798],[135.4553681344009,34.836325513297695],[135.4555623237109,34.83625012979052],[135.45576458030146,34.83619073174084],[135.4559729563311,34.836147891184346],[135.4561854450247,34.836122020699015],[135.4564,34.836113369431764],[135.45661455497532,34.836122020699015],[135.4568270436689,34.836147891184346],[135.45703541969854,34.83619073174084],[135.4572376762891,34.83625012979052],[135.4574318655991,34.836325513297695],[135.4576161174793,34.83641615627798],[135.45778865748335,34.83652118578992],[135.45794782395674,34.83663959034191],[135.4580920840393,34.83677022963339],[135.45822004842756,34.836911845536555],[135.45833048475455,34.83706307421285],[135.45842232945802,34.83722245924746],[135.45849469802332,34.83738846567535],[135.45854689350153,34.8375594947639],[135.45857841322174,34.83773389940947],[135.4585889536318,34.83791]]]}},{"type":"Feature","properties":{"layer":"z17_default","buffer_m":500},"geometry":{"type":"Polygon","coordinates":[[[135.46663276703407,34.84367],[135.46660641416494,34.84411025147632],[135.4665276093501,34.84454626309026],[135.46639711152298,34.84497383581162],[135.46621617744898,34.84538885188137],[135.4659865496222,34.84578731446788],[135.46571043948404,34.84616538615862],[135.46539050612617,34.84651942591654],[135.46502983068166,34.84684602414522],[135.4646318866522,34.8471420355252],[135.4642005064564,34.847404609305066],[135.46373984452129,34.84763121675577],[135.46325433727313,34.8478196755237],[135.4627486604122,34.847968170647896],[135.46222768388301,34.84807527203913],[135.46169642497438,34.84813994825246],[135.46116,34.8481615764206],[135.46062357502564,34.84813994825246],[135.460092316117,34.84807527203913],[135.45957133958782,34.847968170647896],[135.45906566272689,34.8478196755237],[135.45858015547873,34.84763121675577],[135.45811949354362,34.847404609305066],[135.4576881133478,34.8471420355252],[135.45729016931836,34.84684602414522],[135.45692949387384,34.84651942591654],[135.45660956051597,34.84616538615862],[135.45633345037783,34.84578731446788],[135.45610382255103,34.84538885188137],[135.45592288847703,34.84497383581162],[135.45579239064992,34.84454626309026],[135.45571358583507,34.84411025147632],[135.45568723296594,34.84367],[135.45571358583507,34.84322974852368],[135.45579239064992,34.84279373690975],[135.45592288847703,34.842366164188384],[135.45610382255103,34.84195114811864],[135.45633345037783,34.84155268553213],[135.45660956051597,34.84117461384139],[135.45692949387384,34.840820574083466],[135.45729016931836,34.840493975854784],[135.4576881133478,34.840197964474804],[135.45811949354362,34.83993539069494],[135.45858015547873,34.839708783244234],[135.45906566272689,34.839520324476304],[135.45957133958782,34.83937182935211],[135.460092316117,34.839264727960874],[135.46062357502564,34.83920005174755],[135.46116,34.839178423579405],[135.46169642497438,34.83920005174755],[135.46222768388301,34.839264727960874],[135.4627486604122,34.83937182935211],[135.46325433727313,34.839520324476304],[135.46373984452129,34.839708783244234],[135.4642005064564,34.83993539069494],[135.4646318866522,34.840197964474804],[135.46502983068166,34.840493975854784],[135.46539050612617,34.840820574083466],[135.46571043948404,34.84117461384139],[135.4659865496222,34.84155268553213],[135.46621617744898,34.84195114811864],[135.46639711152298,34.842366164188384],[135.4665276093501,34.84279373690975],[135.46660641416494,34.84322974852368],[135.46663276703407,34.84367]]]}},{"type":"Feature","properties":{"layer":"z18_optional","buffer_m":200},"geometry":{"type":"Polygon","coordinates":[[[135.46334910681364,34.84367],[135.463338565666,34.84384610059053],[135.46330704374003,34.8440205052361],[135.4632548446092,34.84419153432465],[135.4631824709796,34.84435754075255],[135.46309061984888,34.844516925787154],[135.46298017579363,34.84466815446345],[135.46285220245048,34.844809770366616],[135.46270793227265,34.84494040965809],[135.4625487546609,34.845058814210084],[135.46237620258256,34.84516384372203],[135.4621919378085,34.84525448670231],[135.46199773490926,34.84532987020948],[135.46179546416488,34.84538926825916],[135.4615870735532,34.84543210881566],[135.46137456998974,34.84545797930099],[135.46116,34.84546663056824],[135.46094543001027,34.84545797930099],[135.4607329264468,34.84543210881566],[135.46052453583513,34.84538926825916],[135.46032226509075,34.84532987020948],[135.4601280621915,34.84525448670231],[135.45994379741745,34.84516384372203],[135.4597712453391,34.845058814210084],[135.45961206772736,34.84494040965809],[135.45946779754954,34.844809770366616],[135.45933982420638,34.84466815446345],[135.45922938015113,34.844516925787154],[135.4591375290204,34.84435754075255],[135.45906515539082,34.84419153432465],[135.45901295625998,34.8440205052361],[135.45898143433402,34.84384610059053],[135.45897089318638,34.84367],[135.45898143433402,34.843493899409474],[135.45901295625998,34.843319494763904],[135.45906515539082,34.843148465675355],[135.4591375290204,34.84298245924746],[135.45922938015113,34.84282307421285],[135.45933982420638,34.84267184553656],[135.45946779754954,34.84253022963339],[135.45961206772736,34.84239959034191],[135.4597712453391,34.84228118578992],[135.45994379741745,34.84217615627798],[135.4601280621915,34.8420855132977],[135.46032226509075,34.84201012979052],[135.46052453583513,34.841950731740845],[135.4607329264468,34.84190789118435],[135.46094543001027,34.84188202069902],[135.46116,34.84187336943177],[135.46137456998974,34.84188202069902],[135.4615870735532,34.84190789118435],[135.46179546416488,34.841950731740845],[135.46199773490926,34.84201012979052],[135.4621919378085,34.8420855132977],[135.46237620258256,34.84217615627798],[135.4625487546609,34.84228118578992],[135.46270793227265,34.84239959034191],[135.46285220245048,34.84253022963339],[135.46298017579363,34.84267184553656],[135.46309061984888,34.84282307421285],[135.4631824709796,34.84298245924746],[135.4632548446092,34.843148465675355],[135.46330704374003,34.843319494763904],[135.463338565666,34.843493899409474],[135.46334910681364,34.84367]]]}},{"type":"Feature","properties":{"layer":"z17_default","buffer_m":500},"geometry":{"type":"Polygon","coordinates":[[[135.4669724598639,34.83905],[135.4669461084739,34.83949025147632],[135.46686730808213,34.839926263090256],[135.46673681757946,34.84035383581162],[135.46655589366077,34.840768851881364],[135.46632627872228,34.841167314467874],[135.46605018408138,34.841545386158614],[135.4657302686804,34.84189942591654],[135.46536961347954,34.84222602414522],[135.46497169178554,34.8425220355252],[135.4645403358018,34.84278460930506],[135.46407969972225,34.84301121675577],[135.4635942197242,34.8431996755237],[135.46308857124538,34.84334817064789],[135.46256762395709,34.84345527203913],[135.46203639486643,34.84351994825246],[135.4615,34.8435415764206],[135.46096360513357,34.84351994825246],[135.46043237604292,34.84345527203913],[135.45991142875462,34.84334817064789],[135.4594057802758,34.8431996755237],[135.45892030027775,34.84301121675577],[135.45845966419822,34.84278460930506],[135.45802830821447,34.8425220355252],[135.45763038652046,34.84222602414522],[135.4572697313196,34.84189942591654],[135.45694981591862,34.841545386158614],[135.45667372127772,34.841167314467874],[135.45644410633923,34.840768851881364],[135.45626318242054,34.84035383581162],[135.45613269191787,34.839926263090256],[135.4560538915261,34.83949025147632],[135.4560275401361,34.83905],[135.4560538915261,34.83860974852368],[135.45613269191787,34.838173736909745],[135.45626318242054,34.83774616418838],[135.45644410633923,34.837331148118636],[135.45667372127772,34.836932685532126],[135.45694981591862,34.836554613841386],[135.4572697313196,34.83620057408346],[135.45763038652046,34.83587397585478],[135.45802830821447,34.8355779644748],[135.45845966419822,34.83531539069494],[135.45892030027775,34.83508878324423],[135.4594057802758,34.8349003244763],[135.45991142875462,34.83475182935211],[135.46043237604292,34.83464472796087],[135.46096360513357,34.834580051747544],[135.4615,34.8345584235794],[135.46203639486643,34.834580051747544],[135.46256762395709,34.83464472796087],[135.46308857124538,34.83475182935211],[135.4635942197242,34.8349003244763],[135.46407969972225,34.83508878324423],[135.4645403358018,34.83531539069494],[135.46497169178554,34.8355779644748],[135.46536961347954,34.83587397585478],[135.4657302686804,34.83620057408346],[135.46605018408138,34.836554613841386],[135.46632627872228,34.836932685532126],[135.46655589366077,34.837331148118636],[135.46673681757946,34.83774616418838],[135.46686730808213,34.838173736909745],[135.4669461084739,34.83860974852368],[135.4669724598639,34.83905]]]}},{"type":"Feature","properties":{"layer":"z18_optional","buffer_m":200},"geometry":{"type":"Polygon","coordinates":[[[135.46368898394556,34.83905],[135.46367844338957,34.83922610059053],[135.46364692323286,34.8394005052361],[135.4635947270318,34.83957153432465],[135.4635223574643,34.839737540752544],[135.46343051148892,34.83989692578715],[135.46332007363256,34.840048154463446],[135.46319210747217,34.840189770366614],[135.46304784539183,34.84032040965809],[135.46288867671421,34.84043881421008],[135.46271613432071,34.840543843722024],[135.4625318798889,34.84063448670231],[135.4623376878897,34.84070987020948],[135.46213542849816,34.84076926825916],[135.46192704958284,34.840812108815655],[135.46171455794658,34.840837979300986],[135.4615,34.84084663056824],[135.46128544205342,34.840837979300986],[135.46107295041716,34.840812108815655],[135.46086457150184,34.84076926825916],[135.46066231211032,34.84070987020948],[135.4604681201111,34.84063448670231],[135.4602838656793,34.840543843722024],[135.4601113232858,34.84043881421008],[135.45995215460817,34.84032040965809],[135.45980789252783,34.840189770366614],[135.45967992636744,34.840048154463446],[135.45956948851108,34.83989692578715],[135.4594776425357,34.839737540752544],[135.4594052729682,34.83957153432465],[135.45935307676714,34.8394005052361],[135.45932155661043,34.83922610059053],[135.45931101605444,34.83905],[135.45932155661043,34.83887389940947],[135.45935307676714,34.8386994947639],[135.4594052729682,34.83852846567535],[135.4594776425357,34.838362459247456],[135.45956948851108,34.83820307421285],[135.45967992636744,34.838051845536555],[135.45980789252783,34.83791022963339],[135.45995215460817,34.83777959034191],[135.4601113232858,34.83766118578992],[135.4602838656793,34.83755615627798],[135.4604681201111,34.837465513297694],[135.46066231211032,34.83739012979052],[135.46086457150184,34.83733073174084],[135.46107295041716,34.837287891184346],[135.46128544205342,34.837262020699015],[135.4615,34.837253369431764],[135.46171455794658,34.837262020699015],[135.46192704958284,34.837287891184346],[135.46213542849816,34.83733073174084],[135.4623376878897,34.83739012979052],[135.4625318798889,34.837465513297694],[135.46271613432071,34.83755615627798],[135.46288867671421,34.83766118578992],[135.46304784539183,34.83777959034191],[135.46319210747217,34.83791022963339],[135.46332007363256,34.838051845536555],[135.46343051148892,34.83820307421285],[135.4635223574643,34.838362459247456],[135.4635947270318,34.83852846567535],[135.46364692323286,34.8386994947639],[135.46367844338957,34.83887389940947],[135.46368898394556,34.83905]]]}},{"type":"Feature","properties":{"layer":"z17_default","buffer_m":500},"geometry":{"type":"Polygon","coordinates":[[[135.4704126453544,34.84184],[135.4703862930712,34.84228025147632],[135.47030749000848,34.84271626309025],[135.4701769950828,34.84314383581162],[135.46999606503164,34.84355885188136],[135.4697664423103,34.84395731446787],[135.4694903383111,34.84433538615861],[135.46917041206652,34.844689425916535],[135.46880974464113,34.84501602414522],[135.46841180945944,34.8453120355252],[135.4679804388548,34.84557460930506],[135.46751978716188,34.84580121675577],[135.46703429070834,34.8459896755237],[135.46652862509043,34.84613817064789],[135.46600766014447,34.84624527203913],[135.4654764130477,34.846309948252454],[135.46494,34.846331576420596],[135.46440358695233,34.846309948252454],[135.46387233985556,34.84624527203913],[135.4633513749096,34.84613817064789],[135.46284570929168,34.8459896755237],[135.46236021283815,34.84580121675577],[135.46189956114523,34.84557460930506],[135.4614681905406,34.8453120355252],[135.4610702553589,34.84501602414522],[135.4607095879335,34.844689425916535],[135.46038966168894,34.84433538615861],[135.46011355768974,34.84395731446787],[135.4598839349684,34.84355885188136],[135.45970300491723,34.84314383581162],[135.45957250999155,34.84271626309025],[135.45949370692884,34.84228025147632],[135.45946735464562,34.84184],[135.45949370692884,34.84139974852368],[135.45957250999155,34.84096373690974],[135.45970300491723,34.84053616418838],[135.4598839349684,34.840121148118634],[135.46011355768974,34.839722685532124],[135.46038966168894,34.839344613841384],[135.4607095879335,34.83899057408346],[135.4610702553589,34.83866397585478],[135.4614681905406,34.8383679644748],[135.46189956114523,34.838105390694935],[135.46236021283815,34.83787878324423],[135.46284570929168,34.8376903244763],[135.4633513749096,34.837541829352105],[135.46387233985556,34.83743472796087],[135.46440358695233,34.83737005174754],[135.46494,34.8373484235794],[135.4654764130477,34.83737005174754],[135.46600766014447,34.83743472796087],[135.46652862509043,34.837541829352105],[135.46703429070834,34.8376903244763],[135.46751978716188,34.83787878324423],[135.4679804388548,34.838105390694935],[135.46841180945944,34.8383679644748],[135.46880974464113,34.83866397585478],[135.46917041206652,34.83899057408346],[135.4694903383111,34.839344613841384],[135.4697664423103,34.839722685532124],[135.46999606503164,34.840121148118634],[135.4701769950828,34.84053616418838],[135.47030749000848,34.84096373690974],[135.4703862930712,34.84139974852368],[135.4704126453544,34.84184]]]}},{"type":"Feature","properties":{"layer":"z18_optional","buffer_m":200},"geometry":{"type":"Polygon","coordinates":[[[135.46712905814178,34.84184],[135.4671185172285,34.84201610059053],[135.4670869960034,34.8421905052361],[135.46703479803313,34.842361534324645],[135.46696242601266,34.84252754075254],[135.46687057692412,34.84268692578715],[135.46676013532445,34.84283815446344],[135.46663216482662,34.84297977036661],[135.46648789785647,34.84311040965809],[135.4663287237838,34.84322881421008],[135.46615617554193,34.84333384372202],[135.46597191486475,34.843424486702304],[135.46577771628336,34.84349987020948],[135.4655754500362,34.843559268259156],[135.4653670640578,34.84360210881565],[135.46515456521908,34.84362797930098],[135.46494,34.843636630568234],[135.46472543478095,34.84362797930098],[135.46451293594222,34.84360210881565],[135.46430454996383,34.843559268259156],[135.46410228371667,34.84349987020948],[135.46390808513527,34.843424486702304],[135.4637238244581,34.84333384372202],[135.46355127621624,34.84322881421008],[135.46339210214356,34.84311040965809],[135.4632478351734,34.84297977036661],[135.46311986467558,34.84283815446344],[135.4630094230759,34.84268692578715],[135.46291757398737,34.84252754075254],[135.4628452019669,34.842361534324645],[135.46279300399664,34.8421905052361],[135.46276148277153,34.84201610059053],[135.46275094185825,34.84184],[135.46276148277153,34.84166389940947],[135.46279300399664,34.8414894947639],[135.4628452019669,34.84131846567535],[135.46291757398737,34.84115245924745],[135.4630094230759,34.84099307421285],[135.46311986467558,34.84084184553655],[135.4632478351734,34.840700229633384],[135.46339210214356,34.84056959034191],[135.46355127621624,34.84045118578992],[135.4637238244581,34.840346156277974],[135.46390808513527,34.84025551329769],[135.46410228371667,34.84018012979052],[135.46430454996383,34.84012073174084],[135.46451293594222,34.84007789118434],[135.46472543478095,34.84005202069901],[135.46494,34.84004336943176],[135.46515456521908,34.84005202069901],[135.4653670640578,34.84007789118434],[135.4655754500362,34.84012073174084],[135.46577771628336,34.84018012979052],[135.46597191486475,34.84025551329769],[135.46615617554193,34.840346156277974],[135.4663287237838,34.84045118578992],[135.46648789785647,34.84056959034191],[135.46663216482662,34.840700229633384],[135.46676013532445,34.84084184553655],[135.46687057692412,34.84099307421285],[135.46696242601266,34.84115245924745],[135.46703479803313,34.84131846567535],[135.4670869960034,34.8414894947639],[135.4671185172285,34.84166389940947],[135.46712905814178,34.84184]]]}},{"type":"Feature","properties":{"layer":"z17_default","buffer_m":500},"geometry":{"type":"Polygon","coordinates":[[[135.47196287941466,34.84536],[135.4719365260044,34.84580025147632],[135.47185771957135,34.846236263090255],[135.4717272190645,34.84666383581162],[135.47154628127512,34.84707885188136],[135.47131664873302,34.847477314467874],[135.4710405329251,34.847855386158614],[135.47072059299754,34.84820942591654],[135.47035991014673,34.84853602414522],[135.4699619579457,34.8488320355252],[135.46953056889168,34.84909460930506],[135.46906989749712,34.84932121675577],[135.4685843802793,34.8495096755237],[135.46807869303453,34.84965817064789],[135.46755770580737,34.84976527203913],[135.4670264359896,34.849829948252456],[135.46649,34.8498515764206],[135.4659535640104,34.849829948252456],[135.46542229419262,34.84976527203913],[135.46490130696546,34.84965817064789],[135.46439561972068,34.8495096755237],[135.46391010250287,34.84932121675577],[135.4634494311083,34.84909460930506],[135.46301804205427,34.8488320355252],[135.46262008985326,34.84853602414522],[135.46225940700245,34.84820942591654],[135.4619394670749,34.847855386158614],[135.46166335126696,34.847477314467874],[135.46143371872486,34.84707885188136],[135.4612527809355,34.84666383581162],[135.46112228042864,34.846236263090255],[135.46104347399557,34.84580025147632],[135.46101712058532,34.84536],[135.46104347399557,34.84491974852368],[135.46112228042864,34.844483736909744],[135.4612527809355,34.84405616418838],[135.46143371872486,34.843641148118635],[135.46166335126696,34.843242685532125],[135.4619394670749,34.842864613841385],[135.46225940700245,34.84251057408346],[135.46262008985326,34.84218397585478],[135.46301804205427,34.8418879644748],[135.4634494311083,34.84162539069494],[135.46391010250287,34.84139878324423],[135.46439561972068,34.8412103244763],[135.46490130696546,34.84106182935211],[135.46542229419262,34.84095472796087],[135.4659535640104,34.84089005174754],[135.46649,34.8408684235794],[135.4670264359896,34.84089005174754],[135.46755770580737,34.84095472796087],[135.46807869303453,34.84106182935211],[135.4685843802793,34.8412103244763],[135.46906989749712,34.84139878324423],[135.46953056889168,34.84162539069494],[135.4699619579457,34.8418879644748],[135.47035991014673,34.84218397585478],[135.47072059299754,34.84251057408346],[135.4710405329251,34.842864613841385],[135.47131664873302,34.843242685532125],[135.47154628127512,34.843641148118635],[135.4717272190645,34.84405616418838],[135.47185771957135,34.844483736909744],[135.4719365260044,34.84491974852368],[135.47196287941466,34.84536]]]}},{"type":"Feature","properties":{"layer":"z18_optional","buffer_m":200},"geometry":{"type":"Polygon","coordinates":[[[135.46867915176585,34.84536],[135.46866861040175,34.84553610059053],[135.46863708782854,34.8457105052361],[135.4685848876258,34.84588153432465],[135.46851251251005,34.846047540752544],[135.4684206594932,34.84620692578715],[135.46831021317004,34.846358154463445],[135.46818223719902,34.84649977036661],[135.46803796405868,34.84663040965809],[135.46787878317826,34.84674881421008],[135.46770622755668,34.84685384372202],[135.46752195899884,34.846944486702306],[135.46732775211171,34.84701987020948],[135.4671254772138,34.84707926825916],[135.46691708232294,34.847122108815654],[135.46670457439583,34.847147979300985],[135.46649,34.847156630568236],[135.46627542560415,34.847147979300985],[135.46606291767705,34.847122108815654],[135.46585452278617,34.84707926825916],[135.46565224788827,34.84701987020948],[135.46545804100114,34.846944486702306],[135.4652737724433,34.84685384372202],[135.46510121682172,34.84674881421008],[135.4649420359413,34.84663040965809],[135.46479776280097,34.84649977036661],[135.46466978682994,34.846358154463445],[135.46455934050678,34.84620692578715],[135.46446748748994,34.846047540752544],[135.46439511237418,34.84588153432465],[135.46434291217145,34.8457105052361],[135.46431138959824,34.84553610059053],[135.46430084823413,34.84536],[135.46431138959824,34.84518389940947],[135.46434291217145,34.8450094947639],[135.46439511237418,34.84483846567535],[135.46446748748994,34.844672459247455],[135.46455934050678,34.84451307421285],[135.46466978682994,34.844361845536554],[135.46479776280097,34.844220229633386],[135.4649420359413,34.84408959034191],[135.46510121682172,34.84397118578992],[135.4652737724433,34.843866156277976],[135.46545804100114,34.84377551329769],[135.46565224788827,34.84370012979052],[135.46585452278617,34.84364073174084],[135.46606291767705,34.843597891184345],[135.46627542560415,34.843572020699014],[135.46649,34.84356336943176],[135.46670457439583,34.843572020699014],[135.46691708232294,34.843597891184345],[135.4671254772138,34.84364073174084],[135.46732775211171,34.84370012979052],[135.46752195899884,34.84377551329769],[135.46770622755668,34.843866156277976],[135.46787878317826,34.84397118578992],[135.46803796405868,34.84408959034191],[135.46818223719902,34.844220229633386],[135.46831021317004,34.844361845536554],[135.4684206594932,34.84451307421285],[135.46851251251005,34.844672459247455],[135.4685848876258,34.84483846567535],[135.46863708782854,34.8450094947639],[135.46866861040175,34.84518389940947],[135.46867915176585,34.84536]]]}},{"type":"Feature","properties":{"layer":"z17_default","buffer_m":500},"geometry":{"type":"Polygon","coordinates":[[[135.47558262474308,34.84153],[135.47555627255912,34.84197025147632],[135.4754774697932,34.842406263090254],[135.47534697535897,34.84283383581162],[135.47516604598925,34.84324885188136],[135.47493642413272,34.84364731446787],[135.47466032117342,34.84402538615861],[135.47434039613373,34.844379425916536],[135.47397973006673,34.84470602414522],[135.47358179638377,34.8450020355252],[135.47315042740374,34.84526460930506],[135.47268977744577,34.84549121675577],[135.47220428282074,34.8456796755237],[135.4716986191073,34.84582817064789],[135.47117765612342,34.84593527203913],[135.47064641102742,34.845999948252455],[135.47011,34.8460215764206],[135.4695735889726,34.845999948252455],[135.4690423438766,34.84593527203913],[135.46852138089272,34.84582817064789],[135.46801571717927,34.8456796755237],[135.46753022255425,34.84549121675577],[135.46706957259627,34.84526460930506],[135.46663820361624,34.8450020355252],[135.46624026993328,34.84470602414522],[135.46587960386628,34.844379425916536],[135.4655596788266,34.84402538615861],[135.4652835758673,34.84364731446787],[135.46505395401076,34.84324885188136],[135.46487302464104,34.84283383581162],[135.46474253020682,34.842406263090254],[135.4646637274409,34.84197025147632],[135.46463737525693,34.84153],[135.4646637274409,34.84108974852368],[135.46474253020682,34.84065373690974],[135.46487302464104,34.84022616418838],[135.46505395401076,34.839811148118635],[135.4652835758673,34.839412685532125],[135.4655596788266,34.839034613841385],[135.46587960386628,34.83868057408346],[135.46624026993328,34.83835397585478],[135.46663820361624,34.8380579644748],[135.46706957259627,34.837795390694936],[135.46753022255425,34.83756878324423],[135.46801571717927,34.8373803244763],[135.46852138089272,34.837231829352106],[135.4690423438766,34.83712472796087],[135.4695735889726,34.83706005174754],[135.47011,34.8370384235794],[135.47064641102742,34.83706005174754],[135.47117765612342,34.83712472796087],[135.4716986191073,34.837231829352106],[135.47220428282074,34.8373803244763],[135.47268977744577,34.83756878324423],[135.47315042740374,34.837795390694936],[135.47358179638377,34.8380579644748],[135.47397973006673,34.83835397585478],[135.47434039613373,34.83868057408346],[135.47466032117342,34.839034613841385],[135.47493642413272,34.839412685532125],[135.47516604598925,34.839811148118635],[135.47534697535897,34.84022616418838],[135.4754774697932,34.84065373690974],[135.47555627255912,34.84108974852368],[135.47558262474308,34.84153]]]}},{"type":"Feature","properties":{"layer":"z18_optional","buffer_m":200},"geometry":{"type":"Polygon","coordinates":[[[135.47229904989723,34.84153],[135.47228850902366,34.84170610059053],[135.4722569879173,34.8418805052361],[135.4722047901436,34.842051534324646],[135.47213241839572,34.84221754075254],[135.4720405696531,34.84237692578715],[135.47193012846938,34.842528154463444],[135.4718021584535,34.84266977036661],[135.47165789202668,34.84280040965809],[135.4714987185535,34.84291881421008],[135.4713261709615,34.84302384372202],[135.4711419109783,34.843114486702305],[135.47094771312828,34.84318987020948],[135.4707454476429,34.84324926825916],[135.47053706244935,34.84329210881565],[135.47032456441096,34.843317979300984],[135.47011,34.843326630568235],[135.46989543558905,34.843317979300984],[135.46968293755066,34.84329210881565],[135.4694745523571,34.84324926825916],[135.46927228687173,34.84318987020948],[135.4690780890217,34.843114486702305],[135.4688938290385,34.84302384372202],[135.4687212814465,34.84291881421008],[135.46856210797333,34.84280040965809],[135.4684178415465,34.84266977036661],[135.46828987153063,34.842528154463444],[135.4681794303469,34.84237692578715],[135.4680875816043,34.84221754075254],[135.46801520985642,34.842051534324646],[135.46796301208272,34.8418805052361],[135.46793149097635,34.84170610059053],[135.46792095010278,34.84153],[135.46793149097635,34.84135389940947],[135.46796301208272,34.8411794947639],[135.46801520985642,34.84100846567535],[135.4680875816043,34.840842459247455],[135.4681794303469,34.84068307421285],[135.46828987153063,34.84053184553655],[135.4684178415465,34.840390229633385],[135.46856210797333,34.84025959034191],[135.4687212814465,34.84014118578992],[135.4688938290385,34.840036156277975],[135.4690780890217,34.83994551329769],[135.46927228687173,34.83987012979052],[135.4694745523571,34.83981073174084],[135.46968293755066,34.839767891184344],[135.46989543558905,34.83974202069901],[135.47011,34.83973336943176],[135.47032456441096,34.83974202069901],[135.47053706244935,34.839767891184344],[135.4707454476429,34.83981073174084],[135.47094771312828,34.83987012979052],[135.4711419109783,34.83994551329769],[135.4713261709615,34.840036156277975],[135.4714987185535,34.84014118578992],[135.47165789202668,34.84025959034191],[135.4718021584535,34.840390229633385],[135.47193012846938,34.84053184553655],[135.4720405696531,34.84068307421285],[135.47213241839572,34.840842459247455],[135.4722047901436,34.84100846567535],[135.4722569879173,34.8411794947639],[135.47228850902366,34.84135389940947],[135.47229904989723,34.84153]]]}},{"type":"Feature","properties":{"layer":"z17_default","buffer_m":500},"geometry":{"type":"Polygon","coordinates":[[[135.4679523541657,34.83746],[135.46792600328465,34.83790025147632],[135.46784720441488,34.838336263090255],[135.4677167164326,34.83876383581162],[135.46753579600835,34.839178851881364],[135.46730618550478,34.839577314467874],[135.46703009619654,34.839955386158614],[135.4667101869746,34.84030942591654],[135.46634953873962,34.84063602414522],[135.4659516247313,34.8409320355252],[135.465520277079,34.84119460930506],[135.46505964989646,34.84142121675577],[135.46457417927525,34.8416096755237],[135.4640685405628,34.84175817064789],[135.46354760333637,34.84186527203913],[135.4630163845062,34.84192994825246],[135.46248,34.8419515764206],[135.4619436154938,34.84192994825246],[135.46141239666363,34.84186527203913],[135.4608914594372,34.84175817064789],[135.46038582072475,34.8416096755237],[135.45990035010354,34.84142121675577],[135.459439722921,34.84119460930506],[135.4590083752687,34.8409320355252],[135.45861046126038,34.84063602414522],[135.4582498130254,34.84030942591654],[135.45792990380346,34.839955386158614],[135.45765381449522,34.839577314467874],[135.45742420399165,34.839178851881364],[135.4572432835674,34.83876383581162],[135.45711279558512,34.838336263090255],[135.45703399671535,34.83790025147632],[135.4570076458343,34.83746],[135.45703399671535,34.83701974852368],[135.45711279558512,34.836583736909745],[135.4572432835674,34.83615616418838],[135.45742420399165,34.835741148118636],[135.45765381449522,34.835342685532126],[135.45792990380346,34.834964613841386],[135.4582498130254,34.83461057408346],[135.45861046126038,34.83428397585478],[135.4590083752687,34.8339879644748],[135.459439722921,34.83372539069494],[135.45990035010354,34.83349878324423],[135.46038582072475,34.8333103244763],[135.4608914594372,34.83316182935211],[135.46141239666363,34.83305472796087],[135.4619436154938,34.832990051747544],[135.46248,34.8329684235794],[135.4630163845062,34.832990051747544],[135.46354760333637,34.83305472796087],[135.4640685405628,34.83316182935211],[135.46457417927525,34.8333103244763],[135.46505964989646,34.83349878324423],[135.465520277079,34.83372539069494],[135.4659516247313,34.8339879644748],[135.46634953873962,34.83428397585478],[135.4667101869746,34.83461057408346],[135.46703009619654,34.834964613841386],[135.46730618550478,34.835342685532126],[135.46753579600835,34.835741148118636],[135.4677167164326,34.83615616418838],[135.46784720441488,34.836583736909745],[135.46792600328465,34.83701974852368],[135.4679523541657,34.83746]]]}},{"type":"Feature","properties":{"layer":"z18_optional","buffer_m":200},"geometry":{"type":"Polygon","coordinates":[[[135.46466894166628,34.83746],[135.46465840131387,34.83763610059053],[135.46462688176595,34.8378105052361],[135.46457468657303,34.83798153432465],[135.46450231840333,34.838147540752544],[135.4644104742019,34.83830692578715],[135.46430003847863,34.838458154463446],[135.46417207478984,34.83859977036661],[135.46402781549585,34.83873040965809],[135.4638686498925,34.83884881421008],[135.4636961108316,34.838953843722024],[135.4635118599586,34.839044486702306],[135.4633176717101,34.83911987020948],[135.46311541622512,34.83917926825916],[135.46290704133455,34.839222108815655],[135.46269455380246,34.839247979300985],[135.46248,34.83925663056824],[135.46226544619753,34.839247979300985],[135.46205295866545,34.839222108815655],[135.46184458377488,34.83917926825916],[135.4616423282899,34.83911987020948],[135.4614481400414,34.839044486702306],[135.4612638891684,34.838953843722024],[135.4610913501075,34.83884881421008],[135.46093218450414,34.83873040965809],[135.46078792521016,34.83859977036661],[135.46065996152137,34.838458154463446],[135.4605495257981,34.83830692578715],[135.46045768159667,34.838147540752544],[135.46038531342697,34.83798153432465],[135.46033311823405,34.8378105052361],[135.46030159868613,34.83763610059053],[135.46029105833372,34.83746],[135.46030159868613,34.83728389940947],[135.46033311823405,34.8371094947639],[135.46038531342697,34.83693846567535],[135.46045768159667,34.836772459247456],[135.4605495257981,34.83661307421285],[135.46065996152137,34.836461845536554],[135.46078792521016,34.83632022963339],[135.46093218450414,34.83618959034191],[135.4610913501075,34.83607118578992],[135.4612638891684,34.835966156277976],[135.4614481400414,34.835875513297694],[135.4616423282899,34.83580012979052],[135.46184458377488,34.83574073174084],[135.46205295866545,34.835697891184346],[135.46226544619753,34.835672020699015],[135.46248,34.835663369431764],[135.46269455380246,34.835672020699015],[135.46290704133455,34.835697891184346],[135.46311541622512,34.83574073174084],[135.4633176717101,34.83580012979052],[135.4635118599586,34.835875513297694],[135.4636961108316,34.835966156277976],[135.4638686498925,34.83607118578992],[135.46402781549585,34.83618959034191],[135.46417207478984,34.83632022963339],[135.46430003847863,34.836461845536554],[135.4644104742019,34.83661307421285],[135.46450231840333,34.836772459247456],[135.46457468657303,34.83693846567535],[135.46462688176595,34.8371094947639],[135.46465840131387,34.83728389940947],[135.46466894166628,34.83746]]]}},{"type":"Feature","properties":{"layer":"z17_default","buffer_m":500},"geometry":{"type":"Polygon","coordinates":[[[135.46888245853432,34.83903],[135.4688561071507,34.83947025147632],[135.4687773067781,34.839906263090256],[135.4686468163071,34.84033383581162],[135.4684658924324,34.840748851881365],[135.4682362775497,34.841147314467875],[135.46796018297587,34.841525386158615],[135.46764026765263,34.84187942591654],[135.4672796125394,34.84220602414522],[135.46688169094205,34.8425020355252],[135.46645033506312,34.842764609305064],[135.4659896990955,34.84299121675577],[135.4655042192154,34.8431796755237],[135.46499857085942,34.843328170647894],[135.4644776236977,34.84343527203913],[135.46394639473613,34.84349994825246],[135.46341,34.8435215764206],[135.4628736052639,34.84349994825246],[135.46234237630233,34.84343527203913],[135.4618214291406,34.843328170647894],[135.46131578078462,34.8431796755237],[135.46083030090452,34.84299121675577],[135.4603696649369,34.842764609305064],[135.45993830905797,34.8425020355252],[135.45954038746063,34.84220602414522],[135.4591797323474,34.84187942591654],[135.45885981702415,34.841525386158615],[135.45858372245033,34.841147314467875],[135.45835410756763,34.840748851881365],[135.4581731836929,34.84033383581162],[135.45804269322193,34.839906263090256],[135.4579638928493,34.83947025147632],[135.4579375414657,34.83903],[135.4579638928493,34.83858974852368],[135.45804269322193,34.838153736909746],[135.4581731836929,34.83772616418838],[135.45835410756763,34.83731114811864],[135.45858372245033,34.83691268553213],[135.45885981702415,34.83653461384139],[135.4591797323474,34.836180574083464],[135.45954038746063,34.83585397585478],[135.45993830905797,34.8355579644748],[135.4603696649369,34.83529539069494],[135.46083030090452,34.83506878324423],[135.46131578078462,34.8348803244763],[135.4618214291406,34.83473182935211],[135.46234237630233,34.83462472796087],[135.4628736052639,34.834560051747545],[135.46341,34.8345384235794],[135.46394639473613,34.834560051747545],[135.4644776236977,34.83462472796087],[135.46499857085942,34.83473182935211],[135.4655042192154,34.8348803244763],[135.4659896990955,34.83506878324423],[135.46645033506312,34.83529539069494],[135.46688169094205,34.8355579644748],[135.4672796125394,34.83585397585478],[135.46764026765263,34.836180574083464],[135.46796018297587,34.83653461384139],[135.4682362775497,34.83691268553213],[135.4684658924324,34.83731114811864],[135.4686468163071,34.83772616418838],[135.4687773067781,34.838153736909746],[135.4688561071507,34.83858974852368],[135.46888245853432,34.83903]]]}},{"type":"Feature","properties":{"layer":"z18_optional","buffer_m":200},"geometry":{"type":"Polygon","coordinates":[[[135.46559898341374,34.83903],[135.46558844286028,34.83920610059053],[135.46555692271124,34.8393805052361],[135.46550472652285,34.83955153432465],[135.46543235697297,34.839717540752545],[135.4653405110199,34.83987692578715],[135.46523007319036,34.84002815446345],[135.46510210706106,34.840169770366614],[135.46495784501576,34.84030040965809],[135.46479867637683,34.84041881421008],[135.46462613402525,34.840523843722025],[135.4644418796382,34.84061448670231],[135.46424768768617,34.84068987020948],[135.46404542834378,34.84074926825916],[135.46383704947908,34.840792108815656],[135.46362455789446,34.84081797930099],[135.46341,34.84082663056824],[135.46319544210556,34.84081797930099],[135.46298295052094,34.840792108815656],[135.46277457165624,34.84074926825916],[135.46257231231385,34.84068987020948],[135.46237812036182,34.84061448670231],[135.46219386597477,34.840523843722025],[135.4620213236232,34.84041881421008],[135.46186215498426,34.84030040965809],[135.46171789293896,34.840169770366614],[135.46158992680967,34.84002815446345],[135.46147948898013,34.83987692578715],[135.46138764302705,34.839717540752545],[135.46131527347717,34.83955153432465],[135.46126307728878,34.8393805052361],[135.46123155713974,34.83920610059053],[135.46122101658628,34.83903],[135.46123155713974,34.83885389940947],[135.46126307728878,34.8386794947639],[135.46131527347717,34.83850846567535],[135.46138764302705,34.83834245924746],[135.46147948898013,34.83818307421285],[135.46158992680967,34.838031845536555],[135.46171789293896,34.83789022963339],[135.46186215498426,34.83775959034191],[135.4620213236232,34.83764118578992],[135.46219386597477,34.83753615627798],[135.46237812036182,34.837445513297695],[135.46257231231385,34.83737012979052],[135.46277457165624,34.83731073174084],[135.46298295052094,34.83726789118435],[135.46319544210556,34.837242020699016],[135.46341,34.837233369431765],[135.46362455789446,34.837242020699016],[135.46383704947908,34.83726789118435],[135.46404542834378,34.83731073174084],[135.46424768768617,34.83737012979052],[135.4644418796382,34.837445513297695],[135.46462613402525,34.83753615627798],[135.46479867637683,34.83764118578992],[135.46495784501576,34.83775959034191],[135.46510210706106,34.83789022963339],[135.46523007319036,34.838031845536555],[135.4653405110199,34.83818307421285],[135.46543235697297,34.83834245924746],[135.46550472652285,34.83850846567535],[135.46555692271124,34.8386794947639],[135.46558844286028,34.83885389940947],[135.46559898341374,34.83903]]]}},{"type":"Feature","properties":{"layer":"z17_default","buffer_m":500},"geometry":{"type":"Polygon","coordinates":[[[135.46847249642812,34.8396],[135.468446144862,34.84004025147632],[135.46836734394375,34.84047626309025],[135.46823685256922,34.840903835811616],[135.46805592744167,34.84131885188136],[135.46782631096903,34.84171731446787],[135.4675502144834,34.84209538615861],[135.4672302969449,34.842449425916534],[135.46686963933433,34.842776024145216],[135.4664717149816,34.843072035525196],[135.46604035611577,34.84333460930506],[135.4655797169585,34.84356121675577],[135.4650942337167,34.843749675523696],[135.4645885818594,34.84389817064789],[135.4640676310904,34.84400527203913],[135.46353639845034,34.844069948252454],[135.463,34.844091576420595],[135.46246360154964,34.844069948252454],[135.4619323689096,34.84400527203913],[135.46141141814059,34.84389817064789],[135.46090576628328,34.843749675523696],[135.4604202830415,34.84356121675577],[135.45995964388422,34.84333460930506],[135.4595282850184,34.843072035525196],[135.45913036066565,34.842776024145216],[135.45876970305508,34.842449425916534],[135.4584497855166,34.84209538615861],[135.45817368903096,34.84171731446787],[135.45794407255832,34.84131885188136],[135.45776314743077,34.840903835811616],[135.45763265605623,34.84047626309025],[135.45755385513797,34.84004025147632],[135.45752750357187,34.8396],[135.45755385513797,34.83915974852368],[135.45763265605623,34.83872373690974],[135.45776314743077,34.83829616418838],[135.45794407255832,34.83788114811863],[135.45817368903096,34.83748268553212],[135.4584497855166,34.83710461384138],[135.45876970305508,34.83675057408346],[135.45913036066565,34.83642397585478],[135.4595282850184,34.8361279644748],[135.45995964388422,34.835865390694934],[135.4604202830415,34.83563878324423],[135.46090576628328,34.8354503244763],[135.46141141814059,34.835301829352105],[135.4619323689096,34.83519472796087],[135.46246360154964,34.83513005174754],[135.463,34.8351084235794],[135.46353639845034,34.83513005174754],[135.4640676310904,34.83519472796087],[135.4645885818594,34.835301829352105],[135.4650942337167,34.8354503244763],[135.4655797169585,34.83563878324423],[135.46604035611577,34.835865390694934],[135.4664717149816,34.8361279644748],[135.46686963933433,34.83642397585478],[135.4672302969449,34.83675057408346],[135.4675502144834,34.83710461384138],[135.46782631096903,34.83748268553212],[135.46805592744167,34.83788114811863],[135.46823685256922,34.83829616418838],[135.46836734394375,34.83872373690974],[135.468446144862,34.83915974852368],[135.46847249642812,34.8396]]]}},{"type":"Feature","properties":{"layer":"z18_optional","buffer_m":200},"geometry":{"type":"Polygon","coordinates":[[[135.46518899857125,34.8396],[135.4651784579448,34.83977610059053],[135.4651469375775,34.8399505052361],[135.46509474102768,34.840121534324645],[135.46502237097667,34.84028754075254],[135.4649305243876,34.84044692578715],[135.46482008579335,34.84059815446344],[135.46469211877798,34.84073977036661],[135.46454785573374,34.84087040965809],[135.46438868599265,34.84098881421008],[135.4642161424463,34.84109384372202],[135.4640318867834,34.8411844867023],[135.46383769348668,34.84125987020948],[135.46363543274376,34.841319268259156],[135.46342705243615,34.84136210881565],[135.46321455938013,34.84138797930098],[135.463,34.841396630568234],[135.46278544061985,34.84138797930098],[135.46257294756384,34.84136210881565],[135.46236456725623,34.841319268259156],[135.4621623065133,34.84125987020948],[135.46196811321659,34.8411844867023],[135.46178385755368,34.84109384372202],[135.46161131400734,34.84098881421008],[135.46145214426625,34.84087040965809],[135.461307881222,34.84073977036661],[135.46117991420664,34.84059815446344],[135.4610694756124,34.84044692578715],[135.46097762902332,34.84028754075254],[135.4609052589723,34.840121534324645],[135.4608530624225,34.8399505052361],[135.46082154205519,34.83977610059053],[135.46081100142874,34.8396],[135.46082154205519,34.83942389940947],[135.4608530624225,34.8392494947639],[135.4609052589723,34.83907846567535],[135.46097762902332,34.83891245924745],[135.4610694756124,34.838753074212846],[135.46117991420664,34.83860184553655],[135.461307881222,34.838460229633384],[135.46145214426625,34.83832959034191],[135.46161131400734,34.838211185789916],[135.46178385755368,34.83810615627797],[135.46196811321659,34.83801551329769],[135.4621623065133,34.83794012979052],[135.46236456725623,34.83788073174084],[135.46257294756384,34.83783789118434],[135.46278544061985,34.83781202069901],[135.463,34.83780336943176],[135.46321455938013,34.83781202069901],[135.46342705243615,34.83783789118434],[135.46363543274376,34.83788073174084],[135.46383769348668,34.83794012979052],[135.4640318867834,34.83801551329769],[135.4642161424463,34.83810615627797],[135.46438868599265,34.838211185789916],[135.46454785573374,34.83832959034191],[135.46469211877798,34.838460229633384],[135.46482008579335,34.83860184553655],[135.4649305243876,34.838753074212846],[135.46502237097667,34.83891245924745],[135.46509474102768,34.83907846567535],[135.4651469375775,34.8392494947639],[135.4651784579448,34.83942389940947],[135.46518899857125,34.8396]]]}},{"type":"Feature","properties":{"layer":"z17_default","buffer_m":500},"geometry":{"type":"Polygon","coordinates":[[[135.4648123967099,34.8381],[135.46478604562398,34.83854025147632],[135.4647072461416,34.83897626309025],[135.46457675714484,34.839403835811616],[135.46439583531406,34.83981885188136],[135.46416622302542,34.84021731446787],[135.46389013157074,34.84059538615861],[135.4635702198617,34.840949425916534],[135.46320956882292,34.841276024145216],[135.46281165172104,34.841572035525196],[135.4623803007153,34.84183460930506],[135.46191966995167,34.842061216755766],[135.4614341955562,34.842249675523696],[135.46092855291275,34.84239817064789],[135.46040761163633,34.842505272039126],[135.45987638867626,34.842569948252454],[135.45934,34.842591576420595],[135.45880361132373,34.842569948252454],[135.45827238836367,34.842505272039126],[135.45775144708725,34.84239817064789],[135.4572458044438,34.842249675523696],[135.45676033004833,34.842061216755766],[135.4562996992847,34.84183460930506],[135.45586834827895,34.841572035525196],[135.45547043117708,34.841276024145216],[135.4551097801383,34.840949425916534],[135.45478986842926,34.84059538615861],[135.45451377697458,34.84021731446787],[135.45428416468593,34.83981885188136],[135.45410324285515,34.839403835811616],[135.4539727538584,34.83897626309025],[135.453893954376,34.83854025147632],[135.4538676032901,34.8381],[135.453893954376,34.83765974852368],[135.4539727538584,34.83722373690974],[135.45410324285515,34.83679616418838],[135.45428416468593,34.83638114811863],[135.45451377697458,34.83598268553212],[135.45478986842926,34.83560461384138],[135.4551097801383,34.83525057408346],[135.45547043117708,34.83492397585478],[135.45586834827895,34.8346279644748],[135.4562996992847,34.834365390694934],[135.45676033004833,34.83413878324423],[135.4572458044438,34.8339503244763],[135.45775144708725,34.833801829352105],[135.45827238836367,34.83369472796087],[135.45880361132373,34.83363005174754],[135.45934,34.8336084235794],[135.45987638867626,34.83363005174754],[135.46040761163633,34.83369472796087],[135.46092855291275,34.833801829352105],[135.4614341955562,34.8339503244763],[135.46191966995167,34.83413878324423],[135.4623803007153,34.834365390694934],[135.46281165172104,34.8346279644748],[135.46320956882292,34.83492397585478],[135.4635702198617,34.83525057408346],[135.46389013157074,34.83560461384138],[135.46416622302542,34.83598268553212],[135.46439583531406,34.83638114811863],[135.46457675714484,34.83679616418838],[135.4647072461416,34.83722373690974],[135.46478604562398,34.83765974852368],[135.4648123967099,34.8381]]]}},{"type":"Feature","properties":{"layer":"z18_optional","buffer_m":200},"geometry":{"type":"Polygon","coordinates":[[[135.46152895868397,34.8381],[135.4615184182496,34.83827610059053],[135.46148689845663,34.838450505236096],[135.46143470285793,34.838621534324645],[135.46136233412562,34.83878754075254],[135.46127048921016,34.83894692578715],[135.4611600526283,34.83909815446344],[135.4610320879447,34.83923977036661],[135.46088782752918,34.83937040965809],[135.4607286606884,34.83948881421008],[135.46055612028613,34.83959384372202],[135.46037186798065,34.8396844867023],[135.4601776782225,34.83975987020948],[135.4599754211651,34.839819268259156],[135.45976704465454,34.83986210881565],[135.4595545554705,34.83988797930098],[135.45934,34.839896630568234],[135.4591254445295,34.83988797930098],[135.45891295534545,34.83986210881565],[135.4587045788349,34.839819268259156],[135.4585023217775,34.83975987020948],[135.45830813201934,34.8396844867023],[135.45812387971387,34.83959384372202],[135.4579513393116,34.83948881421008],[135.45779217247082,34.83937040965809],[135.4576479120553,34.83923977036661],[135.4575199473717,34.83909815446344],[135.45740951078983,34.83894692578715],[135.45731766587437,34.83878754075254],[135.45724529714207,34.838621534324645],[135.45719310154337,34.838450505236096],[135.4571615817504,34.83827610059053],[135.45715104131602,34.8381],[135.4571615817504,34.83792389940947],[135.45719310154337,34.8377494947639],[135.45724529714207,34.83757846567535],[135.45731766587437,34.83741245924745],[135.45740951078983,34.837253074212846],[135.4575199473717,34.83710184553655],[135.4576479120553,34.836960229633384],[135.45779217247082,34.83682959034191],[135.4579513393116,34.836711185789916],[135.45812387971387,34.83660615627797],[135.45830813201934,34.83651551329769],[135.4585023217775,34.83644012979052],[135.4587045788349,34.83638073174084],[135.45891295534545,34.83633789118434],[135.4591254445295,34.83631202069901],[135.45934,34.83630336943176],[135.4595545554705,34.83631202069901],[135.45976704465454,34.83633789118434],[135.4599754211651,34.83638073174084],[135.4601776782225,34.83644012979052],[135.46037186798065,34.83651551329769],[135.46055612028613,34.83660615627797],[135.4607286606884,34.836711185789916],[135.46088782752918,34.83682959034191],[135.4610320879447,34.836960229633384],[135.4611600526283,34.83710184553655],[135.46127048921016,34.837253074212846],[135.46136233412562,34.83741245924745],[135.46143470285793,34.83757846567535],[135.46148689845663,34.8377494947639],[135.4615184182496,34.83792389940947],[135.46152895868397,34.8381]]]}},{"type":"Feature","properties":{"layer":"z17_default","buffer_m":500},"geometry":{"type":"Polygon","coordinates":[[[135.46481246983586,34.8392],[135.46478611839783,34.83964025147632],[135.46470731786246,34.84007626309025],[135.46457682712202,34.84050383581162],[135.46439590287363,34.84091885188136],[135.46416628751675,34.84131731446787],[135.46389019237276,34.84169538615861],[135.46357027638885,34.842049425916535],[135.4632096205308,34.84237602414522],[135.46281169811166,34.8426720355252],[135.4623803413419,34.84293460930506],[135.461919704423,34.84316121675577],[135.4614342235403,34.8433496755237],[135.4609285741401,34.84349817064789],[135.4604076259025,34.84360527203913],[135.45987639584385,34.843669948252455],[135.45934,34.843691576420596],[135.45880360415615,34.843669948252455],[135.4582723740975,34.84360527203913],[135.4577514258599,34.84349817064789],[135.4572457764597,34.8433496755237],[135.456760295577,34.84316121675577],[135.45629965865808,34.84293460930506],[135.45586830188833,34.8426720355252],[135.4554703794692,34.84237602414522],[135.45510972361114,34.842049425916535],[135.45478980762724,34.84169538615861],[135.45451371248325,34.84131731446787],[135.45428409712636,34.84091885188136],[135.45410317287798,34.84050383581162],[135.45397268213753,34.84007626309025],[135.45389388160217,34.83964025147632],[135.45386753016413,34.8392],[135.45389388160217,34.83875974852368],[135.45397268213753,34.83832373690974],[135.45410317287798,34.83789616418838],[135.45428409712636,34.837481148118634],[135.45451371248325,34.837082685532124],[135.45478980762724,34.836704613841384],[135.45510972361114,34.83635057408346],[135.4554703794692,34.83602397585478],[135.45586830188833,34.8357279644748],[135.45629965865808,34.835465390694935],[135.456760295577,34.83523878324423],[135.4572457764597,34.8350503244763],[135.4577514258599,34.834901829352106],[135.4582723740975,34.83479472796087],[135.45880360415615,34.83473005174754],[135.45934,34.8347084235794],[135.45987639584385,34.83473005174754],[135.4604076259025,34.83479472796087],[135.4609285741401,34.834901829352106],[135.4614342235403,34.8350503244763],[135.461919704423,34.83523878324423],[135.4623803413419,34.835465390694935],[135.46281169811166,34.8357279644748],[135.4632096205308,34.83602397585478],[135.46357027638885,34.83635057408346],[135.46389019237276,34.836704613841384],[135.46416628751675,34.837082685532124],[135.46439590287363,34.837481148118634],[135.46457682712202,34.83789616418838],[135.46470731786246,34.83832373690974],[135.46478611839783,34.83875974852368],[135.46481246983586,34.8392]]]}},{"type":"Feature","properties":{"layer":"z18_optional","buffer_m":200},"geometry":{"type":"Polygon","coordinates":[[[135.46152898793434,34.8392],[135.46151844735914,34.83937610059053],[135.461486927145,34.8395505052361],[135.4614347308488,34.839721534324646],[135.46136236114947,34.83988754075254],[135.4612705150067,34.84004692578715],[135.4611600769491,34.840198154463444],[135.46103211055552,34.84033977036661],[135.4608878482123,34.84047040965809],[135.46072867924465,34.84058881421008],[135.46055613653675,34.84069384372202],[135.4603718817692,34.840784486702304],[135.46017768941613,34.84085987020948],[135.45997542965603,34.84091926825916],[135.459767050361,34.84096210881565],[135.45955455833754,34.840987979300984],[135.45934,34.840996630568235],[135.45912544166245,34.840987979300984],[135.458912949639,34.84096210881565],[135.45870457034397,34.84091926825916],[135.45850231058387,34.84085987020948],[135.4583081182308,34.840784486702304],[135.45812386346324,34.84069384372202],[135.45795132075534,34.84058881421008],[135.4577921517877,34.84047040965809],[135.45764788944447,34.84033977036661],[135.45751992305088,34.840198154463444],[135.4574094849933,34.84004692578715],[135.45731763885053,34.83988754075254],[135.4572452691512,34.839721534324646],[135.457193072855,34.8395505052361],[135.45716155264086,34.83937610059053],[135.45715101206565,34.8392],[135.45716155264086,34.83902389940947],[135.457193072855,34.8388494947639],[135.4572452691512,34.83867846567535],[135.45731763885053,34.838512459247454],[135.4574094849933,34.83835307421285],[135.45751992305088,34.83820184553655],[135.45764788944447,34.838060229633385],[135.4577921517877,34.83792959034191],[135.45795132075534,34.83781118578992],[135.45812386346324,34.837706156277974],[135.4583081182308,34.83761551329769],[135.45850231058387,34.83754012979052],[135.45870457034397,34.83748073174084],[135.458912949639,34.837437891184344],[135.45912544166245,34.83741202069901],[135.45934,34.83740336943176],[135.45955455833754,34.83741202069901],[135.459767050361,34.837437891184344],[135.45997542965603,34.83748073174084],[135.46017768941613,34.83754012979052],[135.4603718817692,34.83761551329769],[135.46055613653675,34.837706156277974],[135.46072867924465,34.83781118578992],[135.4608878482123,34.83792959034191],[135.46103211055552,34.838060229633385],[135.4611600769491,34.83820184553655],[135.4612705150067,34.83835307421285],[135.46136236114947,34.838512459247454],[135.4614347308488,34.83867846567535],[135.461486927145,34.8388494947639],[135.46151844735914,34.83902389940947],[135.46152898793434,34.8392]]]}},{"type":"Feature","properties":{"layer":"z17_default","buffer_m":500},"geometry":{"type":"Polygon","coordinates":[[[135.46418250241143,34.83969],[135.46415615081654,34.84013025147632],[135.4640773498121,34.84056626309025],[135.4639468582949,34.84099383581162],[135.46376593296955,34.84140885188136],[135.46353631624584,34.84180731446787],[135.46326021945836,34.84218538615861],[135.4629403015701,34.842539425916534],[135.4625796435652,34.842866024145216],[135.46218171877737,34.8431620355252],[135.46175035943992,34.84342460930506],[135.46128971977902,34.84365121675577],[135.46080423600642,34.8438396755237],[135.46029858359628,34.84398817064789],[135.45977763225767,34.84409527203913],[135.4592463990368,34.844159948252454],[135.45871,34.844181576420596],[135.4581736009632,34.844159948252454],[135.45764236774232,34.84409527203913],[135.4571214164037,34.84398817064789],[135.45661576399357,34.8438396755237],[135.45613028022098,34.84365121675577],[135.45566964056007,34.84342460930506],[135.45523828122262,34.8431620355252],[135.4548403564348,34.842866024145216],[135.4544796984299,34.842539425916534],[135.45415978054163,34.84218538615861],[135.45388368375416,34.84180731446787],[135.45365406703044,34.84140885188136],[135.4534731417051,34.84099383581162],[135.4533426501879,34.84056626309025],[135.45326384918346,34.84013025147632],[135.45323749758856,34.83969],[135.45326384918346,34.83924974852368],[135.4533426501879,34.83881373690974],[135.4534731417051,34.83838616418838],[135.45365406703044,34.83797114811863],[135.45388368375416,34.83757268553212],[135.45415978054163,34.83719461384138],[135.4544796984299,34.83684057408346],[135.4548403564348,34.83651397585478],[135.45523828122262,34.8362179644748],[135.45566964056007,34.835955390694934],[135.45613028022098,34.83572878324423],[135.45661576399357,34.8355403244763],[135.4571214164037,34.835391829352105],[135.45764236774232,34.83528472796087],[135.4581736009632,34.83522005174754],[135.45871,34.8351984235794],[135.4592463990368,34.83522005174754],[135.45977763225767,34.83528472796087],[135.46029858359628,34.835391829352105],[135.46080423600642,34.8355403244763],[135.46128971977902,34.83572878324423],[135.46175035943992,34.835955390694934],[135.46218171877737,34.8362179644748],[135.4625796435652,34.83651397585478],[135.4629403015701,34.83684057408346],[135.46326021945836,34.83719461384138],[135.46353631624584,34.83757268553212],[135.46376593296955,34.83797114811863],[135.4639468582949,34.83838616418838],[135.4640773498121,34.83881373690974],[135.46415615081654,34.83924974852368],[135.46418250241143,34.83969]]]}},{"type":"Feature","properties":{"layer":"z18_optional","buffer_m":200},"geometry":{"type":"Polygon","coordinates":[[[135.46089900096456,34.83969],[135.4608884603266,34.83986610059053],[135.46085693992484,34.8400405052361],[135.46080474331796,34.840211534324645],[135.46073237318782,34.84037754075254],[135.46064052649834,34.84053692578715],[135.46053008778335,34.84068815446344],[135.46040212062803,34.84082977036661],[135.4602578574261,34.84096040965809],[135.46009868751096,34.84107881421008],[135.45992614377596,34.84118384372202],[135.4597418879116,34.841274486702304],[135.45954769440257,34.84134987020948],[135.4593454334385,34.841409268259156],[135.45913705290306,34.84145210881565],[135.45892455961473,34.84147797930098],[135.45871,34.841486630568234],[135.45849544038526,34.84147797930098],[135.45828294709693,34.84145210881565],[135.4580745665615,34.841409268259156],[135.45787230559742,34.84134987020948],[135.4576781120884,34.841274486702304],[135.45749385622403,34.84118384372202],[135.45732131248903,34.84107881421008],[135.4571621425739,34.84096040965809],[135.45701787937196,34.84082977036661],[135.45688991221664,34.84068815446344],[135.45677947350165,34.84053692578715],[135.45668762681217,34.84037754075254],[135.45661525668203,34.840211534324645],[135.45656306007515,34.8400405052361],[135.4565315396734,34.83986610059053],[135.45652099903543,34.83969],[135.4565315396734,34.83951389940947],[135.45656306007515,34.8393394947639],[135.45661525668203,34.83916846567535],[135.45668762681217,34.83900245924745],[135.45677947350165,34.838843074212846],[135.45688991221664,34.83869184553655],[135.45701787937196,34.838550229633384],[135.4571621425739,34.83841959034191],[135.45732131248903,34.838301185789916],[135.45749385622403,34.838196156277974],[135.4576781120884,34.83810551329769],[135.45787230559742,34.83803012979052],[135.4580745665615,34.83797073174084],[135.45828294709693,34.83792789118434],[135.45849544038526,34.83790202069901],[135.45871,34.83789336943176],[135.45892455961473,34.83790202069901],[135.45913705290306,34.83792789118434],[135.4593454334385,34.83797073174084],[135.45954769440257,34.83803012979052],[135.4597418879116,34.83810551329769],[135.45992614377596,34.838196156277974],[135.46009868751096,34.838301185789916],[135.4602578574261,34.83841959034191],[135.46040212062803,34.838550229633384],[135.46053008778335,34.83869184553655],[135.46064052649834,34.838843074212846],[135.46073237318782,34.83900245924745],[135.46080474331796,34.83916846567535],[135.46085693992484,34.8393394947639],[135.4608884603266,34.83951389940947],[135.46089900096456,34.83969]]]}},{"type":"Feature","properties":{"layer":"z17_default","buffer_m":500},"geometry":{"type":"Polygon","coordinates":[[[135.46348260745643,34.84127],[135.4634562553557,34.84171025147632],[135.46337745283867,34.84214626309026],[135.46324695881668,34.84257383581162],[135.46306603001844,34.842988851881366],[135.46283640888726,34.843387314467876],[135.46256030680007,34.843765386158616],[135.46224038277097,34.84411942591654],[135.4618797178432,34.84444602414522],[135.46148178541722,34.8447420355252],[135.46105041779978,34.845004609305064],[135.4605897692969,34.84523121675577],[135.4601042762054,34.8454196755237],[135.45959861408923,34.845568170647894],[135.45907765275095,34.84567527203913],[135.45854640933302,34.84573994825246],[135.45801,34.8457615764206],[135.45747359066698,34.84573994825246],[135.45694234724905,34.84567527203913],[135.45642138591077,34.845568170647894],[135.4559157237946,34.8454196755237],[135.45543023070312,34.84523121675577],[135.45496958220022,34.845004609305064],[135.45453821458278,34.8447420355252],[135.4541402821568,34.84444602414522],[135.45377961722903,34.84411942591654],[135.45345969319993,34.843765386158616],[135.45318359111275,34.843387314467876],[135.45295396998156,34.842988851881366],[135.45277304118332,34.84257383581162],[135.45264254716133,34.84214626309026],[135.4525637446443,34.84171025147632],[135.45253739254358,34.84127],[135.4525637446443,34.84082974852368],[135.45264254716133,34.840393736909746],[135.45277304118332,34.83996616418838],[135.45295396998156,34.83955114811864],[135.45318359111275,34.83915268553213],[135.45345969319993,34.83877461384139],[135.45377961722903,34.838420574083464],[135.4541402821568,34.83809397585478],[135.45453821458278,34.8377979644748],[135.45496958220022,34.83753539069494],[135.45543023070312,34.83730878324423],[135.4559157237946,34.8371203244763],[135.45642138591077,34.83697182935211],[135.45694234724905,34.83686472796087],[135.45747359066698,34.836800051747545],[135.45801,34.8367784235794],[135.45854640933302,34.836800051747545],[135.45907765275095,34.83686472796087],[135.45959861408923,34.83697182935211],[135.4601042762054,34.8371203244763],[135.4605897692969,34.83730878324423],[135.46105041779978,34.83753539069494],[135.46148178541722,34.8377979644748],[135.4618797178432,34.83809397585478],[135.46224038277097,34.838420574083464],[135.46256030680007,34.83877461384139],[135.46283640888726,34.83915268553213],[135.46306603001844,34.83955114811864],[135.46324695881668,34.83996616418838],[135.46337745283867,34.840393736909746],[135.4634562553557,34.84082974852368],[135.46348260745643,34.84127]]]}},{"type":"Feature","properties":{"layer":"z18_optional","buffer_m":200},"geometry":{"type":"Polygon","coordinates":[[[135.46019904298257,34.84127],[135.46018850214227,34.84144610059053],[135.46015698113547,34.8416205052361],[135.46010478352667,34.84179153432465],[135.4600324120074,34.841957540752546],[135.4599405635549,34.84211692578715],[135.45983012272004,34.84226815446345],[135.4597021531084,34.842409770366615],[135.4595578871373,34.84254040965809],[135.4593987141669,34.84265881421008],[135.4592261671199,34.842763843722025],[135.45904190771876,34.84285448670231],[135.45884771048216,34.84292987020948],[135.45864544563568,34.84298926825916],[135.45843706110037,34.843032108815656],[135.4582245637332,34.84305797930099],[135.45801,34.84306663056824],[135.4577954362668,34.84305797930099],[135.45758293889963,34.843032108815656],[135.45737455436432,34.84298926825916],[135.45717228951784,34.84292987020948],[135.45697809228125,34.84285448670231],[135.4567938328801,34.842763843722025],[135.4566212858331,34.84265881421008],[135.4564621128627,34.84254040965809],[135.4563178468916,34.842409770366615],[135.45618987727997,34.84226815446345],[135.4560794364451,34.84211692578715],[135.4559875879926,34.841957540752546],[135.45591521647333,34.84179153432465],[135.45586301886453,34.8416205052361],[135.45583149785773,34.84144610059053],[135.45582095701744,34.84127],[135.45583149785773,34.84109389940947],[135.45586301886453,34.8409194947639],[135.45591521647333,34.840748465675354],[135.4559875879926,34.84058245924746],[135.4560794364451,34.84042307421285],[135.45618987727997,34.840271845536556],[135.4563178468916,34.84013022963339],[135.4564621128627,34.83999959034191],[135.4566212858331,34.83988118578992],[135.4567938328801,34.83977615627798],[135.45697809228125,34.839685513297695],[135.45717228951784,34.83961012979052],[135.45737455436432,34.83955073174084],[135.45758293889963,34.83950789118435],[135.4577954362668,34.839482020699016],[135.45801,34.839473369431765],[135.4582245637332,34.839482020699016],[135.45843706110037,34.83950789118435],[135.45864544563568,34.83955073174084],[135.45884771048216,34.83961012979052],[135.45904190771876,34.839685513297695],[135.4592261671199,34.83977615627798],[135.4593987141669,34.83988118578992],[135.4595578871373,34.83999959034191],[135.4597021531084,34.84013022963339],[135.45983012272004,34.840271845536556],[135.4599405635549,34.84042307421285],[135.4600324120074,34.84058245924746],[135.46010478352667,34.840748465675354],[135.46015698113547,34.8409194947639],[135.46018850214227,34.84109389940947],[135.46019904298257,34.84127]]]}},{"type":"Feature","properties":{"layer":"z17_default","buffer_m":500},"geometry":{"type":"Polygon","coordinates":[[[135.4625125748783,34.84078],[135.46248622293444,34.84122025147632],[135.46240742088654,34.84165626309026],[135.46227692764137,34.84208383581162],[135.4620959999202,34.842498851881366],[135.46186638015593,34.842897314467876],[135.46159027971237,34.843275386158616],[135.46127035758775,34.84362942591654],[135.46090969480701,34.84395602414522],[135.46051176474987,34.8442520355252],[135.46008039970036,34.844514609305065],[135.45961975393968,34.84474121675577],[135.45913426373832,34.8449296755237],[135.4586286046323,34.845078170647895],[135.45810764639526,34.84518527203913],[135.45757640613982,34.84524994825246],[135.45704,34.8452715764206],[135.4565035938602,34.84524994825246],[135.45597235360475,34.84518527203913],[135.4554513953677,34.845078170647895],[135.4549457362617,34.8449296755237],[135.45446024606034,34.84474121675577],[135.45399960029965,34.844514609305065],[135.45356823525015,34.8442520355252],[135.453170305193,34.84395602414522],[135.45280964241226,34.84362942591654],[135.45248972028764,34.843275386158616],[135.4522136198441,34.842897314467876],[135.45198400007982,34.842498851881366],[135.45180307235864,34.84208383581162],[135.45167257911348,34.84165626309026],[135.45159377706557,34.84122025147632],[135.4515674251217,34.84078],[135.45159377706557,34.84033974852368],[135.45167257911348,34.83990373690975],[135.45180307235864,34.83947616418838],[135.45198400007982,34.83906114811864],[135.4522136198441,34.83866268553213],[135.45248972028764,34.83828461384139],[135.45280964241226,34.837930574083465],[135.453170305193,34.83760397585478],[135.45356823525015,34.8373079644748],[135.45399960029965,34.83704539069494],[135.45446024606034,34.83681878324423],[135.4549457362617,34.8366303244763],[135.4554513953677,34.83648182935211],[135.45597235360475,34.83637472796087],[135.4565035938602,34.836310051747546],[135.45704,34.836288423579404],[135.45757640613982,34.836310051747546],[135.45810764639526,34.83637472796087],[135.4586286046323,34.83648182935211],[135.45913426373832,34.8366303244763],[135.45961975393968,34.83681878324423],[135.46008039970036,34.83704539069494],[135.46051176474987,34.8373079644748],[135.46090969480701,34.83760397585478],[135.46127035758775,34.837930574083465],[135.46159027971237,34.83828461384139],[135.46186638015593,34.83866268553213],[135.4620959999202,34.83906114811864],[135.46227692764137,34.83947616418838],[135.46240742088654,34.83990373690975],[135.46248622293444,34.84033974852368],[135.4625125748783,34.84078]]]}},{"type":"Feature","properties":{"layer":"z18_optional","buffer_m":200},"geometry":{"type":"Polygon","coordinates":[[[135.45922902995133,34.84078],[135.4592184891738,34.84095610059053],[135.45918696835463,34.8411305052361],[135.45913477105654,34.84130153432465],[135.45906239996808,34.84146754075255],[135.45897055206237,34.84162692578715],[135.45886011188495,34.84177815446345],[135.4587321430351,34.841919770366616],[135.4585878779228,34.84205040965809],[135.45842870589996,34.84216881421008],[135.45825615988014,34.842273843722026],[135.45807190157586,34.84236448670231],[135.45787770549532,34.84243987020948],[135.45767544185293,34.84249926825916],[135.4574670585581,34.84254210881566],[135.45725456245594,34.84256797930099],[135.45704,34.84257663056824],[135.45682543754407,34.84256797930099],[135.4566129414419,34.84254210881566],[135.45640455814709,34.84249926825916],[135.4562022945047,34.84243987020948],[135.45600809842415,34.84236448670231],[135.45582384011988,34.842273843722026],[135.45565129410005,34.84216881421008],[135.4554921220772,34.84205040965809],[135.45534785696492,34.841919770366616],[135.45521988811507,34.84177815446345],[135.45510944793764,34.84162692578715],[135.45501760003194,34.84146754075255],[135.45494522894347,34.84130153432465],[135.45489303164538,34.8411305052361],[135.45486151082622,34.84095610059053],[135.45485097004868,34.84078],[135.45486151082622,34.84060389940947],[135.45489303164538,34.8404294947639],[135.45494522894347,34.840258465675355],[135.45501760003194,34.84009245924746],[135.45510944793764,34.83993307421285],[135.45521988811507,34.83978184553656],[135.45534785696492,34.83964022963339],[135.4554921220772,34.83950959034191],[135.45565129410005,34.83939118578992],[135.45582384011988,34.83928615627798],[135.45600809842415,34.839195513297696],[135.4562022945047,34.83912012979052],[135.45640455814709,34.839060731740844],[135.4566129414419,34.83901789118435],[135.45682543754407,34.83899202069902],[135.45704,34.838983369431766],[135.45725456245594,34.83899202069902],[135.4574670585581,34.83901789118435],[135.45767544185293,34.839060731740844],[135.45787770549532,34.83912012979052],[135.45807190157586,34.839195513297696],[135.45825615988014,34.83928615627798],[135.45842870589996,34.83939118578992],[135.4585878779228,34.83950959034191],[135.4587321430351,34.83964022963339],[135.45886011188495,34.83978184553656],[135.45897055206237,34.83993307421285],[135.45906239996808,34.84009245924746],[135.45913477105654,34.840258465675355],[135.45918696835463,34.8404294947639],[135.4592184891738,34.84060389940947],[135.45922902995133,34.84078]]]}},{"type":"Feature","properties":{"layer":"z17_default","buffer_m":500},"geometry":{"type":"Polygon","coordinates":[[[135.46525261211048,34.84134],[135.46522625998736,34.84178025147632],[135.46514745740333,34.84221626309026],[135.46501696327033,34.84264383581162],[135.46483603431824,34.843058851881366],[135.46460641299177,34.84345731446788],[135.4643303106698,34.84383538615862],[135.4640103863686,34.84418942591654],[135.46364972113412,34.84451602414522],[135.46325178836972,34.8448120355252],[135.46282042038544,34.845074609305065],[135.46235977149078,34.84530121675577],[135.46187427798645,34.8454896755237],[135.46136861544022,34.845638170647895],[135.4608476536589,34.84574527203913],[135.4603164097892,34.84580994825246],[135.45978,34.8458315764206],[135.4592435902108,34.84580994825246],[135.4587123463411,34.84574527203913],[135.45819138455977,34.845638170647895],[135.45768572201354,34.8454896755237],[135.4572002285092,34.84530121675577],[135.45673957961455,34.845074609305065],[135.45630821163027,34.8448120355252],[135.45591027886587,34.84451602414522],[135.45554961363138,34.84418942591654],[135.4552296893302,34.84383538615862],[135.45495358700822,34.84345731446788],[135.45472396568175,34.843058851881366],[135.45454303672966,34.84264383581162],[135.45441254259666,34.84221626309026],[135.45433374001263,34.84178025147632],[135.45430738788951,34.84134],[135.45433374001263,34.84089974852368],[135.45441254259666,34.84046373690975],[135.45454303672966,34.84003616418838],[135.45472396568175,34.83962114811864],[135.45495358700822,34.83922268553213],[135.4552296893302,34.83884461384139],[135.45554961363138,34.838490574083465],[135.45591027886587,34.83816397585478],[135.45630821163027,34.8378679644748],[135.45673957961455,34.83760539069494],[135.4572002285092,34.83737878324423],[135.45768572201354,34.8371903244763],[135.45819138455977,34.83704182935211],[135.4587123463411,34.83693472796087],[135.4592435902108,34.836870051747546],[135.45978,34.836848423579404],[135.4603164097892,34.836870051747546],[135.4608476536589,34.83693472796087],[135.46136861544022,34.83704182935211],[135.46187427798645,34.8371903244763],[135.46235977149078,34.83737878324423],[135.46282042038544,34.83760539069494],[135.46325178836972,34.8378679644748],[135.46364972113412,34.83816397585478],[135.4640103863686,34.838490574083465],[135.4643303106698,34.83884461384139],[135.46460641299177,34.83922268553213],[135.46483603431824,34.83962114811864],[135.46501696327033,34.84003616418838],[135.46514745740333,34.84046373690975],[135.46522625998736,34.84089974852368],[135.46525261211048,34.84134]]]}},{"type":"Feature","properties":{"layer":"z18_optional","buffer_m":200},"geometry":{"type":"Polygon","coordinates":[[[135.46196904484418,34.84134],[135.46195850399494,34.84151610059053],[135.46192698296133,34.8416905052361],[135.46187478530814,34.84186153432465],[135.4618024137273,34.84202754075255],[135.4617105651967,34.84218692578715],[135.4616001242679,34.84233815446345],[135.46147215454744,34.842479770366616],[135.46132788845364,34.84261040965809],[135.4611687153479,34.84272881421008],[135.46099616815417,34.842833843722026],[135.46081190859633,34.84292448670231],[135.46061771119457,34.84299987020948],[135.46041544617609,34.84305926825916],[135.46020706146356,34.84310210881566],[135.45999456391567,34.84312797930099],[135.45978,34.84313663056824],[135.45956543608432,34.84312797930099],[135.45935293853643,34.84310210881566],[135.4591445538239,34.84305926825916],[135.45894228880542,34.84299987020948],[135.45874809140366,34.84292448670231],[135.45856383184582,34.842833843722026],[135.4583912846521,34.84272881421008],[135.45823211154635,34.84261040965809],[135.45808784545255,34.842479770366616],[135.4579598757321,34.84233815446345],[135.45784943480328,34.84218692578715],[135.4577575862727,34.84202754075255],[135.45768521469185,34.84186153432465],[135.45763301703866,34.8416905052361],[135.45760149600505,34.84151610059053],[135.4575909551558,34.84134],[135.45760149600505,34.84116389940947],[135.45763301703866,34.8409894947639],[135.45768521469185,34.840818465675355],[135.4577575862727,34.84065245924746],[135.45784943480328,34.84049307421285],[135.4579598757321,34.84034184553656],[135.45808784545255,34.84020022963339],[135.45823211154635,34.84006959034191],[135.4583912846521,34.83995118578992],[135.45856383184582,34.83984615627798],[135.45874809140366,34.839755513297696],[135.45894228880542,34.83968012979052],[135.4591445538239,34.839620731740844],[135.45935293853643,34.83957789118435],[135.45956543608432,34.83955202069902],[135.45978,34.839543369431766],[135.45999456391567,34.83955202069902],[135.46020706146356,34.83957789118435],[135.46041544617609,34.839620731740844],[135.46061771119457,34.83968012979052],[135.46081190859633,34.839755513297696],[135.46099616815417,34.83984615627798],[135.4611687153479,34.83995118578992],[135.46132788845364,34.84006959034191],[135.46147215454744,34.84020022963339],[135.4616001242679,34.84034184553656],[135.4617105651967,34.84049307421285],[135.4618024137273,34.84065245924746],[135.46187478530814,34.840818465675355],[135.46192698296133,34.8409894947639],[135.46195850399494,34.84116389940947],[135.46196904484418,34.84134]]]}},{"type":"Feature","properties":{"layer":"z17_default","buffer_m":500},"geometry":{"type":"Polygon","coordinates":[[[135.46559263870554,34.84174],[135.46556628645433,34.84218025147632],[135.46548748348735,34.84261626309026],[135.46535698872023,34.84304383581162],[135.4651760588889,34.843458851881365],[135.4649464364465,34.843857314467876],[135.46467033278276,34.844235386158616],[135.46435040692685,34.84458942591654],[135.46398973993968,34.84491602414522],[135.46359180524144,34.8452120355252],[135.46316043516086,34.845474609305064],[135.46269978402762,34.84570121675577],[135.46221428816392,34.8458896755237],[135.46170862316035,34.846038170647894],[135.46118765884734,34.84614527203913],[135.46065641239596,34.84620994825246],[135.46012,34.8462315764206],[135.45958358760402,34.84620994825246],[135.45905234115264,34.84614527203913],[135.45853137683963,34.846038170647894],[135.45802571183606,34.8458896755237],[135.45754021597236,34.84570121675577],[135.45707956483912,34.845474609305064],[135.45664819475854,34.8452120355252],[135.4562502600603,34.84491602414522],[135.45588959307312,34.84458942591654],[135.45556966721722,34.844235386158616],[135.45529356355348,34.843857314467876],[135.4550639411111,34.843458851881365],[135.45488301127975,34.84304383581162],[135.45475251651263,34.84261626309026],[135.45467371354565,34.84218025147632],[135.45464736129443,34.84174],[135.45467371354565,34.84129974852368],[135.45475251651263,34.840863736909746],[135.45488301127975,34.84043616418838],[135.4550639411111,34.84002114811864],[135.45529356355348,34.83962268553213],[135.45556966721722,34.83924461384139],[135.45588959307312,34.838890574083464],[135.4562502600603,34.83856397585478],[135.45664819475854,34.8382679644748],[135.45707956483912,34.83800539069494],[135.45754021597236,34.83777878324423],[135.45802571183606,34.8375903244763],[135.45853137683963,34.83744182935211],[135.45905234115264,34.83733472796087],[135.45958358760402,34.837270051747545],[135.46012,34.8372484235794],[135.46065641239596,34.837270051747545],[135.46118765884734,34.83733472796087],[135.46170862316035,34.83744182935211],[135.46221428816392,34.8375903244763],[135.46269978402762,34.83777878324423],[135.46316043516086,34.83800539069494],[135.46359180524144,34.8382679644748],[135.46398973993968,34.83856397585478],[135.46435040692685,34.838890574083464],[135.46467033278276,34.83924461384139],[135.4649464364465,34.83962268553213],[135.4651760588889,34.84002114811864],[135.46535698872023,34.84043616418838],[135.46548748348735,34.840863736909746],[135.46556628645433,34.84129974852368],[135.46559263870554,34.84174]]]}},{"type":"Feature","properties":{"layer":"z18_optional","buffer_m":200},"geometry":{"type":"Polygon","coordinates":[[[135.4623090554822,34.84174],[135.46229851458173,34.84191610059053],[135.46226699339493,34.8420905052361],[135.46221479548808,34.84226153432465],[135.46214242355555,34.842427540752546],[135.4620505745786,34.84258692578715],[135.4619401331131,34.84273815446345],[135.46181216277074,34.842879770366615],[135.46166789597586,34.84301040965809],[135.46150872209657,34.84312881421008],[135.46133617406434,34.843233843722025],[135.46115191361105,34.84332448670231],[135.46095771526555,34.84339987020948],[135.46075544926413,34.84345926825916],[135.46054706353894,34.843502108815656],[135.46033456495837,34.84352797930099],[135.46012,34.84353663056824],[135.4599054350416,34.84352797930099],[135.45969293646104,34.843502108815656],[135.45948455073585,34.84345926825916],[135.45928228473443,34.84339987020948],[135.45908808638893,34.84332448670231],[135.45890382593564,34.843233843722025],[135.4587312779034,34.84312881421008],[135.4585721040241,34.84301040965809],[135.45842783722924,34.842879770366615],[135.45829986688688,34.84273815446345],[135.45818942542138,34.84258692578715],[135.45809757644443,34.842427540752546],[135.4580252045119,34.84226153432465],[135.45797300660504,34.8420905052361],[135.45794148541825,34.84191610059053],[135.45793094451778,34.84174],[135.45794148541825,34.84156389940947],[135.45797300660504,34.8413894947639],[135.4580252045119,34.841218465675354],[135.45809757644443,34.84105245924746],[135.45818942542138,34.84089307421285],[135.45829986688688,34.840741845536556],[135.45842783722924,34.84060022963339],[135.4585721040241,34.84046959034191],[135.4587312779034,34.84035118578992],[135.45890382593564,34.84024615627798],[135.45908808638893,34.840155513297695],[135.45928228473443,34.84008012979052],[135.45948455073585,34.84002073174084],[135.45969293646104,34.83997789118435],[135.4599054350416,34.839952020699016],[135.46012,34.839943369431765],[135.46033456495837,34.839952020699016],[135.46054706353894,34.83997789118435],[135.46075544926413,34.84002073174084],[135.46095771526555,34.84008012979052],[135.46115191361105,34.840155513297695],[135.46133617406434,34.84024615627798],[135.46150872209657,34.84035118578992],[135.46166789597586,34.84046959034191],[135.46181216277074,34.84060022963339],[135.4619401331131,34.840741845536556],[135.4620505745786,34.84089307421285],[135.46214242355555,34.84105245924746],[135.46221479548808,34.841218465675354],[135.46226699339493,34.8413894947639],[135.46229851458173,34.84156389940947],[135.4623090554822,34.84174]]]}},{"type":"Feature","properties":{"layer":"z17_default","buffer_m":500},"geometry":{"type":"Polygon","coordinates":[[[135.46550268391834,34.84242],[135.46547633144942,34.84286025147632],[135.4653975278314,34.84329626309025],[135.46526703198617,34.843723835811616],[135.46508610066005,34.84413885188136],[135.46485647632065,34.84453731446787],[135.46458037037584,34.84491538615861],[135.46426044187683,34.845269425916534],[135.46389977190995,34.845596024145216],[135.46350183392414,34.845892035525196],[135.46307046027974,34.84615460930506],[135.46260980534078,34.846381216755766],[135.46212430546612,34.846569675523696],[135.46161863628495,34.84671817064789],[135.4610976676679,34.846825272039126],[135.4605664168276,34.84688994825245],[135.46003,34.846911576420595],[135.4594935831724,34.84688994825245],[135.45896233233208,34.846825272039126],[135.45844136371502,34.84671817064789],[135.45793569453386,34.846569675523696],[135.4574501946592,34.846381216755766],[135.45698953972024,34.84615460930506],[135.45655816607584,34.845892035525196],[135.45616022809003,34.845596024145216],[135.45579955812315,34.845269425916534],[135.45547962962414,34.84491538615861],[135.45520352367933,34.84453731446787],[135.45497389933993,34.84413885188136],[135.4547929680138,34.843723835811616],[135.45466247216856,34.84329626309025],[135.45458366855055,34.84286025147632],[135.45455731608163,34.84242],[135.45458366855055,34.84197974852368],[135.45466247216856,34.84154373690974],[135.4547929680138,34.84111616418838],[135.45497389933993,34.84070114811863],[135.45520352367933,34.84030268553212],[135.45547962962414,34.83992461384138],[135.45579955812315,34.83957057408346],[135.45616022809003,34.83924397585478],[135.45655816607584,34.8389479644748],[135.45698953972024,34.838685390694934],[135.4574501946592,34.83845878324423],[135.45793569453386,34.8382703244763],[135.45844136371502,34.838121829352104],[135.45896233233208,34.83801472796087],[135.4594935831724,34.83795005174754],[135.46003,34.8379284235794],[135.4605664168276,34.83795005174754],[135.4610976676679,34.83801472796087],[135.46161863628495,34.838121829352104],[135.46212430546612,34.8382703244763],[135.46260980534078,34.83845878324423],[135.46307046027974,34.838685390694934],[135.46350183392414,34.8389479644748],[135.46389977190995,34.83924397585478],[135.46426044187683,34.83957057408346],[135.46458037037584,34.83992461384138],[135.46485647632065,34.84030268553212],[135.46508610066005,34.84070114811863],[135.46526703198617,34.84111616418838],[135.4653975278314,34.84154373690974],[135.46547633144942,34.84197974852368],[135.46550268391834,34.84242]]]}},{"type":"Feature","properties":{"layer":"z18_optional","buffer_m":200},"geometry":{"type":"Polygon","coordinates":[[[135.46221907356733,34.84242],[135.46220853257978,34.84259610059053],[135.46217701113255,34.842770505236096],[135.46212481279446,34.842941534324645],[135.46205244026402,34.84310754075254],[135.46196059052824,34.84326692578715],[135.46185014815032,34.84341815446344],[135.46172217675073,34.84355977036661],[135.46157790876396,34.84369040965809],[135.46141873356964,34.84380881421008],[135.4612461841119,34.84391384372202],[135.4610619221363,34.8440044867023],[135.46086772218644,34.84407987020948],[135.46066545451396,34.844139268259156],[135.46045706706715,34.84418210881565],[135.46024456673103,34.84420797930098],[135.46003,34.84421663056823],[135.45981543326894,34.84420797930098],[135.45960293293282,34.84418210881565],[135.45939454548602,34.844139268259156],[135.45919227781354,34.84407987020948],[135.45899807786367,34.8440044867023],[135.45881381588808,34.84391384372202],[135.45864126643033,34.84380881421008],[135.45848209123602,34.84369040965809],[135.45833782324925,34.84355977036661],[135.45820985184966,34.84341815446344],[135.45809940947174,34.84326692578715],[135.45800755973596,34.84310754075254],[135.45793518720552,34.842941534324645],[135.45788298886742,34.842770505236096],[135.4578514674202,34.84259610059053],[135.45784092643265,34.84242],[135.4578514674202,34.84224389940947],[135.45788298886742,34.8420694947639],[135.45793518720552,34.84189846567535],[135.45800755973596,34.84173245924745],[135.45809940947174,34.841573074212846],[135.45820985184966,34.84142184553655],[135.45833782324925,34.841280229633384],[135.45848209123602,34.84114959034191],[135.45864126643033,34.841031185789916],[135.45881381588808,34.84092615627797],[135.45899807786367,34.84083551329769],[135.45919227781354,34.84076012979052],[135.45939454548602,34.84070073174084],[135.45960293293282,34.84065789118434],[135.45981543326894,34.84063202069901],[135.46003,34.84062336943176],[135.46024456673103,34.84063202069901],[135.46045706706715,34.84065789118434],[135.46066545451396,34.84070073174084],[135.46086772218644,34.84076012979052],[135.4610619221363,34.84083551329769],[135.4612461841119,34.84092615627797],[135.46141873356964,34.841031185789916],[135.46157790876396,34.84114959034191],[135.46172217675073,34.841280229633384],[135.46185014815032,34.84142184553655],[135.46196059052824,34.841573074212846],[135.46205244026402,34.84173245924745],[135.46212481279446,34.84189846567535],[135.46217701113255,34.8420694947639],[135.46220853257978,34.84224389940947],[135.46221907356733,34.84242]]]}},{"type":"Feature","properties":{"layer":"z17_default","buffer_m":500},"geometry":{"type":"Polygon","coordinates":[[[135.46438266330645,34.84211],[135.46435631093678,34.84255025147632],[135.46427750761558,34.84298626309025],[135.4641470122618,34.84341383581162],[135.46396608161714,34.84382885188136],[135.46373645814256,34.84422731446787],[135.46346035323768,34.84460538615861],[135.4631404259436,34.844959425916535],[135.46277975733514,34.84528602414522],[135.4623818208481,34.8455820355252],[135.4619504488284,34.84584460930506],[135.4614897956244,34.84607121675577],[135.46100429757828,34.8462596755237],[135.46049863030163,34.84640817064789],[135.45997766364675,34.84651527203913],[135.45944641480727,34.846579948252455],[135.45891,34.846601576420596],[135.45837358519273,34.846579948252455],[135.45784233635325,34.84651527203913],[135.45732136969838,34.84640817064789],[135.45681570242172,34.8462596755237],[135.4563302043756,34.84607121675577],[135.45586955117162,34.84584460930506],[135.4554381791519,34.8455820355252],[135.45504024266486,34.84528602414522],[135.4546795740564,34.844959425916535],[135.45435964676233,34.84460538615861],[135.45408354185744,34.84422731446787],[135.45385391838286,34.84382885188136],[135.4536729877382,34.84341383581162],[135.45354249238443,34.84298626309025],[135.45346368906323,34.84255025147632],[135.45343733669355,34.84211],[135.45346368906323,34.84166974852368],[135.45354249238443,34.84123373690974],[135.4536729877382,34.84080616418838],[135.45385391838286,34.840391148118634],[135.45408354185744,34.839992685532124],[135.45435964676233,34.839614613841384],[135.4546795740564,34.83926057408346],[135.45504024266486,34.83893397585478],[135.4554381791519,34.8386379644748],[135.45586955117162,34.838375390694935],[135.4563302043756,34.83814878324423],[135.45681570242172,34.8379603244763],[135.45732136969838,34.837811829352106],[135.45784233635325,34.83770472796087],[135.45837358519273,34.83764005174754],[135.45891,34.8376184235794],[135.45944641480727,34.83764005174754],[135.45997766364675,34.83770472796087],[135.46049863030163,34.837811829352106],[135.46100429757828,34.8379603244763],[135.4614897956244,34.83814878324423],[135.4619504488284,34.838375390694935],[135.4623818208481,34.8386379644748],[135.46277975733514,34.83893397585478],[135.4631404259436,34.83926057408346],[135.46346035323768,34.839614613841384],[135.46373645814256,34.839992685532124],[135.46396608161714,34.840391148118634],[135.4641470122618,34.84080616418838],[135.46427750761558,34.84123373690974],[135.46435631093678,34.84166974852368],[135.46438266330645,34.84211]]]}},{"type":"Feature","properties":{"layer":"z18_optional","buffer_m":200},"geometry":{"type":"Polygon","coordinates":[[[135.46109906532257,34.84211],[135.46108852437473,34.84228610059053],[135.46105700304622,34.8424605052361],[135.46100480490472,34.842631534324646],[135.46093243264687,34.84279754075254],[135.46084058325704,34.84295692578715],[135.46073014129507,34.843108154463444],[135.46060217037746,34.84324977036661],[135.46045790293405,34.84338040965809],[135.46029872833924,34.84349881421008],[135.46012617953136,34.84360384372202],[135.45994191824977,34.843694486702304],[135.45974771903133,34.84376987020948],[135.45954545212066,34.84382926825916],[135.4593370654587,34.84387210881565],[135.4591245659229,34.84389797930098],[135.45891,34.843906630568235],[135.4586954340771,34.84389797930098],[135.4584829345413,34.84387210881565],[135.45827454787934,34.84382926825916],[135.45807228096868,34.84376987020948],[135.45787808175024,34.843694486702304],[135.45769382046865,34.84360384372202],[135.45752127166077,34.84349881421008],[135.45736209706595,34.84338040965809],[135.45721782962255,34.84324977036661],[135.45708985870493,34.843108154463444],[135.45697941674297,34.84295692578715],[135.45688756735314,34.84279754075254],[135.4568151950953,34.842631534324646],[135.45676299695378,34.8424605052361],[135.45673147562528,34.84228610059053],[135.45672093467743,34.84211],[135.45673147562528,34.84193389940947],[135.45676299695378,34.8417594947639],[135.4568151950953,34.84158846567535],[135.45688756735314,34.841422459247454],[135.45697941674297,34.84126307421285],[135.45708985870493,34.84111184553655],[135.45721782962255,34.840970229633385],[135.45736209706595,34.84083959034191],[135.45752127166077,34.84072118578992],[135.45769382046865,34.840616156277974],[135.45787808175024,34.84052551329769],[135.45807228096868,34.84045012979052],[135.45827454787934,34.84039073174084],[135.4584829345413,34.840347891184344],[135.4586954340771,34.84032202069901],[135.45891,34.84031336943176],[135.4591245659229,34.84032202069901],[135.4593370654587,34.840347891184344],[135.45954545212066,34.84039073174084],[135.45974771903133,34.84045012979052],[135.45994191824977,34.84052551329769],[135.46012617953136,34.840616156277974],[135.46029872833924,34.84072118578992],[135.46045790293405,34.84083959034191],[135.46060217037746,34.840970229633385],[135.46073014129507,34.84111184553655],[135.46084058325704,34.84126307421285],[135.46093243264687,34.841422459247454],[135.46100480490472,34.84158846567535],[135.46105700304622,34.8417594947639],[135.46108852437473,34.84193389940947],[135.46109906532257,34.84211]]]}},{"type":"Feature","properties":{"layer":"z17_default","buffer_m":500},"geometry":{"type":"Polygon","coordinates":[[[135.4679325708892,34.84072],[135.46790621896454,34.84116025147632],[135.46782741697407,34.84159626309025],[135.467696923824,34.84202383581162],[135.46751599623474,34.84243885188136],[135.46728637663782,34.84283731446787],[135.46701027639554,34.84321538615861],[135.4666903545041,34.843569425916534],[135.46632969198626,34.84389602414522],[135.4659317622192,34.8441920355252],[135.4655003974841,34.84445460930506],[135.4650397520592,34.84468121675577],[135.46455426221172,34.8448696755237],[135.4640486034743,34.84501817064789],[135.46352764561703,34.84512527203913],[135.4629964057488,34.845189948252454],[135.46246,34.845211576420596],[135.46192359425118,34.845189948252454],[135.46139235438295,34.84512527203913],[135.46087139652568,34.84501817064789],[135.46036573778827,34.8448696755237],[135.4598802479408,34.84468121675577],[135.45941960251588,34.84445460930506],[135.45898823778077,34.8441920355252],[135.45859030801373,34.84389602414522],[135.4582296454959,34.843569425916534],[135.45790972360444,34.84321538615861],[135.45763362336217,34.84283731446787],[135.45740400376525,34.84243885188136],[135.45722307617598,34.84202383581162],[135.4570925830259,34.84159626309025],[135.45701378103544,34.84116025147632],[135.4569874291108,34.84072],[135.45701378103544,34.84027974852368],[135.4570925830259,34.83984373690974],[135.45722307617598,34.83941616418838],[135.45740400376525,34.83900114811863],[135.45763362336217,34.83860268553212],[135.45790972360444,34.83822461384138],[135.4582296454959,34.83787057408346],[135.45859030801373,34.83754397585478],[135.45898823778077,34.8372479644748],[135.45941960251588,34.836985390694934],[135.4598802479408,34.83675878324423],[135.46036573778827,34.8365703244763],[135.46087139652568,34.836421829352105],[135.46139235438295,34.83631472796087],[135.46192359425118,34.83625005174754],[135.46246,34.8362284235794],[135.4629964057488,34.83625005174754],[135.46352764561703,34.83631472796087],[135.4640486034743,34.836421829352105],[135.46455426221172,34.8365703244763],[135.4650397520592,34.83675878324423],[135.4655003974841,34.836985390694934],[135.4659317622192,34.8372479644748],[135.46632969198626,34.83754397585478],[135.4666903545041,34.83787057408346],[135.46701027639554,34.83822461384138],[135.46728637663782,34.83860268553212],[135.46751599623474,34.83900114811863],[135.467696923824,34.83941616418838],[135.46782741697407,34.83984373690974],[135.46790621896454,34.84027974852368],[135.4679325708892,34.84072]]]}},{"type":"Feature","properties":{"layer":"z18_optional","buffer_m":200},"geometry":{"type":"Polygon","coordinates":[[[135.46464902835567,34.84072],[135.46463848758583,34.84089610059053],[135.46460696678963,34.8410705052361],[135.4645547695296,34.841241534324645],[135.46448239849389,34.84140754075254],[135.46439055065514,34.84156692578715],[135.4642801105582,34.84171815446344],[135.46415214180163,34.84185977036661],[135.4640078767945,34.84199040965809],[135.46384870488768,34.84210881421008],[135.46367615899365,34.84221384372202],[135.46349190082367,34.842304486702304],[135.4632977048847,34.84237987020948],[135.46309544138973,34.842439268259156],[135.4628870582468,34.84248210881565],[135.46267456229953,34.84250797930098],[135.46246,34.842516630568234],[135.46224543770046,34.84250797930098],[135.4620329417532,34.84248210881565],[135.46182455861026,34.842439268259156],[135.4616222951153,34.84237987020948],[135.46142809917632,34.842304486702304],[135.46124384100634,34.84221384372202],[135.4610712951123,34.84210881421008],[135.46091212320547,34.84199040965809],[135.46076785819835,34.84185977036661],[135.46063988944178,34.84171815446344],[135.46052944934485,34.84156692578715],[135.4604376015061,34.84140754075254],[135.4603652304704,34.841241534324645],[135.46031303321035,34.8410705052361],[135.46028151241416,34.84089610059053],[135.46027097164432,34.84072],[135.46028151241416,34.84054389940947],[135.46031303321035,34.8403694947639],[135.4603652304704,34.84019846567535],[135.4604376015061,34.84003245924745],[135.46052944934485,34.839873074212846],[135.46063988944178,34.83972184553655],[135.46076785819835,34.839580229633384],[135.46091212320547,34.83944959034191],[135.4610712951123,34.839331185789916],[135.46124384100634,34.839226156277974],[135.46142809917632,34.83913551329769],[135.4616222951153,34.83906012979052],[135.46182455861026,34.83900073174084],[135.4620329417532,34.83895789118434],[135.46224543770046,34.83893202069901],[135.46246,34.83892336943176],[135.46267456229953,34.83893202069901],[135.4628870582468,34.83895789118434],[135.46309544138973,34.83900073174084],[135.4632977048847,34.83906012979052],[135.46349190082367,34.83913551329769],[135.46367615899365,34.839226156277974],[135.46384870488768,34.839331185789916],[135.4640078767945,34.83944959034191],[135.46415214180163,34.839580229633384],[135.4642801105582,34.83972184553655],[135.46439055065514,34.839873074212846],[135.46448239849389,34.84003245924745],[135.4645547695296,34.84019846567535],[135.46460696678963,34.8403694947639],[135.46463848758583,34.84054389940947],[135.46464902835567,34.84072]]]}},{"type":"Feature","properties":{"layer":"z17_default","buffer_m":500},"geometry":{"type":"Polygon","coordinates":[[[135.46190258884027,34.84099],[135.4618762368292,34.84143025147632],[135.46179743458023,34.84186626309025],[135.46166694100214,34.84229383581162],[135.46148601281936,34.84270885188136],[135.46125639246927,34.84310731446787],[135.4609802913213,34.84348538615861],[135.46066036838047,34.843839425916535],[135.46029970467958,34.84416602414522],[135.45990177360724,34.8444620355252],[135.45947040745722,34.84472460930506],[135.4590097605213,34.84495121675577],[135.45852426908132,34.8451396755237],[135.45801860868525,34.84528817064789],[135.45749764911912,34.84539527203913],[135.45696640750833,34.845459948252454],[135.45643,34.845481576420596],[135.4558935924917,34.845459948252454],[135.4553623508809,34.84539527203913],[135.45484139131477,34.84528817064789],[135.4543357309187,34.8451396755237],[135.45385023947873,34.84495121675577],[135.4533895925428,34.84472460930506],[135.45295822639278,34.8444620355252],[135.45256029532044,34.84416602414522],[135.45219963161955,34.843839425916535],[135.45187970867872,34.84348538615861],[135.45160360753076,34.84310731446787],[135.45137398718066,34.84270885188136],[135.4511930589979,34.84229383581162],[135.4510625654198,34.84186626309025],[135.45098376317083,34.84143025147632],[135.45095741115975,34.84099],[135.45098376317083,34.84054974852368],[135.4510625654198,34.84011373690974],[135.4511930589979,34.83968616418838],[135.45137398718066,34.839271148118634],[135.45160360753076,34.838872685532124],[135.45187970867872,34.838494613841384],[135.45219963161955,34.83814057408346],[135.45256029532044,34.83781397585478],[135.45295822639278,34.8375179644748],[135.4533895925428,34.837255390694935],[135.45385023947873,34.83702878324423],[135.4543357309187,34.8368403244763],[135.45484139131477,34.836691829352105],[135.4553623508809,34.83658472796087],[135.4558935924917,34.83652005174754],[135.45643,34.8364984235794],[135.45696640750833,34.83652005174754],[135.45749764911912,34.83658472796087],[135.45801860868525,34.836691829352105],[135.45852426908132,34.8368403244763],[135.4590097605213,34.83702878324423],[135.45947040745722,34.837255390694935],[135.45990177360724,34.8375179644748],[135.46029970467958,34.83781397585478],[135.46066036838047,34.83814057408346],[135.4609802913213,34.838494613841384],[135.46125639246927,34.838872685532124],[135.46148601281936,34.839271148118634],[135.46166694100214,34.83968616418838],[135.46179743458023,34.84011373690974],[135.4618762368292,34.84054974852368],[135.46190258884027,34.84099]]]}},{"type":"Feature","properties":{"layer":"z18_optional","buffer_m":200},"geometry":{"type":"Polygon","coordinates":[[[135.45861903553612,34.84099],[135.4586084947317,34.84116610059053],[135.4585769738321,34.8413405052361],[135.45852477640085,34.841511534324646],[135.45845240512776,34.84167754075254],[135.4583605569877,34.84183692578715],[135.45825011652852,34.84198815446344],[135.4581221473522,34.84212977036661],[135.45797788187184,34.84226040965809],[135.4578187094429,34.84237881421008],[135.45764616298288,34.84248384372202],[135.45746190420851,34.842574486702304],[135.45726770763252,34.84264987020948],[135.4570654434741,34.842709268259156],[135.45685705964766,34.84275210881565],[135.45664456300335,34.84277797930098],[135.45643,34.842786630568234],[135.45621543699667,34.84277797930098],[135.45600294035236,34.84275210881565],[135.45579455652592,34.842709268259156],[135.4555922923675,34.84264987020948],[135.4553980957915,34.842574486702304],[135.45521383701714,34.84248384372202],[135.45504129055712,34.84237881421008],[135.45488211812818,34.84226040965809],[135.4547378526478,34.84212977036661],[135.4546098834715,34.84198815446344],[135.4544994430123,34.84183692578715],[135.45440759487227,34.84167754075254],[135.45433522359917,34.841511534324646],[135.45428302616793,34.8413405052361],[135.45425150526833,34.84116610059053],[135.4542409644639,34.84099],[135.45425150526833,34.84081389940947],[135.45428302616793,34.8406394947639],[135.45433522359917,34.84046846567535],[135.45440759487227,34.840302459247454],[135.4544994430123,34.84014307421285],[135.4546098834715,34.83999184553655],[135.4547378526478,34.839850229633385],[135.45488211812818,34.83971959034191],[135.45504129055712,34.83960118578992],[135.45521383701714,34.839496156277974],[135.4553980957915,34.83940551329769],[135.4555922923675,34.83933012979052],[135.45579455652592,34.83927073174084],[135.45600294035236,34.83922789118434],[135.45621543699667,34.83920202069901],[135.45643,34.83919336943176],[135.45664456300335,34.83920202069901],[135.45685705964766,34.83922789118434],[135.4570654434741,34.83927073174084],[135.45726770763252,34.83933012979052],[135.45746190420851,34.83940551329769],[135.45764616298288,34.839496156277974],[135.4578187094429,34.83960118578992],[135.45797788187184,34.83971959034191],[135.4581221473522,34.839850229633385],[135.45825011652852,34.83999184553655],[135.4583605569877,34.84014307421285],[135.45845240512776,34.840302459247454],[135.45852477640085,34.84046846567535],[135.4585769738321,34.8406394947639],[135.4586084947317,34.84081389940947],[135.45861903553612,34.84099]]]}},{"type":"Feature","properties":{"layer":"z17_default","buffer_m":500},"geometry":{"type":"Polygon","coordinates":[[[135.46082265333305,34.84196],[135.46079630101144,34.84240025147632],[135.46071749783383,34.842836263090255],[135.4605870027179,34.84326383581162],[135.46040607240295,34.843678851881364],[135.46017644934685,34.844077314467874],[135.4599003449451,34.844455386158614],[135.45958041823408,34.84480942591654],[135.4592197502829,34.84513602414522],[135.45882181452106,34.8454320355252],[135.4583904432875,34.84569460930506],[135.457929790923,34.84592121675577],[135.45744429376165,34.8461096755237],[135.45693862740652,34.84625817064789],[135.45641766170104,34.84636527203913],[135.45588641382972,34.84642994825246],[135.45535,34.8464515764206],[135.4548135861703,34.84642994825246],[135.45428233829898,34.84636527203913],[135.4537613725935,34.84625817064789],[135.45325570623837,34.8461096755237],[135.45277020907702,34.84592121675577],[135.45230955671252,34.84569460930506],[135.45187818547896,34.8454320355252],[135.45148024971712,34.84513602414522],[135.45111958176594,34.84480942591654],[135.4507996550549,34.844455386158614],[135.45052355065317,34.844077314467874],[135.45029392759707,34.843678851881364],[135.45011299728213,34.84326383581162],[135.4499825021662,34.842836263090255],[135.44990369898858,34.84240025147632],[135.44987734666697,34.84196],[135.44990369898858,34.84151974852368],[135.4499825021662,34.841083736909745],[135.45011299728213,34.84065616418838],[135.45029392759707,34.840241148118636],[135.45052355065317,34.839842685532126],[135.4507996550549,34.839464613841386],[135.45111958176594,34.83911057408346],[135.45148024971712,34.83878397585478],[135.45187818547896,34.8384879644748],[135.45230955671252,34.83822539069494],[135.45277020907702,34.83799878324423],[135.45325570623837,34.8378103244763],[135.4537613725935,34.83766182935211],[135.45428233829898,34.83755472796087],[135.4548135861703,34.837490051747544],[135.45535,34.8374684235794],[135.45588641382972,34.837490051747544],[135.45641766170104,34.83755472796087],[135.45693862740652,34.83766182935211],[135.45744429376165,34.8378103244763],[135.457929790923,34.83799878324423],[135.4583904432875,34.83822539069494],[135.45882181452106,34.8384879644748],[135.4592197502829,34.83878397585478],[135.45958041823408,34.83911057408346],[135.4599003449451,34.839464613841386],[135.46017644934685,34.839842685532126],[135.46040607240295,34.840241148118636],[135.4605870027179,34.84065616418838],[135.46071749783383,34.841083736909745],[135.46079630101144,34.84151974852368],[135.46082265333305,34.84196]]]}},{"type":"Feature","properties":{"layer":"z18_optional","buffer_m":200},"geometry":{"type":"Polygon","coordinates":[[[135.45753906133322,34.84196],[135.45752852040457,34.84213610059053],[135.45749699913353,34.8423105052361],[135.45744480108715,34.84248153432465],[135.45737242896118,34.842647540752544],[135.45728057973875,34.84280692578715],[135.45717013797804,34.842958154463446],[135.45704216729365,34.843099770366614],[135.45689790011318,34.84323040965809],[135.45673872580844,34.84334881421008],[135.456566177315,34.843453843722024],[135.4563819163692,34.84354448670231],[135.45618771750466,34.84361987020948],[135.4559854509626,34.84367926825916],[135.45577706468043,34.843722108815655],[135.4555645655319,34.843747979300986],[135.45535,34.84375663056824],[135.45513543446813,34.843747979300986],[135.4549229353196,34.843722108815655],[135.45471454903742,34.84367926825916],[135.45451228249536,34.84361987020948],[135.45431808363082,34.84354448670231],[135.454133822685,34.843453843722024],[135.45396127419158,34.84334881421008],[135.45380209988684,34.84323040965809],[135.45365783270637,34.843099770366614],[135.45352986202198,34.842958154463446],[135.45341942026127,34.84280692578715],[135.45332757103884,34.842647540752544],[135.45325519891287,34.84248153432465],[135.4532030008665,34.8423105052361],[135.45317147959545,34.84213610059053],[135.4531609386668,34.84196],[135.45317147959545,34.84178389940947],[135.4532030008665,34.8416094947639],[135.45325519891287,34.84143846567535],[135.45332757103884,34.841272459247456],[135.45341942026127,34.84111307421285],[135.45352986202198,34.840961845536555],[135.45365783270637,34.84082022963339],[135.45380209988684,34.84068959034191],[135.45396127419158,34.84057118578992],[135.454133822685,34.84046615627798],[135.45431808363082,34.840375513297694],[135.45451228249536,34.84030012979052],[135.45471454903742,34.84024073174084],[135.4549229353196,34.840197891184346],[135.45513543446813,34.840172020699015],[135.45535,34.840163369431764],[135.4555645655319,34.840172020699015],[135.45577706468043,34.840197891184346],[135.4559854509626,34.84024073174084],[135.45618771750466,34.84030012979052],[135.4563819163692,34.840375513297694],[135.456566177315,34.84046615627798],[135.45673872580844,34.84057118578992],[135.45689790011318,34.84068959034191],[135.45704216729365,34.84082022963339],[135.45717013797804,34.840961845536555],[135.45728057973875,34.84111307421285],[135.45737242896118,34.841272459247456],[135.45744480108715,34.84143846567535],[135.45749699913353,34.8416094947639],[135.45752852040457,34.84178389940947],[135.45753906133322,34.84196]]]}},{"type":"Feature","properties":{"layer":"z17_default","buffer_m":500},"geometry":{"type":"Polygon","coordinates":[[[135.46089271716403,34.84292],[135.46086636453504,34.84336025147632],[135.4607875604383,34.843796263090255],[135.4606570638003,34.84422383581162],[135.46047613137506,34.84463885188136],[135.46024650564073,34.845037314467874],[135.4599703980186,34.845415386158614],[135.4596504675761,34.84576942591654],[135.4592897954182,34.84609602414522],[135.458891855015,34.8463920355252],[135.45846047875006,34.84665460930506],[135.4579998210127,34.84688121675577],[135.4575143181887,34.8470696755237],[135.45700864593567,34.84721817064789],[135.45648767415383,34.84732527203913],[135.45595642008627,34.847389948252456],[135.45542,34.8474115764206],[135.45488357991374,34.847389948252456],[135.45435232584617,34.84732527203913],[135.45383135406433,34.84721817064789],[135.45332568181132,34.8470696755237],[135.45284017898732,34.84688121675577],[135.45237952124995,34.84665460930506],[135.451948144985,34.8463920355252],[135.45155020458182,34.84609602414522],[135.4511895324239,34.84576942591654],[135.4508696019814,34.845415386158614],[135.45059349435928,34.845037314467874],[135.45036386862495,34.84463885188136],[135.4501829361997,34.84422383581162],[135.45005243956172,34.843796263090255],[135.44997363546497,34.84336025147632],[135.44994728283598,34.84292],[135.44997363546497,34.84247974852368],[135.45005243956172,34.842043736909744],[135.4501829361997,34.84161616418838],[135.45036386862495,34.841201148118635],[135.45059349435928,34.840802685532125],[135.4508696019814,34.840424613841385],[135.4511895324239,34.84007057408346],[135.45155020458182,34.83974397585478],[135.451948144985,34.8394479644748],[135.45237952124995,34.83918539069494],[135.45284017898732,34.83895878324423],[135.45332568181132,34.8387703244763],[135.45383135406433,34.83862182935211],[135.45435232584617,34.83851472796087],[135.45488357991374,34.83845005174754],[135.45542,34.8384284235794],[135.45595642008627,34.83845005174754],[135.45648767415383,34.83851472796087],[135.45700864593567,34.83862182935211],[135.4575143181887,34.8387703244763],[135.4579998210127,34.83895878324423],[135.45846047875006,34.83918539069494],[135.458891855015,34.8394479644748],[135.4592897954182,34.83974397585478],[135.4596504675761,34.84007057408346],[135.4599703980186,34.840424613841385],[135.46024650564073,34.840802685532125],[135.46047613137506,34.841201148118635],[135.4606570638003,34.84161616418838],[135.4607875604383,34.842043736909744],[135.46086636453504,34.84247974852368],[135.46089271716403,34.84292]]]}},{"type":"Feature","properties":{"layer":"z18_optional","buffer_m":200},"geometry":{"type":"Polygon","coordinates":[[[135.4576090868656,34.84292],[135.45759854581402,34.84309610059053],[135.45756702417532,34.8432705052361],[135.45751482552012,34.84344153432465],[135.45744245255003,34.843607540752544],[135.4573506022563,34.84376692578715],[135.45724015920746,34.843918154463445],[135.45711218703045,34.84405977036661],[135.4569679181673,34.84419040965809],[135.456808742006,34.84430881421008],[135.45663619150002,34.84441384372202],[135.45645192840507,34.844504486702306],[135.45625772727547,34.84457987020948],[135.45605545837427,34.84463926825916],[135.45584706966153,34.844682108815654],[135.4556345680345,34.844707979300985],[135.45542,34.844716630568236],[135.4552054319655,34.844707979300985],[135.45499293033848,34.844682108815654],[135.45478454162574,34.84463926825916],[135.45458227272454,34.84457987020948],[135.45438807159493,34.844504486702306],[135.45420380849998,34.84441384372202],[135.45403125799402,34.84430881421008],[135.4538720818327,34.84419040965809],[135.45372781296956,34.84405977036661],[135.45359984079255,34.843918154463445],[135.4534893977437,34.84376692578715],[135.45339754744998,34.843607540752544],[135.4533251744799,34.84344153432465],[135.4532729758247,34.8432705052361],[135.45324145418599,34.84309610059053],[135.4532309131344,34.84292],[135.45324145418599,34.84274389940947],[135.4532729758247,34.8425694947639],[135.4533251744799,34.84239846567535],[135.45339754744998,34.842232459247455],[135.4534893977437,34.84207307421285],[135.45359984079255,34.841921845536554],[135.45372781296956,34.841780229633386],[135.4538720818327,34.84164959034191],[135.45403125799402,34.84153118578992],[135.45420380849998,34.841426156277976],[135.45438807159493,34.84133551329769],[135.45458227272454,34.84126012979052],[135.45478454162574,34.84120073174084],[135.45499293033848,34.841157891184345],[135.4552054319655,34.841132020699014],[135.45542,34.84112336943176],[135.4556345680345,34.841132020699014],[135.45584706966153,34.841157891184345],[135.45605545837427,34.84120073174084],[135.45625772727547,34.84126012979052],[135.45645192840507,34.84133551329769],[135.45663619150002,34.841426156277976],[135.456808742006,34.84153118578992],[135.4569679181673,34.84164959034191],[135.45711218703045,34.841780229633386],[135.45724015920746,34.841921845536554],[135.4573506022563,34.84207307421285],[135.45744245255003,34.842232459247455],[135.45751482552012,34.84239846567535],[135.45756702417532,34.8425694947639],[135.45759854581402,34.84274389940947],[135.4576090868656,34.84292]]]}},{"type":"Feature","properties":{"layer":"z17_default","buffer_m":500},"geometry":{"type":"Polygon","coordinates":[[[135.4599627630444,34.84361],[135.45993641019447,34.84405025147632],[135.45985760543707,34.84448626309025],[135.45972710770508,34.84491383581162],[135.459546173763,34.84532885188136],[135.4593165461036,34.84572731446787],[135.45904043616673,34.84610538615861],[135.4587205030421,34.846459425916535],[135.4583598278605,34.84678602414522],[135.45796188412118,34.8470820355252],[135.45753050423983,34.84734460930506],[135.45706984264055,34.84757121675577],[135.45658433574636,34.8477596755237],[135.45607865925402,34.84790817064789],[135.45555768310464,34.84801527203913],[135.4550264245833,34.848079948252455],[135.45449,34.848101576420596],[135.45395357541668,34.848079948252455],[135.45342231689534,34.84801527203913],[135.45290134074597,34.84790817064789],[135.45239566425363,34.8477596755237],[135.45191015735944,34.84757121675577],[135.45144949576016,34.84734460930506],[135.4510181158788,34.8470820355252],[135.45062017213948,34.84678602414522],[135.4502594969579,34.846459425916535],[135.44993956383325,34.84610538615861],[135.4496634538964,34.84572731446787],[135.449433826237,34.84532885188136],[135.4492528922949,34.84491383581162],[135.44912239456292,34.84448626309025],[135.4490435898055,34.84405025147632],[135.4490172369556,34.84361],[135.4490435898055,34.84316974852368],[135.44912239456292,34.84273373690974],[135.4492528922949,34.84230616418838],[135.449433826237,34.841891148118634],[135.4496634538964,34.841492685532124],[135.44993956383325,34.841114613841384],[135.4502594969579,34.84076057408346],[135.45062017213948,34.84043397585478],[135.4510181158788,34.8401379644748],[135.45144949576016,34.839875390694935],[135.45191015735944,34.83964878324423],[135.45239566425363,34.8394603244763],[135.45290134074597,34.839311829352106],[135.45342231689534,34.83920472796087],[135.45395357541668,34.83914005174754],[135.45449,34.8391184235794],[135.4550264245833,34.83914005174754],[135.45555768310464,34.83920472796087],[135.45607865925402,34.839311829352106],[135.45658433574636,34.8394603244763],[135.45706984264055,34.83964878324423],[135.45753050423983,34.839875390694935],[135.45796188412118,34.8401379644748],[135.4583598278605,34.84043397585478],[135.4587205030421,34.84076057408346],[135.45904043616673,34.841114613841384],[135.4593165461036,34.841492685532124],[135.459546173763,34.841891148118634],[135.45972710770508,34.84230616418838],[135.45985760543707,34.84273373690974],[135.45993641019447,34.84316974852368],[135.4599627630444,34.84361]]]}},{"type":"Feature","properties":{"layer":"z18_optional","buffer_m":200},"geometry":{"type":"Polygon","coordinates":[[[135.45667910521775,34.84361],[135.45666856407777,34.84378610059053],[135.45663704217483,34.8439605052361],[135.45658484308203,34.844131534324646],[135.45651246950518,34.84429754075254],[135.45642061844143,34.84445692578715],[135.4563101744667,34.844608154463444],[135.45618220121682,34.84474977036661],[135.4560379311442,34.84488040965809],[135.45587875364848,34.84499881421008],[135.45570620169593,34.84510384372202],[135.4555219370562,34.845194486702304],[135.45532773429852,34.84526987020948],[135.45512546370162,34.84532926825916],[135.45491707324186,34.84537210881565],[135.45470456983332,34.845397979300984],[135.45449,34.845406630568235],[135.45427543016666,34.845397979300984],[135.45406292675813,34.84537210881565],[135.45385453629837,34.84532926825916],[135.45365226570146,34.84526987020948],[135.45345806294378,34.845194486702304],[135.45327379830405,34.84510384372202],[135.4531012463515,34.84499881421008],[135.45294206885578,34.84488040965809],[135.45279779878317,34.84474977036661],[135.4526698255333,34.844608154463444],[135.45255938155856,34.84445692578715],[135.4524675304948,34.84429754075254],[135.45239515691796,34.844131534324646],[135.45234295782515,34.8439605052361],[135.4523114359222,34.84378610059053],[135.45230089478224,34.84361],[135.4523114359222,34.84343389940947],[135.45234295782515,34.8432594947639],[135.45239515691796,34.84308846567535],[135.4524675304948,34.842922459247454],[135.45255938155856,34.84276307421285],[135.4526698255333,34.84261184553655],[135.45279779878317,34.842470229633385],[135.45294206885578,34.84233959034191],[135.4531012463515,34.84222118578992],[135.45327379830405,34.842116156277974],[135.45345806294378,34.84202551329769],[135.45365226570146,34.84195012979052],[135.45385453629837,34.84189073174084],[135.45406292675813,34.841847891184344],[135.45427543016666,34.84182202069901],[135.45449,34.84181336943176],[135.45470456983332,34.84182202069901],[135.45491707324186,34.841847891184344],[135.45512546370162,34.84189073174084],[135.45532773429852,34.84195012979052],[135.4555219370562,34.84202551329769],[135.45570620169593,34.842116156277974],[135.45587875364848,34.84222118578992],[135.4560379311442,34.84233959034191],[135.45618220121682,34.842470229633385],[135.4563101744667,34.84261184553655],[135.45642061844143,34.84276307421285],[135.45651246950518,34.842922459247454],[135.45658484308203,34.84308846567535],[135.45663704217483,34.8432594947639],[135.45666856407777,34.84343389940947],[135.45667910521775,34.84361]]]}},{"type":"Feature","properties":{"layer":"z17_default","buffer_m":500},"geometry":{"type":"Polygon","coordinates":[[[135.45825278365783,34.84392],[135.45822643070863,34.84436025147632],[135.45814762565442,34.84479626309025],[135.4580171274309,34.845223835811616],[135.45783619280732,34.84563885188136],[135.457606564283,34.84603731446787],[135.45733045330618,34.84641538615861],[135.4570105189765,34.846769425916534],[135.4566498424364,34.847096024145216],[135.4562518971982,34.847392035525196],[135.45582051569204,34.84765460930506],[135.45535985235765,34.847881216755766],[135.45487434363477,34.848069675523696],[135.45436866523778,34.84821817064789],[135.4538476871261,34.848325272039126],[135.45331642660378,34.84838994825245],[135.45278,34.848411576420595],[135.4522435733962,34.84838994825245],[135.45171231287387,34.848325272039126],[135.4511913347622,34.84821817064789],[135.4506856563652,34.848069675523696],[135.45020014764233,34.847881216755766],[135.44973948430794,34.84765460930506],[135.44930810280178,34.847392035525196],[135.44891015756357,34.847096024145216],[135.4485494810235,34.846769425916534],[135.4482295466938,34.84641538615861],[135.44795343571698,34.84603731446787],[135.44772380719266,34.84563885188136],[135.44754287256907,34.845223835811616],[135.44741237434556,34.84479626309025],[135.44733356929135,34.84436025147632],[135.44730721634215,34.84392],[135.44733356929135,34.84347974852368],[135.44741237434556,34.84304373690974],[135.44754287256907,34.84261616418838],[135.44772380719266,34.84220114811863],[135.44795343571698,34.84180268553212],[135.4482295466938,34.84142461384138],[135.4485494810235,34.84107057408346],[135.44891015756357,34.84074397585478],[135.44930810280178,34.8404479644748],[135.44973948430794,34.840185390694934],[135.45020014764233,34.83995878324423],[135.4506856563652,34.8397703244763],[135.4511913347622,34.839621829352104],[135.45171231287387,34.83951472796087],[135.4522435733962,34.83945005174754],[135.45278,34.8394284235794],[135.45331642660378,34.83945005174754],[135.4538476871261,34.83951472796087],[135.45436866523778,34.839621829352104],[135.45487434363477,34.8397703244763],[135.45535985235765,34.83995878324423],[135.45582051569204,34.840185390694934],[135.4562518971982,34.8404479644748],[135.4566498424364,34.84074397585478],[135.4570105189765,34.84107057408346],[135.45733045330618,34.84142461384138],[135.457606564283,34.84180268553212],[135.45783619280732,34.84220114811863],[135.4580171274309,34.84261616418838],[135.45814762565442,34.84304373690974],[135.45822643070863,34.84347974852368],[135.45825278365783,34.84392]]]}},{"type":"Feature","properties":{"layer":"z18_optional","buffer_m":200},"geometry":{"type":"Polygon","coordinates":[[[135.4549691134631,34.84392],[135.45495857228346,34.84409610059053],[135.45492705026177,34.844270505236096],[135.45487485097235,34.844441534324645],[135.4548024771229,34.84460754075254],[135.4547106257132,34.84476692578715],[135.45460018132246,34.84491815446344],[135.45447220759058,34.84505977036661],[135.45432793697455,34.84519040965809],[135.45416875887926,34.84530881421008],[135.4539962062768,34.84541384372202],[135.45381194094304,34.8455044867023],[135.4536177374539,34.84557987020948],[135.4534154660951,34.845639268259156],[135.45320707485044,34.84568210881565],[135.4529945706415,34.84570797930098],[135.45278,34.84571663056823],[135.4525654293585,34.84570797930098],[135.45235292514954,34.84568210881565],[135.45214453390489,34.845639268259156],[135.45194226254608,34.84557987020948],[135.45174805905694,34.8455044867023],[135.45156379372318,34.84541384372202],[135.45139124112072,34.84530881421008],[135.45123206302543,34.84519040965809],[135.4510877924094,34.84505977036661],[135.45095981867752,34.84491815446344],[135.45084937428678,34.84476692578715],[135.45075752287707,34.84460754075254],[135.45068514902763,34.844441534324645],[135.4506329497382,34.844270505236096],[135.45060142771652,34.84409610059053],[135.45059088653687,34.84392],[135.45060142771652,34.84374389940947],[135.4506329497382,34.8435694947639],[135.45068514902763,34.84339846567535],[135.45075752287707,34.84323245924745],[135.45084937428678,34.843073074212846],[135.45095981867752,34.84292184553655],[135.4510877924094,34.842780229633384],[135.45123206302543,34.84264959034191],[135.45139124112072,34.842531185789916],[135.45156379372318,34.84242615627797],[135.45174805905694,34.84233551329769],[135.45194226254608,34.84226012979052],[135.45214453390489,34.84220073174084],[135.45235292514954,34.84215789118434],[135.4525654293585,34.84213202069901],[135.45278,34.84212336943176],[135.4529945706415,34.84213202069901],[135.45320707485044,34.84215789118434],[135.4534154660951,34.84220073174084],[135.4536177374539,34.84226012979052],[135.45381194094304,34.84233551329769],[135.4539962062768,34.84242615627797],[135.45416875887926,34.842531185789916],[135.45432793697455,34.84264959034191],[135.45447220759058,34.842780229633384],[135.45460018132246,34.84292184553655],[135.4547106257132,34.843073074212846],[135.4548024771229,34.84323245924745],[135.45487485097235,34.84339846567535],[135.45492705026177,34.8435694947639],[135.45495857228346,34.84374389940947],[135.4549691134631,34.84392]]]}},{"type":"Feature","properties":{"layer":"z17_default","buffer_m":500},"geometry":{"type":"Polygon","coordinates":[[[135.46502284948994,34.84491],[135.46499649622376,34.84535025147632],[135.4649176902216,34.845786263090254],[135.46478719042832,34.84621383581162],[135.46460625362826,34.84662885188136],[135.46437662234175,34.84702731446787],[135.4641005080436,34.84740538615861],[135.4637805698654,34.847759425916536],[135.46341988898675,34.84808602414522],[135.46302193896165,34.8483820355252],[135.46259055226642,34.84864460930506],[135.4621298833907,34.84887121675577],[135.46164436882762,34.8490596755237],[135.46113868434784,34.84920817064789],[135.46061769996933,34.84931527203913],[135.46008643305646,34.849379948252455],[135.45955,34.8494015764206],[135.45901356694355,34.849379948252455],[135.45848230003068,34.84931527203913],[135.45796131565217,34.84920817064789],[135.4574556311724,34.8490596755237],[135.4569701166093,34.84887121675577],[135.4565094477336,34.84864460930506],[135.45607806103837,34.8483820355252],[135.45568011101327,34.84808602414522],[135.4553194301346,34.847759425916536],[135.4549994919564,34.84740538615861],[135.45472337765827,34.84702731446787],[135.45449374637175,34.84662885188136],[135.4543128095717,34.84621383581162],[135.45418230977842,34.845786263090254],[135.45410350377625,34.84535025147632],[135.45407715051007,34.84491],[135.45410350377625,34.84446974852368],[135.45418230977842,34.84403373690974],[135.4543128095717,34.84360616418838],[135.45449374637175,34.843191148118635],[135.45472337765827,34.842792685532125],[135.4549994919564,34.842414613841385],[135.4553194301346,34.84206057408346],[135.45568011101327,34.84173397585478],[135.45607806103837,34.8414379644748],[135.4565094477336,34.841175390694936],[135.4569701166093,34.84094878324423],[135.4574556311724,34.8407603244763],[135.45796131565217,34.840611829352106],[135.45848230003068,34.84050472796087],[135.45901356694355,34.84044005174754],[135.45955,34.8404184235794],[135.46008643305646,34.84044005174754],[135.46061769996933,34.84050472796087],[135.46113868434784,34.840611829352106],[135.46164436882762,34.8407603244763],[135.4621298833907,34.84094878324423],[135.46259055226642,34.841175390694936],[135.46302193896165,34.8414379644748],[135.46341988898675,34.84173397585478],[135.4637805698654,34.84206057408346],[135.4641005080436,34.842414613841385],[135.46437662234175,34.842792685532125],[135.46460625362826,34.843191148118635],[135.46478719042832,34.84360616418838],[135.4649176902216,34.84403373690974],[135.46499649622376,34.84446974852368],[135.46502284948994,34.84491]]]}},{"type":"Feature","properties":{"layer":"z18_optional","buffer_m":200},"geometry":{"type":"Polygon","coordinates":[[[135.46173913979598,34.84491],[135.46172859848951,34.84508610059053],[135.46169707608865,34.8452605052361],[135.46164487617133,34.845431534324646],[135.46157250145131,34.84559754075254],[135.4614806489367,34.84575692578715],[135.46137020321743,34.845908154463444],[135.46124222794617,34.84604977036661],[135.4610979555947,34.84618040965809],[135.46093877558468,34.84629881421008],[135.46076622090658,34.84640384372202],[135.4605819533563,34.846494486702305],[135.46038774753106,34.84656987020948],[135.46018547373916,34.84662926825916],[135.45997707998774,34.84667210881565],[135.4597645732226,34.846697979300984],[135.45955,34.846706630568235],[135.45933542677741,34.846697979300984],[135.45912292001228,34.84667210881565],[135.45891452626086,34.84662926825916],[135.45871225246896,34.84656987020948],[135.45851804664372,34.846494486702305],[135.45833377909344,34.84640384372202],[135.45816122441533,34.84629881421008],[135.4580020444053,34.84618040965809],[135.45785777205384,34.84604977036661],[135.4577297967826,34.845908154463444],[135.4576193510633,34.84575692578715],[135.4575274985487,34.84559754075254],[135.45745512382868,34.845431534324646],[135.45740292391136,34.8452605052361],[135.4573714015105,34.84508610059053],[135.45736086020403,34.84491],[135.4573714015105,34.84473389940947],[135.45740292391136,34.8445594947639],[135.45745512382868,34.84438846567535],[135.4575274985487,34.844222459247455],[135.4576193510633,34.84406307421285],[135.4577297967826,34.84391184553655],[135.45785777205384,34.843770229633385],[135.4580020444053,34.84363959034191],[135.45816122441533,34.84352118578992],[135.45833377909344,34.843416156277975],[135.45851804664372,34.84332551329769],[135.45871225246896,34.84325012979052],[135.45891452626086,34.84319073174084],[135.45912292001228,34.843147891184344],[135.45933542677741,34.84312202069901],[135.45955,34.84311336943176],[135.4597645732226,34.84312202069901],[135.45997707998774,34.843147891184344],[135.46018547373916,34.84319073174084],[135.46038774753106,34.84325012979052],[135.4605819533563,34.84332551329769],[135.46076622090658,34.843416156277975],[135.46093877558468,34.84352118578992],[135.4610979555947,34.84363959034191],[135.46124222794617,34.843770229633385],[135.46137020321743,34.84391184553655],[135.4614806489367,34.84406307421285],[135.46157250145131,34.844222459247455],[135.46164487617133,34.84438846567535],[135.46169707608865,34.8445594947639],[135.46172859848951,34.84473389940947],[135.46173913979598,34.84491]]]}},{"type":"Feature","properties":{"layer":"z17_default","buffer_m":500},"geometry":{"type":"Polygon","coordinates":[[[135.46603288406968,34.84543],[135.466006530637,34.84587025147632],[135.4659277241369,34.846306263090256],[135.46579722351908,34.84673383581162],[135.4656162855758,34.847148851881364],[135.46538665283836,34.847547314467874],[135.4651105367956,34.847925386158614],[135.46479059659592,34.84827942591654],[135.46442991343832,34.84860602414522],[135.4640319608988,34.8489020355252],[135.46360057147788,34.84916460930506],[135.46313989969147,34.84939121675577],[135.46265438206072,34.8495796755237],[135.4621486943858,34.84972817064789],[135.4616277067155,34.84983527203913],[135.46109643644584,34.84989994825246],[135.46056,34.8499215764206],[135.46002356355413,34.84989994825246],[135.45949229328448,34.84983527203913],[135.45897130561417,34.84972817064789],[135.45846561793925,34.8495796755237],[135.4579801003085,34.84939121675577],[135.4575194285221,34.84916460930506],[135.45708803910117,34.8489020355252],[135.45669008656165,34.84860602414522],[135.45632940340406,34.84827942591654],[135.45600946320437,34.847925386158614],[135.4557333471616,34.847547314467874],[135.45550371442417,34.847148851881364],[135.4553227764809,34.84673383581162],[135.45519227586308,34.846306263090256],[135.45511346936297,34.84587025147632],[135.4550871159303,34.84543],[135.45511346936297,34.84498974852368],[135.45519227586308,34.844553736909745],[135.4553227764809,34.84412616418838],[135.45550371442417,34.843711148118636],[135.4557333471616,34.843312685532126],[135.45600946320437,34.842934613841386],[135.45632940340406,34.84258057408346],[135.45669008656165,34.84225397585478],[135.45708803910117,34.8419579644748],[135.4575194285221,34.84169539069494],[135.4579801003085,34.84146878324423],[135.45846561793925,34.8412803244763],[135.45897130561417,34.84113182935211],[135.45949229328448,34.84102472796087],[135.46002356355413,34.840960051747544],[135.46056,34.8409384235794],[135.46109643644584,34.840960051747544],[135.4616277067155,34.84102472796087],[135.4621486943858,34.84113182935211],[135.46265438206072,34.8412803244763],[135.46313989969147,34.84146878324423],[135.46360057147788,34.84169539069494],[135.4640319608988,34.8419579644748],[135.46442991343832,34.84225397585478],[135.46479059659592,34.84258057408346],[135.4651105367956,34.842934613841386],[135.46538665283836,34.843312685532126],[135.4656162855758,34.843711148118636],[135.46579722351908,34.84412616418838],[135.4659277241369,34.844553736909745],[135.466006530637,34.84498974852368],[135.46603288406968,34.84543]]]}},{"type":"Feature","properties":{"layer":"z18_optional","buffer_m":200},"geometry":{"type":"Polygon","coordinates":[[[135.46274915362787,34.84543],[135.46273861225478,34.84560610059053],[135.46270708965474,34.8457805052361],[135.46265488940762,34.84595153432465],[135.46258251423032,34.846117540752545],[135.46249066113535,34.84627692578715],[135.46238021471822,34.846428154463446],[135.46225223863834,34.846569770366614],[135.4621079653753,34.84670040965809],[135.46194878435952,34.84681881421008],[135.46177622859113,34.846923843722024],[135.46159195987659,34.84701448670231],[135.46139775282427,34.84708987020948],[135.46119547775433,34.84714926825916],[135.4609870826862,34.847192108815655],[135.46077457457832,34.847217979300986],[135.46056,34.84722663056824],[135.46034542542165,34.847217979300986],[135.46013291731379,34.847192108815655],[135.45992452224564,34.84714926825916],[135.4597222471757,34.84708987020948],[135.4595280401234,34.84701448670231],[135.45934377140884,34.846923843722024],[135.45917121564045,34.84681881421008],[135.45901203462466,34.84670040965809],[135.45886776136163,34.846569770366614],[135.45873978528175,34.846428154463446],[135.45862933886463,34.84627692578715],[135.45853748576965,34.846117540752545],[135.45846511059236,34.84595153432465],[135.45841291034523,34.8457805052361],[135.4583813877452,34.84560610059053],[135.4583708463721,34.84543],[135.4583813877452,34.84525389940947],[135.45841291034523,34.8450794947639],[135.45846511059236,34.84490846567535],[135.45853748576965,34.844742459247456],[135.45862933886463,34.84458307421285],[135.45873978528175,34.844431845536555],[135.45886776136163,34.84429022963339],[135.45901203462466,34.84415959034191],[135.45917121564045,34.84404118578992],[135.45934377140884,34.84393615627798],[135.4595280401234,34.843845513297694],[135.4597222471757,34.84377012979052],[135.45992452224564,34.84371073174084],[135.46013291731379,34.843667891184346],[135.46034542542165,34.843642020699015],[135.46056,34.843633369431764],[135.46077457457832,34.843642020699015],[135.4609870826862,34.843667891184346],[135.46119547775433,34.84371073174084],[135.46139775282427,34.84377012979052],[135.46159195987659,34.843845513297694],[135.46177622859113,34.84393615627798],[135.46194878435952,34.84404118578992],[135.4621079653753,34.84415959034191],[135.46225223863834,34.84429022963339],[135.46238021471822,34.844431845536555],[135.46249066113535,34.84458307421285],[135.46258251423032,34.844742459247456],[135.46265488940762,34.84490846567535],[135.46270708965474,34.8450794947639],[135.46273861225478,34.84525389940947],[135.46274915362787,34.84543]]]}},{"type":"Feature","properties":{"layer":"z17_default","buffer_m":500},"geometry":{"type":"Polygon","coordinates":[[[135.47000266397134,34.84212],[135.4699763115985,34.84256025147632],[135.46989750826768,34.84299626309026],[135.46976701289807,34.84342383581162],[135.46958608223142,34.843838851881365],[135.46935645872895,34.844237314467875],[135.4690803537905,34.844615386158615],[135.46876042645758,34.84496942591654],[135.4683997578053,34.84529602414522],[135.4680018212699,34.8455920355252],[135.46757044919778,34.845854609305064],[135.46710979593783,34.84608121675577],[135.46662429783274,34.8462696755237],[135.46611863049463,34.846418170647894],[135.46559766377646,34.84652527203913],[135.46506641487244,34.84658994825246],[135.46453,34.8466115764206],[135.46399358512755,34.84658994825246],[135.46346233622353,34.84652527203913],[135.46294136950536,34.846418170647894],[135.46243570216726,34.8462696755237],[135.46195020406216,34.84608121675577],[135.4614895508022,34.845854609305064],[135.4610581787301,34.8455920355252],[135.4606602421947,34.84529602414522],[135.46029957354241,34.84496942591654],[135.4599796462095,34.844615386158615],[135.45970354127104,34.844237314467875],[135.45947391776858,34.843838851881365],[135.45929298710192,34.84342383581162],[135.45916249173231,34.84299626309026],[135.4590836884015,34.84256025147632],[135.45905733602865,34.84212],[135.4590836884015,34.84167974852368],[135.45916249173231,34.841243736909746],[135.45929298710192,34.84081616418838],[135.45947391776858,34.84040114811864],[135.45970354127104,34.84000268553213],[135.4599796462095,34.83962461384139],[135.46029957354241,34.839270574083464],[135.4606602421947,34.83894397585478],[135.4610581787301,34.8386479644748],[135.4614895508022,34.83838539069494],[135.46195020406216,34.83815878324423],[135.46243570216726,34.8379703244763],[135.46294136950536,34.83782182935211],[135.46346233622353,34.83771472796087],[135.46399358512755,34.837650051747545],[135.46453,34.8376284235794],[135.46506641487244,34.837650051747545],[135.46559766377646,34.83771472796087],[135.46611863049463,34.83782182935211],[135.46662429783274,34.8379703244763],[135.46710979593783,34.83815878324423],[135.46757044919778,34.83838539069494],[135.4680018212699,34.8386479644748],[135.4683997578053,34.83894397585478],[135.46876042645758,34.839270574083464],[135.4690803537905,34.83962461384139],[135.46935645872895,34.84000268553213],[135.46958608223142,34.84040114811864],[135.46976701289807,34.84081616418838],[135.46989750826768,34.841243736909746],[135.4699763115985,34.84167974852368],[135.47000266397134,34.84212]]]}},{"type":"Feature","properties":{"layer":"z18_optional","buffer_m":200},"geometry":{"type":"Polygon","coordinates":[[[135.46671906558853,34.84212],[135.4667085246394,34.84229610059053],[135.46667700330707,34.8424705052361],[135.46662480515923,34.84264153432465],[135.46655243289257,34.842807540752545],[135.46646058349157,34.84296692578715],[135.4663501415162,34.84311815446345],[135.46622217058302,34.843259770366615],[135.4660779031221,34.84339040965809],[135.46591872850794,34.84350881421008],[135.46574617967912,34.843613843722025],[135.46556191837513,34.84370448670231],[135.4653677191331,34.84377987020948],[135.46516545219785,34.84383926825916],[135.4649570655106,34.843882108815656],[135.464744565949,34.84390797930099],[135.46453,34.84391663056824],[135.464315434051,34.84390797930099],[135.4641029344894,34.843882108815656],[135.46389454780214,34.84383926825916],[135.4636922808669,34.84377987020948],[135.46349808162486,34.84370448670231],[135.46331382032088,34.843613843722025],[135.46314127149205,34.84350881421008],[135.46298209687788,34.84339040965809],[135.46283782941697,34.843259770366615],[135.4627098584838,34.84311815446345],[135.46259941650843,34.84296692578715],[135.46250756710742,34.842807540752545],[135.46243519484077,34.84264153432465],[135.46238299669292,34.8424705052361],[135.4623514753606,34.84229610059053],[135.46234093441146,34.84212],[135.4623514753606,34.84194389940947],[135.46238299669292,34.8417694947639],[135.46243519484077,34.841598465675354],[135.46250756710742,34.84143245924746],[135.46259941650843,34.84127307421285],[135.4627098584838,34.841121845536556],[135.46283782941697,34.84098022963339],[135.46298209687788,34.84084959034191],[135.46314127149205,34.84073118578992],[135.46331382032088,34.84062615627798],[135.46349808162486,34.840535513297695],[135.4636922808669,34.84046012979052],[135.46389454780214,34.84040073174084],[135.4641029344894,34.84035789118435],[135.464315434051,34.840332020699016],[135.46453,34.840323369431765],[135.464744565949,34.840332020699016],[135.4649570655106,34.84035789118435],[135.46516545219785,34.84040073174084],[135.4653677191331,34.84046012979052],[135.46556191837513,34.840535513297695],[135.46574617967912,34.84062615627798],[135.46591872850794,34.84073118578992],[135.4660779031221,34.84084959034191],[135.46622217058302,34.84098022963339],[135.4663501415162,34.841121845536556],[135.46646058349157,34.84127307421285],[135.46655243289257,34.84143245924746],[135.46662480515923,34.841598465675354],[135.46667700330707,34.8417694947639],[135.4667085246394,34.84194389940947],[135.46671906558853,34.84212]]]}},{"type":"Feature","properties":{"layer":"z17_default","buffer_m":500},"geometry":{"type":"Polygon","coordinates":[[[135.475652672615,34.84225],[135.47562632020052,34.84269025147632],[135.47554751674525,34.843126263090255],[135.47541702116956,34.84355383581162],[135.47523609021712,34.843968851881364],[135.475006466352,34.844367314467874],[135.47473036097745,34.844745386158614],[135.47441043313924,34.84509942591654],[135.4740497639173,34.84542602414522],[135.47365182675338,34.8457220355252],[135.47322045399994,34.84598460930506],[135.47275980001243,34.84621121675577],[135.47227430114052,34.8463996755237],[135.47176863300376,34.84654817064789],[135.47124766546276,34.84665527203913],[135.4707164157197,34.846719948252456],[135.47018,34.8467415764206],[135.4696435842803,34.846719948252456],[135.46911233453724,34.84665527203913],[135.46859136699624,34.84654817064789],[135.46808569885948,34.8463996755237],[135.46760019998757,34.84621121675577],[135.46713954600006,34.84598460930506],[135.46670817324662,34.8457220355252],[135.4663102360827,34.84542602414522],[135.46594956686076,34.84509942591654],[135.46562963902255,34.844745386158614],[135.465353533648,34.844367314467874],[135.46512390978287,34.843968851881364],[135.46494297883044,34.84355383581162],[135.46481248325475,34.843126263090255],[135.46473367979948,34.84269025147632],[135.46470732738499,34.84225],[135.46473367979948,34.84180974852368],[135.46481248325475,34.841373736909745],[135.46494297883044,34.84094616418838],[135.46512390978287,34.840531148118636],[135.465353533648,34.840132685532126],[135.46562963902255,34.839754613841386],[135.46594956686076,34.83940057408346],[135.4663102360827,34.83907397585478],[135.46670817324662,34.8387779644748],[135.46713954600006,34.83851539069494],[135.46760019998757,34.83828878324423],[135.46808569885948,34.8381003244763],[135.46859136699624,34.83795182935211],[135.46911233453724,34.83784472796087],[135.4696435842803,34.83778005174754],[135.47018,34.8377584235794],[135.4707164157197,34.83778005174754],[135.47124766546276,34.83784472796087],[135.47176863300376,34.83795182935211],[135.47227430114052,34.8381003244763],[135.47275980001243,34.83828878324423],[135.47322045399994,34.83851539069494],[135.47365182675338,34.8387779644748],[135.4740497639173,34.83907397585478],[135.47441043313924,34.83940057408346],[135.47473036097745,34.839754613841386],[135.475006466352,34.840132685532126],[135.47523609021712,34.840531148118636],[135.47541702116956,34.84094616418838],[135.47554751674525,34.841373736909745],[135.47562632020052,34.84180974852368],[135.475652672615,34.84225]]]}},{"type":"Feature","properties":{"layer":"z18_optional","buffer_m":200},"geometry":{"type":"Polygon","coordinates":[[[135.472369069046,34.84225],[135.4723585280802,34.84242610059053],[135.4723270066981,34.8426005052361],[135.47227480846783,34.84277153432465],[135.47220243608686,34.842937540752544],[135.4721105865408,34.84309692578715],[135.472000144391,34.843248154463446],[135.4718721732557,34.84338977036661],[135.47172790556692,34.84352040965809],[135.47156873070136,34.84363881421008],[135.47139618159997,34.843743843722024],[135.47121192000498,34.843834486702306],[135.47101772045622,34.84390987020948],[135.4708154532015,34.84396926825916],[135.4706070661851,34.844012108815654],[135.47039456628787,34.844037979300985],[135.47018,34.844046630568236],[135.46996543371213,34.844037979300985],[135.4697529338149,34.844012108815654],[135.4695445467985,34.84396926825916],[135.46934227954378,34.84390987020948],[135.46914807999502,34.843834486702306],[135.46896381840003,34.843743843722024],[135.46879126929863,34.84363881421008],[135.46863209443308,34.84352040965809],[135.4684878267443,34.84338977036661],[135.468359855609,34.843248154463446],[135.4682494134592,34.84309692578715],[135.46815756391314,34.842937540752544],[135.46808519153217,34.84277153432465],[135.4680329933019,34.8426005052361],[135.4680014719198,34.84242610059053],[135.467990930954,34.84225],[135.4680014719198,34.84207389940947],[135.4680329933019,34.8418994947639],[135.46808519153217,34.84172846567535],[135.46815756391314,34.841562459247456],[135.4682494134592,34.84140307421285],[135.468359855609,34.841251845536554],[135.4684878267443,34.84111022963339],[135.46863209443308,34.84097959034191],[135.46879126929863,34.84086118578992],[135.46896381840003,34.840756156277976],[135.46914807999502,34.840665513297694],[135.46934227954378,34.84059012979052],[135.4695445467985,34.84053073174084],[135.4697529338149,34.840487891184345],[135.46996543371213,34.840462020699015],[135.47018,34.84045336943176],[135.47039456628787,34.840462020699015],[135.4706070661851,34.840487891184345],[135.4708154532015,34.84053073174084],[135.47101772045622,34.84059012979052],[135.47121192000498,34.840665513297694],[135.47139618159997,34.840756156277976],[135.47156873070136,34.84086118578992],[135.47172790556692,34.84097959034191],[135.4718721732557,34.84111022963339],[135.472000144391,34.841251845536554],[135.4721105865408,34.84140307421285],[135.47220243608686,34.841562459247456],[135.47227480846783,34.84172846567535],[135.4723270066981,34.8418994947639],[135.4723585280802,34.84207389940947],[135.472369069046,34.84225]]]}},{"type":"Feature","properties":{"layer":"z17_default","buffer_m":500},"geometry":{"type":"Polygon","coordinates":[[[135.4760625775377,34.84082],[135.47603622558105,34.84126025147632],[135.47595742349483,34.841696263090256],[135.47582693018623,34.84212383581162],[135.47564600237715,34.842538851881365],[135.4754163825013,34.842937314467875],[135.47514028192356,34.843315386158615],[135.47482035964347,34.84366942591654],[135.47445969668746,34.84399602414522],[135.47406176643696,34.8442920355252],[135.47363040117781,34.844554609305064],[135.47316975519328,34.84478121675577],[135.472684264756,34.8449696755237],[135.47217860540428,34.84511817064789],[135.47165764691408,34.84522527203913],[135.47112640640046,34.84528994825246],[135.47059,34.8453115764206],[135.47005359359952,34.84528994825246],[135.4695223530859,34.84522527203913],[135.4690013945957,34.84511817064789],[135.46849573524398,34.8449696755237],[135.4680102448067,34.84478121675577],[135.46754959882216,34.844554609305064],[135.467118233563,34.8442920355252],[135.4667203033125,34.84399602414522],[135.4663596403565,34.84366942591654],[135.46603971807642,34.843315386158615],[135.46576361749868,34.842937314467875],[135.46553399762283,34.842538851881365],[135.46535306981374,34.84212383581162],[135.46522257650514,34.841696263090256],[135.46514377441892,34.84126025147632],[135.46511742246227,34.84082],[135.46514377441892,34.84037974852368],[135.46522257650514,34.839943736909746],[135.46535306981374,34.83951616418838],[135.46553399762283,34.83910114811864],[135.46576361749868,34.83870268553213],[135.46603971807642,34.83832461384139],[135.4663596403565,34.837970574083464],[135.4667203033125,34.83764397585478],[135.467118233563,34.8373479644748],[135.46754959882216,34.83708539069494],[135.4680102448067,34.83685878324423],[135.46849573524398,34.8366703244763],[135.4690013945957,34.83652182935211],[135.4695223530859,34.83641472796087],[135.47005359359952,34.836350051747544],[135.47059,34.8363284235794],[135.47112640640046,34.836350051747544],[135.47165764691408,34.83641472796087],[135.47217860540428,34.83652182935211],[135.472684264756,34.8366703244763],[135.47316975519328,34.83685878324423],[135.47363040117781,34.83708539069494],[135.47406176643696,34.8373479644748],[135.47445969668746,34.83764397585478],[135.47482035964347,34.837970574083464],[135.47514028192356,34.83832461384139],[135.4754163825013,34.83870268553213],[135.47564600237715,34.83910114811864],[135.47582693018623,34.83951616418838],[135.47595742349483,34.839943736909746],[135.47603622558105,34.84037974852368],[135.4760625775377,34.84082]]]}},{"type":"Feature","properties":{"layer":"z18_optional","buffer_m":200},"geometry":{"type":"Polygon","coordinates":[[[135.47277903101508,34.84082],[135.4727684902324,34.84099610059053],[135.4727369693979,34.8411705052361],[135.4726847720745,34.84134153432465],[135.47261240095085,34.841507540752545],[135.4725205530005,34.84166692578715],[135.4724101127694,34.841818154463446],[135.47228214385737,34.841959770366614],[135.47213787867497,34.84209040965809],[135.4719787065748,34.84220881421008],[135.47180616047112,34.842313843722025],[135.47162190207732,34.84240448670231],[135.47142770590239,34.84247987020948],[135.4712254421617,34.84253926825916],[135.47101705876563,34.842582108815655],[135.47080456256018,34.842607979300986],[135.47059,34.84261663056824],[135.4703754374398,34.842607979300986],[135.47016294123435,34.842582108815655],[135.46995455783826,34.84253926825916],[135.4697522940976,34.84247987020948],[135.46955809792266,34.84240448670231],[135.46937383952886,34.842313843722025],[135.4692012934252,34.84220881421008],[135.469042121325,34.84209040965809],[135.4688978561426,34.841959770366614],[135.46876988723056,34.841818154463446],[135.46865944699948,34.84166692578715],[135.46856759904912,34.841507540752545],[135.46849522792547,34.84134153432465],[135.46844303060206,34.8411705052361],[135.46841150976758,34.84099610059053],[135.4684009689849,34.84082],[135.46841150976758,34.84064389940947],[135.46844303060206,34.8404694947639],[135.46849522792547,34.84029846567535],[135.46856759904912,34.84013245924746],[135.46865944699948,34.83997307421285],[135.46876988723056,34.839821845536555],[135.4688978561426,34.83968022963339],[135.469042121325,34.83954959034191],[135.4692012934252,34.83943118578992],[135.46937383952886,34.83932615627798],[135.46955809792266,34.839235513297695],[135.4697522940976,34.83916012979052],[135.46995455783826,34.83910073174084],[135.47016294123435,34.839057891184346],[135.4703754374398,34.839032020699015],[135.47059,34.839023369431764],[135.47080456256018,34.839032020699015],[135.47101705876563,34.839057891184346],[135.4712254421617,34.83910073174084],[135.47142770590239,34.83916012979052],[135.47162190207732,34.839235513297695],[135.47180616047112,34.83932615627798],[135.4719787065748,34.83943118578992],[135.47213787867497,34.83954959034191],[135.47228214385737,34.83968022963339],[135.4724101127694,34.839821845536555],[135.4725205530005,34.83997307421285],[135.47261240095085,34.84013245924746],[135.4726847720745,34.84029846567535],[135.4727369693979,34.8404694947639],[135.4727684902324,34.84064389940947],[135.47277903101508,34.84082]]]}},{"type":"Feature","properties":{"layer":"z17_default","buffer_m":500},"geometry":{"type":"Polygon","coordinates":[[[135.46078223717612,34.8357],[135.4607558868584,34.83614025147632],[135.46067708967323,34.83657626309026],[135.46054660448053,34.83700383581162],[135.46036568792405,34.83741885188137],[135.46013608232917,34.83781731446788],[135.45985999892326,34.83819538615862],[135.45954009654042,34.83854942591654],[135.4591794560155,34.83887602414522],[135.4587815505139,34.8391720355252],[135.45835021208308,34.839434609305066],[135.45788959474797,34.83966121675577],[135.45740413450528,34.8398496755237],[135.45689850660253,34.839998170647895],[135.45637758051282,34.84010527203913],[135.4558463730392,34.84016994825246],[135.45531,34.8401915764206],[135.4547736269608,34.84016994825246],[135.45424241948717,34.84010527203913],[135.45372149339747,34.839998170647895],[135.4532158654947,34.8398496755237],[135.45273040525203,34.83966121675577],[135.45226978791692,34.839434609305066],[135.4518384494861,34.8391720355252],[135.4514405439845,34.83887602414522],[135.45107990345957,34.83854942591654],[135.45076000107673,34.83819538615862],[135.45048391767082,34.83781731446788],[135.45025431207594,34.83741885188137],[135.45007339551947,34.83700383581162],[135.44994291032677,34.83657626309026],[135.4498641131416,34.83614025147632],[135.44983776282388,34.8357],[135.4498641131416,34.83525974852368],[135.44994291032677,34.83482373690975],[135.45007339551947,34.834396164188384],[135.45025431207594,34.83398114811864],[135.45048391767082,34.83358268553213],[135.45076000107673,34.83320461384139],[135.45107990345957,34.832850574083466],[135.4514405439845,34.832523975854784],[135.4518384494861,34.832227964474804],[135.45226978791692,34.83196539069494],[135.45273040525203,34.831738783244234],[135.4532158654947,34.831550324476304],[135.45372149339747,34.83140182935211],[135.45424241948717,34.831294727960874],[135.4547736269608,34.831230051747546],[135.45531,34.831208423579405],[135.4558463730392,34.831230051747546],[135.45637758051282,34.831294727960874],[135.45689850660253,34.83140182935211],[135.45740413450528,34.831550324476304],[135.45788959474797,34.831738783244234],[135.45835021208308,34.83196539069494],[135.4587815505139,34.832227964474804],[135.4591794560155,34.832523975854784],[135.45954009654042,34.832850574083466],[135.45985999892326,34.83320461384139],[135.46013608232917,34.83358268553213],[135.46036568792405,34.83398114811864],[135.46054660448053,34.834396164188384],[135.46067708967323,34.83482373690975],[135.4607558868584,34.83525974852368],[135.46078223717612,34.8357]]]}},{"type":"Feature","properties":{"layer":"z18_optional","buffer_m":200},"geometry":{"type":"Polygon","coordinates":[[[135.45749889487044,34.8357],[135.45748835474336,34.83587610059053],[135.4574568358693,34.8360505052361],[135.4574046417922,34.83622153432465],[135.45733227516962,34.83638754075255],[135.45724043293166,34.836546925787154],[135.4571299995693,34.83669815446345],[135.45700203861617,34.836839770366616],[135.4568577824062,34.83697040965809],[135.45669862020554,34.837088814210084],[135.45652608483323,34.83719384372203],[135.45634183789917,34.83728448670231],[135.4561476538021,34.83735987020948],[135.45594540264102,34.83741926825916],[135.45573703220512,34.83746210881566],[135.45552454921568,34.83748797930099],[135.45531,34.83749663056824],[135.4550954507843,34.83748797930099],[135.45488296779487,34.83746210881566],[135.45467459735897,34.83741926825916],[135.4544723461979,34.83735987020948],[135.45427816210082,34.83728448670231],[135.45409391516677,34.83719384372203],[135.45392137979445,34.837088814210084],[135.4537622175938,34.83697040965809],[135.45361796138383,34.836839770366616],[135.4534900004307,34.83669815446345],[135.45337956706834,34.836546925787154],[135.45328772483037,34.83638754075255],[135.45321535820779,34.83622153432465],[135.4531631641307,34.8360505052361],[135.45313164525663,34.83587610059053],[135.45312110512955,34.8357],[135.45313164525663,34.83552389940947],[135.4531631641307,34.8353494947639],[135.45321535820779,34.835178465675355],[135.45328772483037,34.83501245924746],[135.45337956706834,34.83485307421285],[135.4534900004307,34.83470184553656],[135.45361796138383,34.83456022963339],[135.4537622175938,34.83442959034191],[135.45392137979445,34.83431118578992],[135.45409391516677,34.83420615627798],[135.45427816210082,34.8341155132977],[135.4544723461979,34.83404012979052],[135.45467459735897,34.833980731740844],[135.45488296779487,34.83393789118435],[135.4550954507843,34.83391202069902],[135.45531,34.833903369431766],[135.45552454921568,34.83391202069902],[135.45573703220512,34.83393789118435],[135.45594540264102,34.833980731740844],[135.4561476538021,34.83404012979052],[135.45634183789917,34.8341155132977],[135.45652608483323,34.83420615627798],[135.45669862020554,34.83431118578992],[135.4568577824062,34.83442959034191],[135.45700203861617,34.83456022963339],[135.4571299995693,34.83470184553656],[135.45724043293166,34.83485307421285],[135.45733227516962,34.83501245924746],[135.4574046417922,34.835178465675355],[135.4574568358693,34.8353494947639],[135.45748835474336,34.83552389940947],[135.45749889487044,34.8357]]]}},{"type":"Feature","properties":{"layer":"z17_default","buffer_m":500},"geometry":{"type":"Polygon","coordinates":[[[135.47070285414483,34.84498],[135.47067650085626,34.84542025147632],[135.47059769478705,34.845856263090255],[135.4704671948828,34.84628383581162],[135.47028625792885,34.846698851881364],[135.47005662644702,34.847097314467874],[135.469780511914,34.847475386158614],[135.4694605734637,34.84782942591654],[135.46909989227825,34.84815602414522],[135.4687019419147,34.8484520355252],[135.46827055485252,34.84871460930506],[135.467809885585,34.84894121675577],[135.46732437060896,34.8491296755237],[135.46681868569908,34.84927817064789],[135.46629770087745,34.84938527203913],[135.4657664335127,34.849449948252456],[135.46523,34.8494715764206],[135.46469356648728,34.849449948252456],[135.46416229912253,34.84938527203913],[135.4636413143009,34.84927817064789],[135.46313562939102,34.8491296755237],[135.46265011441497,34.84894121675577],[135.46218944514746,34.84871460930506],[135.46175805808528,34.8484520355252],[135.46136010772173,34.84815602414522],[135.4609994265363,34.84782942591654],[135.460679488086,34.847475386158614],[135.46040337355296,34.847097314467874],[135.46017374207113,34.846698851881364],[135.4599928051172,34.84628383581162],[135.45986230521294,34.845856263090255],[135.45978349914373,34.84542025147632],[135.45975714585515,34.84498],[135.45978349914373,34.84453974852368],[135.45986230521294,34.844103736909744],[135.4599928051172,34.84367616418838],[135.46017374207113,34.843261148118636],[135.46040337355296,34.842862685532126],[135.460679488086,34.842484613841386],[135.4609994265363,34.84213057408346],[135.46136010772173,34.84180397585478],[135.46175805808528,34.8415079644748],[135.46218944514746,34.84124539069494],[135.46265011441497,34.84101878324423],[135.46313562939102,34.8408303244763],[135.4636413143009,34.84068182935211],[135.46416229912253,34.84057472796087],[135.46469356648728,34.84051005174754],[135.46523,34.8404884235794],[135.4657664335127,34.84051005174754],[135.46629770087745,34.84057472796087],[135.46681868569908,34.84068182935211],[135.46732437060896,34.8408303244763],[135.467809885585,34.84101878324423],[135.46827055485252,34.84124539069494],[135.4687019419147,34.8415079644748],[135.46909989227825,34.84180397585478],[135.4694605734637,34.84213057408346],[135.469780511914,34.842484613841386],[135.47005662644702,34.842862685532126],[135.47028625792885,34.843261148118636],[135.4704671948828,34.84367616418838],[135.47059769478705,34.844103736909744],[135.47067650085626,34.84453974852368],[135.47070285414483,34.84498]]]}},{"type":"Feature","properties":{"layer":"z18_optional","buffer_m":200},"geometry":{"type":"Polygon","coordinates":[[[135.46741914165793,34.84498],[135.4674086003425,34.84515610059053],[135.46737707791482,34.8453305052361],[135.4673248779531,34.84550153432465],[135.46725250317152,34.845667540752544],[135.4671606505788,34.84582692578715],[135.4670502047656,34.845978154463445],[135.46692222938546,34.84611977036661],[135.4667779569113,34.84625040965809],[135.46661877676587,34.84636881421008],[135.466446221941,34.84647384372202],[135.466261954234,34.846564486702306],[135.46606774824357,34.84663987020948],[135.46586547427964,34.84669926825916],[135.46565708035098,34.846742108815654],[135.46544457340508,34.846767979300985],[135.46523,34.846776630568236],[135.4650154265949,34.846767979300985],[135.464802919649,34.846742108815654],[135.46459452572034,34.84669926825916],[135.4643922517564,34.84663987020948],[135.46419804576598,34.846564486702306],[135.46401377805898,34.84647384372202],[135.4638412232341,34.84636881421008],[135.46368204308868,34.84625040965809],[135.46353777061452,34.84611977036661],[135.46340979523438,34.845978154463445],[135.4632993494212,34.84582692578715],[135.46320749682846,34.845667540752544],[135.46313512204688,34.84550153432465],[135.46308292208516,34.8453305052361],[135.46305139965747,34.84515610059053],[135.46304085834205,34.84498],[135.46305139965747,34.84480389940947],[135.46308292208516,34.8446294947639],[135.46313512204688,34.84445846567535],[135.46320749682846,34.844292459247455],[135.4632993494212,34.84413307421285],[135.46340979523438,34.843981845536554],[135.46353777061452,34.843840229633386],[135.46368204308868,34.84370959034191],[135.4638412232341,34.84359118578992],[135.46401377805898,34.843486156277976],[135.46419804576598,34.84339551329769],[135.4643922517564,34.84332012979052],[135.46459452572034,34.84326073174084],[135.464802919649,34.843217891184345],[135.4650154265949,34.843192020699014],[135.46523,34.84318336943176],[135.46544457340508,34.843192020699014],[135.46565708035098,34.843217891184345],[135.46586547427964,34.84326073174084],[135.46606774824357,34.84332012979052],[135.466261954234,34.84339551329769],[135.466446221941,34.843486156277976],[135.46661877676587,34.84359118578992],[135.4667779569113,34.84370959034191],[135.46692222938546,34.843840229633386],[135.4670502047656,34.843981845536554],[135.4671606505788,34.84413307421285],[135.46725250317152,34.844292459247455],[135.4673248779531,34.84445846567535],[135.46737707791482,34.8446294947639],[135.4674086003425,34.84480389940947],[135.46741914165793,34.84498]]]}},{"type":"Feature","properties":{"layer":"z17_default","buffer_m":500},"geometry":{"type":"Polygon","coordinates":[[[135.4707727583898,34.84354],[135.4707464055623,34.84398025147632],[135.47066760087193,34.84441626309025],[135.47053710325093,34.844843835811616],[135.47035616946272,34.84525885188136],[135.4701265419986,34.84565731446787],[135.4698504322966,34.84603538615861],[135.46953049944406,34.846389425916534],[135.46916982456924,34.846716024145216],[135.46877188116835,34.847012035525196],[135.4683405016539,34.84727460930506],[135.4678798404464,34.84750121675577],[135.46739433396513,34.8476896755237],[135.4668886579029,34.84783817064789],[135.4663676821966,34.84794527203913],[135.4658364241271,34.848009948252454],[135.4653,34.848031576420595],[135.46476357587292,34.848009948252454],[135.46423231780344,34.84794527203913],[135.46371134209713,34.84783817064789],[135.4632056660349,34.8476896755237],[135.46272015955364,34.84750121675577],[135.46225949834613,34.84727460930506],[135.46182811883168,34.847012035525196],[135.4614301754308,34.846716024145216],[135.46106950055596,34.846389425916534],[135.46074956770343,34.84603538615861],[135.46047345800142,34.84565731446787],[135.4602438305373,34.84525885188136],[135.4600628967491,34.844843835811616],[135.4599323991281,34.84441626309025],[135.45985359443773,34.84398025147632],[135.4598272416102,34.84354],[135.45985359443773,34.84309974852368],[135.4599323991281,34.84266373690974],[135.4600628967491,34.84223616418838],[135.4602438305373,34.84182114811863],[135.46047345800142,34.84142268553212],[135.46074956770343,34.84104461384138],[135.46106950055596,34.84069057408346],[135.4614301754308,34.84036397585478],[135.46182811883168,34.8400679644748],[135.46225949834613,34.839805390694934],[135.46272015955364,34.83957878324423],[135.4632056660349,34.8393903244763],[135.46371134209713,34.839241829352105],[135.46423231780344,34.83913472796087],[135.46476357587292,34.83907005174754],[135.4653,34.8390484235794],[135.4658364241271,34.83907005174754],[135.4663676821966,34.83913472796087],[135.4668886579029,34.839241829352105],[135.46739433396513,34.8393903244763],[135.4678798404464,34.83957878324423],[135.4683405016539,34.839805390694934],[135.46877188116835,34.8400679644748],[135.46916982456924,34.84036397585478],[135.46953049944406,34.84069057408346],[135.4698504322966,34.84104461384138],[135.4701265419986,34.84142268553212],[135.47035616946272,34.84182114811863],[135.47053710325093,34.84223616418838],[135.47066760087193,34.84266373690974],[135.4707464055623,34.84309974852368],[135.4707727583898,34.84354]]]}},{"type":"Feature","properties":{"layer":"z18_optional","buffer_m":200},"geometry":{"type":"Polygon","coordinates":[[[135.46748910335594,34.84354],[135.46747856222493,34.84371610059053],[135.4674470403488,34.8438905052361],[135.46739484130038,34.844061534324645],[135.4673224677851,34.84422754075254],[135.46723061679944,34.84438692578715],[135.46712017291864,34.84453815446344],[135.46699219977762,34.84467977036661],[135.4668479298277,34.84481040965809],[135.46668875246735,34.84492881421008],[135.46651620066157,34.84503384372202],[135.46633193617856,34.845124486702304],[135.46613773358607,34.84519987020948],[135.46593546316117,34.845259268259156],[135.46572707287865,34.84530210881565],[135.46551456965085,34.84532797930098],[135.4653,34.845336630568234],[135.46508543034918,34.84532797930098],[135.46487292712138,34.84530210881565],[135.46466453683885,34.845259268259156],[135.46446226641396,34.84519987020948],[135.46426806382146,34.845124486702304],[135.46408379933845,34.84503384372202],[135.46391124753268,34.84492881421008],[135.46375207017232,34.84481040965809],[135.4636078002224,34.84467977036661],[135.4634798270814,34.84453815446344],[135.4633693832006,34.84438692578715],[135.46327753221493,34.84422754075254],[135.46320515869965,34.844061534324645],[135.46315295965124,34.8438905052361],[135.4631214377751,34.84371610059053],[135.46311089664408,34.84354],[135.4631214377751,34.84336389940947],[135.46315295965124,34.8431894947639],[135.46320515869965,34.84301846567535],[135.46327753221493,34.84285245924745],[135.4633693832006,34.842693074212846],[135.4634798270814,34.84254184553655],[135.4636078002224,34.842400229633384],[135.46375207017232,34.84226959034191],[135.46391124753268,34.842151185789916],[135.46408379933845,34.84204615627797],[135.46426806382146,34.84195551329769],[135.46446226641396,34.84188012979052],[135.46466453683885,34.84182073174084],[135.46487292712138,34.84177789118434],[135.46508543034918,34.84175202069901],[135.4653,34.84174336943176],[135.46551456965085,34.84175202069901],[135.46572707287865,34.84177789118434],[135.46593546316117,34.84182073174084],[135.46613773358607,34.84188012979052],[135.46633193617856,34.84195551329769],[135.46651620066157,34.84204615627797],[135.46668875246735,34.842151185789916],[135.4668479298277,34.84226959034191],[135.46699219977762,34.842400229633384],[135.46712017291864,34.84254184553655],[135.46723061679944,34.842693074212846],[135.4673224677851,34.84285245924745],[135.46739484130038,34.84301846567535],[135.4674470403488,34.8431894947639],[135.46747856222493,34.84336389940947],[135.46748910335594,34.84354]]]}},{"type":"Feature","properties":{"layer":"z17_default","buffer_m":500},"geometry":{"type":"Polygon","coordinates":[[[135.4720828208958,34.84448],[135.47205646776732,34.84492025147632],[135.47197766217687,34.84535626309025],[135.47184716306543,34.845783835811616],[135.47166622721073,34.84619885188136],[135.47143659712398,34.84659731446787],[135.47116048426844,34.84697538615861],[135.47084054776184,34.847329425916534],[135.47047986876763,34.847656024145216],[135.4700819208217,34.847952035525196],[135.46965053638036,34.84821460930506],[135.4691898699115,34.84844121675577],[135.46870435788512,34.848629675523696],[135.46819867604742,34.84877817064789],[135.4676776943909,34.84888527203913],[135.46714643025373,34.848949948252454],[135.46661,34.848971576420595],[135.46607356974627,34.848949948252454],[135.46554230560912,34.84888527203913],[135.46502132395258,34.84877817064789],[135.4645156421149,34.848629675523696],[135.4640301300885,34.84844121675577],[135.46356946361965,34.84821460930506],[135.4631380791783,34.847952035525196],[135.46274013123238,34.847656024145216],[135.46237945223817,34.847329425916534],[135.46205951573157,34.84697538615861],[135.46178340287602,34.84659731446787],[135.46155377278927,34.84619885188136],[135.46137283693457,34.845783835811616],[135.46124233782314,34.84535626309025],[135.4611635322327,34.84492025147632],[135.4611371791042,34.84448],[135.4611635322327,34.84403974852368],[135.46124233782314,34.84360373690974],[135.46137283693457,34.84317616418838],[135.46155377278927,34.84276114811863],[135.46178340287602,34.84236268553212],[135.46205951573157,34.84198461384138],[135.46237945223817,34.84163057408346],[135.46274013123238,34.84130397585478],[135.4631380791783,34.8410079644748],[135.46356946361965,34.840745390694934],[135.4640301300885,34.84051878324423],[135.4645156421149,34.8403303244763],[135.46502132395258,34.840181829352105],[135.46554230560912,34.84007472796087],[135.46607356974627,34.84001005174754],[135.46661,34.8399884235794],[135.46714643025373,34.84001005174754],[135.4676776943909,34.84007472796087],[135.46819867604742,34.840181829352105],[135.46870435788512,34.8403303244763],[135.4691898699115,34.84051878324423],[135.46965053638036,34.840745390694934],[135.4700819208217,34.8410079644748],[135.47047986876763,34.84130397585478],[135.47084054776184,34.84163057408346],[135.47116048426844,34.84198461384138],[135.47143659712398,34.84236268553212],[135.47166622721073,34.84276114811863],[135.47184716306543,34.84317616418838],[135.47197766217687,34.84360373690974],[135.47205646776732,34.84403974852368],[135.4720828208958,34.84448]]]}},{"type":"Feature","properties":{"layer":"z18_optional","buffer_m":200},"geometry":{"type":"Polygon","coordinates":[[[135.4687991283583,34.84448],[135.46878858710693,34.84465610059053],[135.46875706487074,34.8448305052361],[135.4687048652262,34.845001534324645],[135.4686324908843,34.84516754075254],[135.4685406388496,34.84532692578715],[135.46843019370738,34.84547815446344],[135.46830221910474,34.84561977036661],[135.46815794750705,34.84575040965809],[135.4679987683287,34.84586881421008],[135.46782621455213,34.84597384372202],[135.4676419479646,34.8460644867023],[135.46744774315405,34.84613987020948],[135.46724547041896,34.846199268259156],[135.46703707775637,34.84624210881565],[135.4668245721015,34.84626797930098],[135.46661,34.846276630568234],[135.4663954278985,34.84626797930098],[135.46618292224363,34.84624210881565],[135.46597452958105,34.846199268259156],[135.46577225684595,34.84613987020948],[135.4655780520354,34.8460644867023],[135.46539378544787,34.84597384372202],[135.4652212316713,34.84586881421008],[135.46506205249295,34.84575040965809],[135.46491778089526,34.84561977036661],[135.46478980629263,34.84547815446344],[135.46467936115042,34.84532692578715],[135.46458750911572,34.84516754075254],[135.46451513477382,34.845001534324645],[135.46446293512926,34.8448305052361],[135.46443141289308,34.84465610059053],[135.4644208716417,34.84448],[135.46443141289308,34.84430389940947],[135.46446293512926,34.8441294947639],[135.46451513477382,34.84395846567535],[135.46458750911572,34.84379245924745],[135.46467936115042,34.843633074212846],[135.46478980629263,34.84348184553655],[135.46491778089526,34.843340229633384],[135.46506205249295,34.84320959034191],[135.4652212316713,34.843091185789916],[135.46539378544787,34.84298615627797],[135.4655780520354,34.84289551329769],[135.46577225684595,34.84282012979052],[135.46597452958105,34.84276073174084],[135.46618292224363,34.84271789118434],[135.4663954278985,34.84269202069901],[135.46661,34.84268336943176],[135.4668245721015,34.84269202069901],[135.46703707775637,34.84271789118434],[135.46724547041896,34.84276073174084],[135.46744774315405,34.84282012979052],[135.4676419479646,34.84289551329769],[135.46782621455213,34.84298615627797],[135.4679987683287,34.843091185789916],[135.46815794750705,34.84320959034191],[135.46830221910474,34.843340229633384],[135.46843019370738,34.84348184553655],[135.4685406388496,34.843633074212846],[135.4686324908843,34.84379245924745],[135.4687048652262,34.84395846567535],[135.46875706487074,34.8441294947639],[135.46878858710693,34.84430389940947],[135.4687991283583,34.84448]]]}},{"type":"Feature","properties":{"layer":"z17_default","buffer_m":500},"geometry":{"type":"Polygon","coordinates":[[[135.47276278897746,34.844],[135.47273643600266,34.84444025147632],[135.47265763087185,34.844876263090256],[135.4725271325215,34.84530383581162],[135.47234619772203,34.845718851881365],[135.4721165689745,34.846117314467875],[135.47184045772931,34.846495386158615],[135.47152052308863,34.84684942591654],[135.47115984619796,34.84717602414522],[135.47076190057294,34.8474720355252],[135.47033051864747,34.847734609305064],[135.46986985486532,34.84796121675577],[135.4693843456705,34.8481496755237],[135.468878666782,34.848298170647894],[135.46835768816393,34.84840527203913],[135.4678264271252,34.84846994825246],[135.46729,34.8484915764206],[135.46675357287478,34.84846994825246],[135.46622231183605,34.84840527203913],[135.465701333218,34.848298170647894],[135.46519565432948,34.8481496755237],[135.46471014513466,34.84796121675577],[135.4642494813525,34.847734609305064],[135.46381809942704,34.8474720355252],[135.46342015380202,34.84717602414522],[135.46305947691135,34.84684942591654],[135.46273954227067,34.846495386158615],[135.46246343102547,34.846117314467875],[135.46223380227795,34.845718851881365],[135.4620528674785,34.84530383581162],[135.46192236912813,34.844876263090256],[135.46184356399732,34.84444025147632],[135.46181721102252,34.844],[135.46184356399732,34.84355974852368],[135.46192236912813,34.843123736909746],[135.4620528674785,34.84269616418838],[135.46223380227795,34.84228114811864],[135.46246343102547,34.84188268553213],[135.46273954227067,34.84150461384139],[135.46305947691135,34.841150574083464],[135.46342015380202,34.84082397585478],[135.46381809942704,34.8405279644748],[135.4642494813525,34.84026539069494],[135.46471014513466,34.84003878324423],[135.46519565432948,34.8398503244763],[135.465701333218,34.83970182935211],[135.46622231183605,34.83959472796087],[135.46675357287478,34.839530051747545],[135.46729,34.8395084235794],[135.4678264271252,34.839530051747545],[135.46835768816393,34.83959472796087],[135.468878666782,34.83970182935211],[135.4693843456705,34.8398503244763],[135.46986985486532,34.84003878324423],[135.47033051864747,34.84026539069494],[135.47076190057294,34.8405279644748],[135.47115984619796,34.84082397585478],[135.47152052308863,34.841150574083464],[135.47184045772931,34.84150461384139],[135.4721165689745,34.84188268553213],[135.47234619772203,34.84228114811864],[135.4725271325215,34.84269616418838],[135.47265763087185,34.843123736909746],[135.47273643600266,34.84355974852368],[135.47276278897746,34.844]]]}},{"type":"Feature","properties":{"layer":"z18_optional","buffer_m":200},"geometry":{"type":"Polygon","coordinates":[[[135.46947911559099,34.844],[135.46946857440108,34.84417610059053],[135.46943705234872,34.8443505052361],[135.4693848530086,34.84452153432465],[135.4693124790888,34.844687540752545],[135.4692206275898,34.84484692578715],[135.46911018309171,34.84499815446345],[135.46898220923543,34.845139770366615],[135.46883793847917,34.84527040965809],[135.46867876022918,34.84538881421008],[135.46850620745897,34.845493843722025],[135.46832194194613,34.84558448670231],[135.4681277382682,34.84565987020948],[135.46792546671279,34.84571926825916],[135.46771707526557,34.845762108815656],[135.46750457085008,34.84578797930099],[135.46729,34.84579663056824],[135.4670754291499,34.84578797930099],[135.46686292473441,34.845762108815656],[135.4666545332872,34.84571926825916],[135.46645226173177,34.84565987020948],[135.46625805805385,34.84558448670231],[135.466073792541,34.845493843722025],[135.4659012397708,34.84538881421008],[135.4657420615208,34.84527040965809],[135.46559779076455,34.845139770366615],[135.46546981690827,34.84499815446345],[135.46535937241018,34.84484692578715],[135.46526752091117,34.844687540752545],[135.4651951469914,34.84452153432465],[135.46514294765126,34.8443505052361],[135.4651114255989,34.84417610059053],[135.465100884409,34.844],[135.4651114255989,34.84382389940947],[135.46514294765126,34.8436494947639],[135.4651951469914,34.843478465675354],[135.46526752091117,34.84331245924746],[135.46535937241018,34.84315307421285],[135.46546981690827,34.843001845536556],[135.46559779076455,34.84286022963339],[135.4657420615208,34.84272959034191],[135.4659012397708,34.84261118578992],[135.466073792541,34.84250615627798],[135.46625805805385,34.842415513297695],[135.46645226173177,34.84234012979052],[135.4666545332872,34.84228073174084],[135.46686292473441,34.84223789118435],[135.4670754291499,34.842212020699016],[135.46729,34.842203369431765],[135.46750457085008,34.842212020699016],[135.46771707526557,34.84223789118435],[135.46792546671279,34.84228073174084],[135.4681277382682,34.84234012979052],[135.46832194194613,34.842415513297695],[135.46850620745897,34.84250615627798],[135.46867876022918,34.84261118578992],[135.46883793847917,34.84272959034191],[135.46898220923543,34.84286022963339],[135.46911018309171,34.843001845536556],[135.4692206275898,34.84315307421285],[135.4693124790888,34.84331245924746],[135.4693848530086,34.843478465675354],[135.46943705234872,34.8436494947639],[135.46946857440108,34.84382389940947],[135.46947911559099,34.844]]]}},{"type":"Feature","properties":{"layer":"z17_default","buffer_m":500},"geometry":{"type":"Polygon","coordinates":[[[135.46667238075565,34.83786],[135.46664602974658,34.83830025147632],[135.46656723049392,34.838736263090254],[135.46643674187757,34.83916383581162],[135.46625582057428,34.83957885188136],[135.46602620895504,34.83997731446787],[135.4657501183053,34.84035538615861],[135.4654302075289,34.840709425916536],[135.46506955754157,34.84103602414522],[135.46467164159978,34.8413320355252],[135.46424029185158,34.84159460930506],[135.46377966243088,34.84182121675577],[135.46329418945078,34.8420096755237],[135.46278854828145,34.84215817064789],[135.4622676085238,34.84226527203913],[135.46173638711247,34.842329948252456],[135.4612,34.8423515764206],[135.46066361288752,34.842329948252456],[135.46013239147618,34.84226527203913],[135.45961145171853,34.84215817064789],[135.4591058105492,34.8420096755237],[135.4586203375691,34.84182121675577],[135.4581597081484,34.84159460930506],[135.4577283584002,34.8413320355252],[135.4573304424584,34.84103602414522],[135.45696979247109,34.840709425916536],[135.4566498816947,34.84035538615861],[135.45637379104494,34.83997731446787],[135.4561441794257,34.83957885188136],[135.4559632581224,34.83916383581162],[135.45583276950606,34.838736263090254],[135.4557539702534,34.83830025147632],[135.45572761924433,34.83786],[135.4557539702534,34.83741974852368],[135.45583276950606,34.836983736909744],[135.4559632581224,34.83655616418838],[135.4561441794257,34.836141148118635],[135.45637379104494,34.835742685532125],[135.4566498816947,34.835364613841385],[135.45696979247109,34.83501057408346],[135.4573304424584,34.83468397585478],[135.4577283584002,34.8343879644748],[135.4581597081484,34.834125390694936],[135.4586203375691,34.83389878324423],[135.4591058105492,34.8337103244763],[135.45961145171853,34.83356182935211],[135.46013239147618,34.83345472796087],[135.46066361288752,34.83339005174754],[135.4612,34.8333684235794],[135.46173638711247,34.83339005174754],[135.4622676085238,34.83345472796087],[135.46278854828145,34.83356182935211],[135.46329418945078,34.8337103244763],[135.46377966243088,34.83389878324423],[135.46424029185158,34.834125390694936],[135.46467164159978,34.8343879644748],[135.46506955754157,34.83468397585478],[135.4654302075289,34.83501057408346],[135.4657501183053,34.835364613841385],[135.46602620895504,34.835742685532125],[135.46625582057428,34.836141148118635],[135.46643674187757,34.83655616418838],[135.46656723049392,34.836983736909744],[135.46664602974658,34.83741974852368],[135.46667238075565,34.83786]]]}},{"type":"Feature","properties":{"layer":"z18_optional","buffer_m":200},"geometry":{"type":"Polygon","coordinates":[[[135.46338895230227,34.83786],[135.46337841189862,34.83803610059053],[135.46334689219756,34.8382105052361],[135.46329469675103,34.83838153432465],[135.4632223282297,34.83854754075254],[135.463130483582,34.83870692578715],[135.46302004732212,34.838858154463445],[135.46289208301155,34.83899977036661],[135.46274782301663,34.83913040965809],[135.4625886566399,34.83924881421008],[135.46241611674063,34.83935384372202],[135.46223186497235,34.839444486702305],[135.4620376757803,34.83951987020948],[135.4618354193126,34.83957926825916],[135.46162704340952,34.839622108815654],[135.46141455484496,34.839647979300985],[135.4612,34.839656630568236],[135.46098544515502,34.839647979300985],[135.46077295659046,34.839622108815654],[135.4605645806874,34.83957926825916],[135.4603623242197,34.83951987020948],[135.46016813502763,34.839444486702305],[135.45998388325935,34.83935384372202],[135.4598113433601,34.83924881421008],[135.45965217698335,34.83913040965809],[135.45950791698843,34.83899977036661],[135.45937995267786,34.838858154463445],[135.45926951641798,34.83870692578715],[135.45917767177028,34.83854754075254],[135.45910530324895,34.83838153432465],[135.45905310780242,34.8382105052361],[135.45902158810136,34.83803610059053],[135.45901104769771,34.83786],[135.45902158810136,34.83768389940947],[135.45905310780242,34.8375094947639],[135.45910530324895,34.83733846567535],[135.45917767177028,34.837172459247455],[135.45926951641798,34.83701307421285],[135.45937995267786,34.83686184553655],[135.45950791698843,34.836720229633386],[135.45965217698335,34.83658959034191],[135.4598113433601,34.83647118578992],[135.45998388325935,34.836366156277975],[135.46016813502763,34.83627551329769],[135.4603623242197,34.83620012979052],[135.4605645806874,34.83614073174084],[135.46077295659046,34.836097891184345],[135.46098544515502,34.836072020699014],[135.4612,34.83606336943176],[135.46141455484496,34.836072020699014],[135.46162704340952,34.836097891184345],[135.4618354193126,34.83614073174084],[135.4620376757803,34.83620012979052],[135.46223186497235,34.83627551329769],[135.46241611674063,34.836366156277975],[135.4625886566399,34.83647118578992],[135.46274782301663,34.83658959034191],[135.46289208301155,34.836720229633386],[135.46302004732212,34.83686184553655],[135.463130483582,34.83701307421285],[135.4632223282297,34.837172459247455],[135.46329469675103,34.83733846567535],[135.46334689219756,34.8375094947639],[135.46337841189862,34.83768389940947],[135.46338895230227,34.83786]]]}},{"type":"Feature","properties":{"layer":"z17_default","buffer_m":500},"geometry":{"type":"Polygon","coordinates":[[[135.4764828940448,34.84558],[135.4764565405641,34.84602025147632],[135.47637773392034,34.84645626309025],[135.47624723306467,34.84688383581162],[135.4760662947916,34.84729885188136],[135.47583666163564,34.84769731446787],[135.47556054508962,34.84807538615861],[135.47524060430678,34.848429425916535],[135.4748799204918,34.84875602414522],[135.47448196722698,34.8490520355252],[135.47405057701977,34.84931460930506],[135.47358990439372,34.84954121675577],[135.47310438587803,34.8497296755237],[135.47259869728146,34.84987817064789],[135.47207770866157,34.84998527203913],[135.4715464374236,34.850049948252455],[135.47101,34.850071576420596],[135.47047356257642,34.850049948252455],[135.46994229133844,34.84998527203913],[135.46942130271856,34.84987817064789],[135.46891561412198,34.8497296755237],[135.4684300956063,34.84954121675577],[135.46796942298025,34.84931460930506],[135.46753803277304,34.8490520355252],[135.46714007950823,34.84875602414522],[135.46677939569324,34.848429425916535],[135.4664594549104,34.84807538615861],[135.46618333836437,34.84769731446787],[135.46595370520842,34.84729885188136],[135.46577276693534,34.84688383581162],[135.46564226607967,34.84645626309025],[135.4655634594359,34.84602025147632],[135.4655371059552,34.84558],[135.4655634594359,34.84513974852368],[135.46564226607967,34.84470373690974],[135.46577276693534,34.84427616418838],[135.46595370520842,34.843861148118634],[135.46618333836437,34.843462685532124],[135.4664594549104,34.843084613841384],[135.46677939569324,34.84273057408346],[135.46714007950823,34.84240397585478],[135.46753803277304,34.8421079644748],[135.46796942298025,34.841845390694935],[135.4684300956063,34.84161878324423],[135.46891561412198,34.8414303244763],[135.46942130271856,34.841281829352106],[135.46994229133844,34.84117472796087],[135.47047356257642,34.84111005174754],[135.47101,34.8410884235794],[135.4715464374236,34.84111005174754],[135.47207770866157,34.84117472796087],[135.47259869728146,34.841281829352106],[135.47310438587803,34.8414303244763],[135.47358990439372,34.84161878324423],[135.47405057701977,34.841845390694935],[135.47448196722698,34.8421079644748],[135.4748799204918,34.84240397585478],[135.47524060430678,34.84273057408346],[135.47556054508962,34.843084613841384],[135.47583666163564,34.843462685532124],[135.4760662947916,34.843861148118634],[135.47624723306467,34.84427616418838],[135.47637773392034,34.84470373690974],[135.4764565405641,34.84513974852368],[135.4764828940448,34.84558]]]}},{"type":"Feature","properties":{"layer":"z18_optional","buffer_m":200},"geometry":{"type":"Polygon","coordinates":[[[135.47319915761793,34.84558],[135.47318861622563,34.84575610059053],[135.47315709356815,34.8459305052361],[135.47310489322587,34.846101534324646],[135.47303251791664,34.84626754075254],[135.47294066465426,34.84642692578715],[135.47283021803585,34.846578154463444],[135.47270224172271,34.84671977036661],[135.47255796819672,34.84685040965809],[135.47239878689078,34.84696881421008],[135.4722262308079,34.84707384372202],[135.4720419617575,34.847164486702304],[135.47184775435122,34.84723987020948],[135.4716454789126,34.84729926825916],[135.47143708346462,34.84734210881565],[135.47122457496945,34.847367979300984],[135.47101,34.847376630568235],[135.47079542503056,34.847367979300984],[135.4705829165354,34.84734210881565],[135.47037452108742,34.84729926825916],[135.4701722456488,34.84723987020948],[135.46997803824252,34.847164486702304],[135.4697937691921,34.84707384372202],[135.46962121310924,34.84696881421008],[135.4694620318033,34.84685040965809],[135.4693177582773,34.84671977036661],[135.46918978196416,34.846578154463444],[135.46907933534575,34.84642692578715],[135.46898748208338,34.84626754075254],[135.46891510677415,34.846101534324646],[135.46886290643187,34.8459305052361],[135.4688313837744,34.84575610059053],[135.4688208423821,34.84558],[135.4688313837744,34.84540389940947],[135.46886290643187,34.8452294947639],[135.46891510677415,34.84505846567535],[135.46898748208338,34.844892459247454],[135.46907933534575,34.84473307421285],[135.46918978196416,34.84458184553655],[135.4693177582773,34.844440229633385],[135.4694620318033,34.84430959034191],[135.46962121310924,34.84419118578992],[135.4697937691921,34.844086156277974],[135.46997803824252,34.84399551329769],[135.4701722456488,34.84392012979052],[135.47037452108742,34.84386073174084],[135.4705829165354,34.843817891184344],[135.47079542503056,34.84379202069901],[135.47101,34.84378336943176],[135.47122457496945,34.84379202069901],[135.47143708346462,34.843817891184344],[135.4716454789126,34.84386073174084],[135.47184775435122,34.84392012979052],[135.4720419617575,34.84399551329769],[135.4722262308079,34.844086156277974],[135.47239878689078,34.84419118578992],[135.47255796819672,34.84430959034191],[135.47270224172271,34.844440229633385],[135.47283021803585,34.84458184553655],[135.47294066465426,34.84473307421285],[135.47303251791664,34.844892459247454],[135.47310489322587,34.84505846567535],[135.47315709356815,34.8452294947639],[135.47318861622563,34.84540389940947],[135.47319915761793,34.84558]]]}},{"type":"Feature","properties":{"layer":"z17_default","buffer_m":500},"geometry":{"type":"Polygon","coordinates":[[[135.46810333701362,34.85224],[135.46807698139986,34.85268025147632],[135.46799816837765,34.85311626309026],[135.46786765695938,34.85354383581162],[135.4676867040414,34.853958851881366],[135.46745705229924,34.854357314467876],[135.46718091340472,34.854735386158616],[135.46686094672629,34.85508942591654],[135.46650023371805,34.85541602414522],[135.4661022482434,34.8557120355252],[135.46567082312004,34.855974609305065],[135.46521011320775,34.85620121675577],[135.46472455539487,34.8563896755237],[135.4642188258685,34.856538170647895],[135.4636977950805,34.85664527203913],[135.46316648084212,34.85670994825246],[135.46263,34.8567315764206],[135.46209351915786,34.85670994825246],[135.4615622049195,34.85664527203913],[135.46104117413148,34.856538170647895],[135.4605354446051,34.8563896755237],[135.46004988679223,34.85620121675577],[135.45958917687994,34.855974609305065],[135.45915775175658,34.8557120355252],[135.45875976628193,34.85541602414522],[135.4583990532737,34.85508942591654],[135.45807908659526,34.854735386158616],[135.45780294770074,34.854357314467876],[135.45757329595858,34.853958851881366],[135.4573923430406,34.85354383581162],[135.45726183162233,34.85311626309026],[135.45718301860012,34.85268025147632],[135.45715666298636,34.85224],[135.45718301860012,34.85179974852368],[135.45726183162233,34.85136373690975],[135.4573923430406,34.85093616418838],[135.45757329595858,34.85052114811864],[135.45780294770074,34.85012268553213],[135.45807908659526,34.84974461384139],[135.4583990532737,34.849390574083465],[135.45875976628193,34.84906397585478],[135.45915775175658,34.8487679644748],[135.45958917687994,34.84850539069494],[135.46004988679223,34.84827878324423],[135.4605354446051,34.8480903244763],[135.46104117413148,34.84794182935211],[135.4615622049195,34.84783472796087],[135.46209351915786,34.847770051747545],[135.46263,34.847748423579404],[135.46316648084212,34.847770051747545],[135.4636977950805,34.84783472796087],[135.4642188258685,34.84794182935211],[135.46472455539487,34.8480903244763],[135.46521011320775,34.84827878324423],[135.46567082312004,34.84850539069494],[135.4661022482434,34.8487679644748],[135.46650023371805,34.84906397585478],[135.46686094672629,34.849390574083465],[135.46718091340472,34.84974461384139],[135.46745705229924,34.85012268553213],[135.4676867040414,34.85052114811864],[135.46786765695938,34.85093616418838],[135.46799816837765,34.85136373690975],[135.46807698139986,34.85179974852368],[135.46810333701362,34.85224]]]}},{"type":"Feature","properties":{"layer":"z18_optional","buffer_m":200},"geometry":{"type":"Polygon","coordinates":[[[135.46481933480544,34.85224],[135.46480879255995,34.85241610059053],[135.46477726735105,34.8525905052361],[135.46472506278374,34.85276153432465],[135.46465268161657,34.852927540752546],[135.4645608209197,34.85308692578715],[135.46445036536187,34.85323815446345],[135.46432237869053,34.853379770366615],[135.46417809348722,34.85351040965809],[135.46401889929734,34.85362881421008],[135.463846329248,34.853733843722026],[135.4636620452831,34.85382448670231],[135.46346782215792,34.85389987020948],[135.4632655303474,34.85395926825916],[135.4630571180322,34.854002108815656],[135.46284459233684,34.85402797930099],[135.46263,34.85403663056824],[135.46241540766314,34.85402797930099],[135.46220288196778,34.854002108815656],[135.46199446965258,34.85395926825916],[135.46179217784206,34.85389987020948],[135.4615979547169,34.85382448670231],[135.46141367075197,34.853733843722026],[135.46124110070264,34.85362881421008],[135.46108190651276,34.85351040965809],[135.46093762130945,34.853379770366615],[135.4608096346381,34.85323815446345],[135.46069917908028,34.85308692578715],[135.4606073183834,34.852927540752546],[135.46053493721624,34.85276153432465],[135.46048273264893,34.8525905052361],[135.46045120744003,34.85241610059053],[135.46044066519454,34.85224],[135.46045120744003,34.85206389940947],[135.46048273264893,34.8518894947639],[135.46053493721624,34.851718465675354],[135.4606073183834,34.85155245924746],[135.46069917908028,34.85139307421285],[135.4608096346381,34.851241845536556],[135.46093762130945,34.85110022963339],[135.46108190651276,34.85096959034191],[135.46124110070264,34.85085118578992],[135.46141367075197,34.85074615627798],[135.4615979547169,34.850655513297696],[135.46179217784206,34.85058012979052],[135.46199446965258,34.85052073174084],[135.46220288196778,34.85047789118435],[135.46241540766314,34.85045202069902],[135.46263,34.850443369431765],[135.46284459233684,34.85045202069902],[135.4630571180322,34.85047789118435],[135.4632655303474,34.85052073174084],[135.46346782215792,34.85058012979052],[135.4636620452831,34.850655513297696],[135.463846329248,34.85074615627798],[135.46401889929734,34.85085118578992],[135.46417809348722,34.85096959034191],[135.46432237869053,34.85110022963339],[135.46445036536187,34.851241845536556],[135.4645608209197,34.85139307421285],[135.46465268161657,34.85155245924746],[135.46472506278374,34.851718465675354],[135.46477726735105,34.8518894947639],[135.46480879255995,34.85206389940947],[135.46481933480544,34.85224]]]}},{"type":"Feature","properties":{"layer":"z17_default","buffer_m":500},"geometry":{"type":"Polygon","coordinates":[[[135.46932344478483,34.85386],[135.46929708865216,34.85430025147632],[135.46921827407806,34.85473626309025],[135.46908776009,34.85516383581162],[135.46890680360903,34.85557885188136],[135.46867714734498,34.85597731446787],[135.4684010030132,34.85635538615861],[135.46808103003457,34.856709425916534],[135.4677203099238,34.857036024145216],[135.46732231661272,34.8573320355252],[135.46689088299453,34.85759460930506],[135.46643016401077,34.85782121675577],[135.46594459663712,34.8580096755237],[135.46543885715283,34.85815817064789],[135.4649178161056,34.85826527203913],[135.46438649140558,34.858329948252454],[135.46385,34.858351576420596],[135.46331350859444,34.858329948252454],[135.4627821838944,34.85826527203913],[135.46226114284718,34.85815817064789],[135.4617554033629,34.8580096755237],[135.46126983598924,34.85782121675577],[135.46080911700548,34.85759460930506],[135.4603776833873,34.8573320355252],[135.4599796900762,34.857036024145216],[135.45961896996545,34.856709425916534],[135.4592989969868,34.85635538615861],[135.45902285265504,34.85597731446787],[135.45879319639099,34.85557885188136],[135.45861223991002,34.85516383581162],[135.45848172592196,34.85473626309025],[135.45840291134786,34.85430025147632],[135.45837655521518,34.85386],[135.45840291134786,34.85341974852368],[135.45848172592196,34.85298373690974],[135.45861223991002,34.85255616418838],[135.45879319639099,34.85214114811863],[135.45902285265504,34.85174268553212],[135.4592989969868,34.85136461384138],[135.45961896996545,34.85101057408346],[135.4599796900762,34.85068397585478],[135.4603776833873,34.8503879644748],[135.46080911700548,34.850125390694934],[135.46126983598924,34.84989878324423],[135.4617554033629,34.8497103244763],[135.46226114284718,34.849561829352105],[135.4627821838944,34.84945472796087],[135.46331350859444,34.84939005174754],[135.46385,34.8493684235794],[135.46438649140558,34.84939005174754],[135.4649178161056,34.84945472796087],[135.46543885715283,34.849561829352105],[135.46594459663712,34.8497103244763],[135.46643016401077,34.84989878324423],[135.46689088299453,34.850125390694934],[135.46732231661272,34.8503879644748],[135.4677203099238,34.85068397585478],[135.46808103003457,34.85101057408346],[135.4684010030132,34.85136461384138],[135.46867714734498,34.85174268553212],[135.46890680360903,34.85214114811863],[135.46908776009,34.85255616418838],[135.46921827407806,34.85298373690974],[135.46929708865216,34.85341974852368],[135.46932344478483,34.85386]]]}},{"type":"Feature","properties":{"layer":"z18_optional","buffer_m":200},"geometry":{"type":"Polygon","coordinates":[[[135.46603937791394,34.85386],[135.46602883546086,34.85403610059053],[135.46599730963123,34.8542105052361],[135.465945104036,34.854381534324645],[135.46587272144362,34.85454754075254],[135.465780858938,34.85470692578715],[135.46567040120527,34.85485815446344],[135.46554241201383,34.85499977036661],[135.46539812396952,34.85513040965809],[135.4652389266451,34.85524881421008],[135.4650663531978,34.85535384372202],[135.46488206560431,34.855444486702304],[135.46468783865487,34.85551987020948],[135.46448554286113,34.855579268259156],[135.46427712644225,34.85562210881565],[135.46406459656222,34.85564797930098],[135.46385,34.855656630568234],[135.4636354034378,34.85564797930098],[135.46342287355776,34.85562210881565],[135.4632144571389,34.855579268259156],[135.46301216134515,34.85551987020948],[135.4628179343957,34.855444486702304],[135.4626336468022,34.85535384372202],[135.46246107335492,34.85524881421008],[135.4623018760305,34.85513040965809],[135.46215758798618,34.85499977036661],[135.46202959879474,34.85485815446344],[135.46191914106203,34.85470692578715],[135.4618272785564,34.85454754075254],[135.46175489596402,34.854381534324645],[135.46170269036878,34.8542105052361],[135.46167116453915,34.85403610059053],[135.46166062208607,34.85386],[135.46167116453915,34.85368389940947],[135.46170269036878,34.8535094947639],[135.46175489596402,34.85333846567535],[135.4618272785564,34.85317245924745],[135.46191914106203,34.853013074212846],[135.46202959879474,34.85286184553655],[135.46215758798618,34.852720229633384],[135.4623018760305,34.85258959034191],[135.46246107335492,34.852471185789916],[135.4626336468022,34.852366156277974],[135.4628179343957,34.85227551329769],[135.46301216134515,34.85220012979052],[135.4632144571389,34.85214073174084],[135.46342287355776,34.85209789118434],[135.4636354034378,34.85207202069901],[135.46385,34.85206336943176],[135.46406459656222,34.85207202069901],[135.46427712644225,34.85209789118434],[135.46448554286113,34.85214073174084],[135.46468783865487,34.85220012979052],[135.46488206560431,34.85227551329769],[135.4650663531978,34.852366156277974],[135.4652389266451,34.852471185789916],[135.46539812396952,34.85258959034191],[135.46554241201383,34.852720229633384],[135.46567040120527,34.85286184553655],[135.465780858938,34.853013074212846],[135.46587272144362,34.85317245924745],[135.465945104036,34.85333846567535],[135.46599730963123,34.8535094947639],[135.46602883546086,34.85368389940947],[135.46603937791394,34.85386]]]}},{"type":"Feature","properties":{"layer":"z17_default","buffer_m":500},"geometry":{"type":"Polygon","coordinates":[[[135.46504367698788,34.85735],[135.46501731973706,34.85779025147632],[135.46493850181938,34.85822626309025],[135.46480798229447,34.858653835811616],[135.46462701813667,34.85906885188136],[135.4643973521298,34.85946731446787],[135.46412119608297,34.85984538615861],[135.46380120952995,34.860199425916534],[135.46344047411614,34.860526024145216],[135.4630424639208,34.860822035525196],[135.46261101199963,34.86108460930506],[135.46215027347054,34.861311216755766],[135.4616646854974,34.861499675523696],[135.46115892455782,34.86164817064789],[135.46063786140618,34.861755272039126],[135.46010651416546,34.86181994825245],[135.45957,34.861841576420595],[135.45903348583457,34.86181994825245],[135.45850213859384,34.861755272039126],[135.4579810754422,34.86164817064789],[135.45747531450263,34.861499675523696],[135.45698972652949,34.861311216755766],[135.4565289880004,34.86108460930506],[135.45609753607923,34.860822035525196],[135.4556995258839,34.860526024145216],[135.45533879047008,34.860199425916534],[135.45501880391706,34.85984538615861],[135.45474264787023,34.85946731446787],[135.45451298186336,34.85906885188136],[135.45433201770555,34.858653835811616],[135.45420149818065,34.85822626309025],[135.45412268026297,34.85779025147632],[135.45409632301215,34.85735],[135.45412268026297,34.85690974852368],[135.45420149818065,34.85647373690974],[135.45433201770555,34.85604616418838],[135.45451298186336,34.85563114811863],[135.45474264787023,34.85523268553212],[135.45501880391706,34.85485461384138],[135.45533879047008,34.85450057408346],[135.4556995258839,34.85417397585478],[135.45609753607923,34.8538779644748],[135.4565289880004,34.853615390694934],[135.45698972652949,34.85338878324423],[135.45747531450263,34.8532003244763],[135.4579810754422,34.853051829352104],[135.45850213859384,34.85294472796087],[135.45903348583457,34.85288005174754],[135.45957,34.8528584235794],[135.46010651416546,34.85288005174754],[135.46063786140618,34.85294472796087],[135.46115892455782,34.853051829352104],[135.4616646854974,34.8532003244763],[135.46215027347054,34.85338878324423],[135.46261101199963,34.853615390694934],[135.4630424639208,34.8538779644748],[135.46344047411614,34.85417397585478],[135.46380120952995,34.85450057408346],[135.46412119608297,34.85485461384138],[135.4643973521298,34.85523268553212],[135.46462701813667,34.85563114811863],[135.46480798229447,34.85604616418838],[135.46493850181938,34.85647373690974],[135.46501731973706,34.85690974852368],[135.46504367698788,34.85735]]]}},{"type":"Feature","properties":{"layer":"z18_optional","buffer_m":200},"geometry":{"type":"Polygon","coordinates":[[[135.46175947079516,34.85735],[135.46174892789483,34.857526100590526],[135.46171740072776,34.857700505236096],[135.4616651929178,34.857871534324644],[135.46159280725468,34.85803754075254],[135.46150094085192,34.85819692578715],[135.4613904784332,34.85834815446344],[135.461262483812,34.85848977036661],[135.46111818964647,34.85862040965809],[135.46095898556834,34.85873881421008],[135.46078640479985,34.85884384372202],[135.46060210938822,34.8589344867023],[135.46040787419895,34.859009870209476],[135.46020556982313,34.859069268259155],[135.4599971445625,34.85911210881565],[135.4597846056662,34.85913797930098],[135.45957,34.85914663056823],[135.45935539433384,34.85913797930098],[135.45914285543753,34.85911210881565],[135.4589344301769,34.859069268259155],[135.45873212580108,34.859009870209476],[135.4585378906118,34.8589344867023],[135.45835359520018,34.85884384372202],[135.4581810144317,34.85873881421008],[135.45802181035356,34.85862040965809],[135.45787751618803,34.85848977036661],[135.45774952156683,34.85834815446344],[135.4576390591481,34.85819692578715],[135.45754719274535,34.85803754075254],[135.45747480708224,34.857871534324644],[135.45742259927226,34.857700505236096],[135.4573910721052,34.857526100590526],[135.45738052920487,34.85735],[135.4573910721052,34.85717389940947],[135.45742259927226,34.8569994947639],[135.45747480708224,34.85682846567535],[135.45754719274535,34.85666245924745],[135.4576390591481,34.856503074212846],[135.45774952156683,34.85635184553655],[135.45787751618803,34.85621022963338],[135.45802181035356,34.856079590341906],[135.4581810144317,34.855961185789916],[135.45835359520018,34.85585615627797],[135.4585378906118,34.85576551329769],[135.45873212580108,34.85569012979052],[135.4589344301769,34.85563073174084],[135.45914285543753,34.85558789118434],[135.45935539433384,34.85556202069901],[135.45957,34.85555336943176],[135.4597846056662,34.85556202069901],[135.4599971445625,34.85558789118434],[135.46020556982313,34.85563073174084],[135.46040787419895,34.85569012979052],[135.46060210938822,34.85576551329769],[135.46078640479985,34.85585615627797],[135.46095898556834,34.855961185789916],[135.46111818964647,34.856079590341906],[135.461262483812,34.85621022963338],[135.4613904784332,34.85635184553655],[135.46150094085192,34.856503074212846],[135.46159280725468,34.85666245924745],[135.4616651929178,34.85682846567535],[135.46171740072776,34.8569994947639],[135.46174892789483,34.85717389940947],[135.46175947079516,34.85735]]]}},{"type":"Feature","properties":{"layer":"z17_default","buffer_m":500},"geometry":{"type":"Polygon","coordinates":[[[135.47394340420328,34.85325],[135.47391704826603,34.85369025147632],[135.4738382342763,34.85412626309026],[135.4737077212559,34.85455383581162],[135.47352676611658,34.85496885188137],[135.47329711155527,34.85536731446788],[135.4730209692709,34.85574538615862],[135.47270099866464,34.85609942591654],[135.47234028122833,34.85642602414522],[135.47194229086807,34.8567220355252],[135.47151086044863,34.856984609305066],[135.47105014488076,34.85721121675577],[135.47056458110723,34.8573996755237],[135.47005884537262,34.857548170647895],[135.46953780818853,34.85765527203913],[135.46900648742786,34.85771994825246],[135.46847,34.8577415764206],[135.46793351257213,34.85771994825246],[135.46740219181146,34.85765527203913],[135.46688115462737,34.857548170647895],[135.46637541889277,34.8573996755237],[135.46588985511923,34.85721121675577],[135.46542913955136,34.856984609305066],[135.46499770913192,34.8567220355252],[135.46459971877167,34.85642602414522],[135.46423900133536,34.85609942591654],[135.4639190307291,34.85574538615862],[135.46364288844472,34.85536731446788],[135.46341323388341,34.85496885188137],[135.4632322787441,34.85455383581162],[135.4631017657237,34.85412626309026],[135.46302295173396,34.85369025147632],[135.4629965957967,34.85325],[135.46302295173396,34.85280974852368],[135.4631017657237,34.85237373690975],[135.4632322787441,34.851946164188384],[135.46341323388341,34.85153114811864],[135.46364288844472,34.85113268553213],[135.4639190307291,34.85075461384139],[135.46423900133536,34.850400574083466],[135.46459971877167,34.850073975854784],[135.46499770913192,34.849777964474804],[135.46542913955136,34.84951539069494],[135.46588985511923,34.84928878324423],[135.46637541889277,34.849100324476304],[135.46688115462737,34.84895182935211],[135.46740219181146,34.84884472796087],[135.46793351257213,34.848780051747546],[135.46847,34.848758423579405],[135.46900648742786,34.848780051747546],[135.46953780818853,34.84884472796087],[135.47005884537262,34.84895182935211],[135.47056458110723,34.849100324476304],[135.47105014488076,34.84928878324423],[135.47151086044863,34.84951539069494],[135.47194229086807,34.849777964474804],[135.47234028122833,34.850073975854784],[135.47270099866464,34.850400574083466],[135.4730209692709,34.85075461384139],[135.47329711155527,34.85113268553213],[135.47352676611658,34.85153114811864],[135.4737077212559,34.851946164188384],[135.4738382342763,34.85237373690975],[135.47391704826603,34.85280974852368],[135.47394340420328,34.85325]]]}},{"type":"Feature","properties":{"layer":"z18_optional","buffer_m":200},"geometry":{"type":"Polygon","coordinates":[[[135.47065936168133,34.85325],[135.4706488193064,34.85342610059053],[135.47061729371052,34.8536005052361],[135.47056508850235,34.85377153432465],[135.47049270644663,34.85393754075255],[135.4704008446221,34.854096925787154],[135.47029038770836,34.85424815446345],[135.47016239946583,34.854389770366616],[135.47001811249132,34.85452040965809],[135.46985891634722,34.854638814210084],[135.46968634417945,34.85474384372203],[135.4695020579523,34.85483448670231],[135.4693078324429,34.85490987020948],[135.46910553814905,34.85496926825916],[135.4688971232754,34.85501210881566],[135.46868459497114,34.85503797930099],[135.46847,34.85504663056824],[135.46825540502886,34.85503797930099],[135.46804287672458,34.85501210881566],[135.46783446185094,34.85496926825916],[135.4676321675571,34.85490987020948],[135.4674379420477,34.85483448670231],[135.46725365582054,34.85474384372203],[135.46708108365277,34.854638814210084],[135.46692188750868,34.85452040965809],[135.46677760053416,34.854389770366616],[135.46664961229163,34.85424815446345],[135.4665391553779,34.854096925787154],[135.46644729355336,34.85393754075255],[135.46637491149764,34.85377153432465],[135.46632270628947,34.8536005052361],[135.4662911806936,34.85342610059053],[135.46628063831866,34.85325],[135.4662911806936,34.85307389940947],[135.46632270628947,34.8528994947639],[135.46637491149764,34.852728465675355],[135.46644729355336,34.85256245924746],[135.4665391553779,34.85240307421285],[135.46664961229163,34.85225184553656],[135.46677760053416,34.85211022963339],[135.46692188750868,34.85197959034191],[135.46708108365277,34.85186118578992],[135.46725365582054,34.85175615627798],[135.4674379420477,34.8516655132977],[135.4676321675571,34.85159012979052],[135.46783446185094,34.851530731740844],[135.46804287672458,34.85148789118435],[135.46825540502886,34.85146202069902],[135.46847,34.851453369431766],[135.46868459497114,34.85146202069902],[135.4688971232754,34.85148789118435],[135.46910553814905,34.851530731740844],[135.4693078324429,34.85159012979052],[135.4695020579523,34.8516655132977],[135.46968634417945,34.85175615627798],[135.46985891634722,34.85186118578992],[135.47001811249132,34.85197959034191],[135.47016239946583,34.85211022963339],[135.47029038770836,34.85225184553656],[135.4704008446221,34.85240307421285],[135.47049270644663,34.85256245924746],[135.47056508850235,34.852728465675355],[135.47061729371052,34.8528994947639],[135.4706488193064,34.85307389940947],[135.47065936168133,34.85325]]]}},{"type":"Feature","properties":{"layer":"z17_default","buffer_m":500},"geometry":{"type":"Polygon","coordinates":[[[135.46692410557074,34.86379],[135.4668977462562,34.86423025147632],[135.46681892216716,34.86466626309026],[135.4666883924227,34.86509383581162],[135.46650741409562,34.865508851881366],[135.46627773010613,34.865907314467876],[135.4660015524366,34.866285386158616],[135.465681540829,34.86663942591654],[135.46532077717,34.86696602414522],[135.4649227358109,34.8672620355252],[135.46449125010753,34.867524609305065],[135.4640304755031,34.86775121675577],[135.46354484950893,34.8679396755237],[135.46303904896888,34.868088170647894],[135.46251794501856,34.86819527203913],[135.4619865561739,34.86825994825246],[135.46145,34.8682815764206],[135.46091344382612,34.86825994825246],[135.46038205498147,34.86819527203913],[135.45986095103115,34.868088170647894],[135.4593551504911,34.8679396755237],[135.45886952449692,34.86775121675577],[135.4584087498925,34.867524609305065],[135.45797726418914,34.8672620355252],[135.45757922283002,34.86696602414522],[135.45721845917103,34.86663942591654],[135.45689844756342,34.866285386158616],[135.4566222698939,34.865907314467876],[135.4563925859044,34.865508851881366],[135.45621160757733,34.86509383581162],[135.45608107783286,34.86466626309026],[135.45600225374383,34.86423025147632],[135.4559758944293,34.86379],[135.45600225374383,34.86334974852368],[135.45608107783286,34.862913736909746],[135.45621160757733,34.86248616418838],[135.4563925859044,34.86207114811864],[135.4566222698939,34.86167268553213],[135.45689844756342,34.86129461384139],[135.45721845917103,34.860940574083465],[135.45757922283002,34.86061397585478],[135.45797726418914,34.8603179644748],[135.4584087498925,34.86005539069494],[135.45886952449692,34.85982878324423],[135.4593551504911,34.8596403244763],[135.45986095103115,34.85949182935211],[135.46038205498147,34.85938472796087],[135.46091344382612,34.859320051747545],[135.46145,34.8592984235794],[135.4619865561739,34.859320051747545],[135.46251794501856,34.85938472796087],[135.46303904896888,34.85949182935211],[135.46354484950893,34.8596403244763],[135.4640304755031,34.85982878324423],[135.46449125010753,34.86005539069494],[135.4649227358109,34.8603179644748],[135.46532077717,34.86061397585478],[135.465681540829,34.860940574083465],[135.4660015524366,34.86129461384139],[135.46627773010613,34.86167268553213],[135.46650741409562,34.86207114811864],[135.4666883924227,34.86248616418838],[135.46681892216716,34.862913736909746],[135.4668977462562,34.86334974852368],[135.46692410557074,34.86379]]]}},{"type":"Feature","properties":{"layer":"z18_optional","buffer_m":200},"geometry":{"type":"Polygon","coordinates":[[[135.46363964222832,34.86379],[135.46362909850248,34.86396610059053],[135.46359756886687,34.8641405052361],[135.4635453569691,34.86431153432465],[135.46347296563826,34.864477540752546],[135.46338109204245,34.86463692578715],[135.46327062097464,34.86478815446345],[135.4631426163316,34.864929770366615],[135.46299831086802,34.86506040965809],[135.46283909432435,34.86517881421008],[135.462666500043,34.865283843722025],[135.46248219020126,34.86537448670231],[135.4622879398036,34.86544987020948],[135.46208561958755,34.86550926825916],[135.46187717800743,34.865552108815656],[135.46166462246958,34.86557797930099],[135.46145,34.86558663056824],[135.46123537753044,34.86557797930099],[135.4610228219926,34.865552108815656],[135.46081438041247,34.86550926825916],[135.46061206019644,34.86544987020948],[135.46041780979877,34.86537448670231],[135.460233499957,34.865283843722025],[135.46006090567568,34.86517881421008],[135.459901689132,34.86506040965809],[135.45975738366843,34.864929770366615],[135.4596293790254,34.86478815446345],[135.45951890795757,34.86463692578715],[135.45942703436177,34.864477540752546],[135.45935464303093,34.86431153432465],[135.45930243113315,34.8641405052361],[135.45927090149755,34.86396610059053],[135.4592603577717,34.86379],[135.45927090149755,34.86361389940947],[135.45930243113315,34.8634394947639],[135.45935464303093,34.863268465675354],[135.45942703436177,34.86310245924746],[135.45951890795757,34.86294307421285],[135.4596293790254,34.862791845536556],[135.45975738366843,34.86265022963339],[135.459901689132,34.86251959034191],[135.46006090567568,34.86240118578992],[135.460233499957,34.86229615627798],[135.46041780979877,34.862205513297695],[135.46061206019644,34.86213012979052],[135.46081438041247,34.86207073174084],[135.4610228219926,34.86202789118435],[135.46123537753044,34.862002020699016],[135.46145,34.861993369431765],[135.46166462246958,34.862002020699016],[135.46187717800743,34.86202789118435],[135.46208561958755,34.86207073174084],[135.4622879398036,34.86213012979052],[135.46248219020126,34.862205513297695],[135.462666500043,34.86229615627798],[135.46283909432435,34.86240118578992],[135.46299831086802,34.86251959034191],[135.4631426163316,34.86265022963339],[135.46327062097464,34.862791845536556],[135.46338109204245,34.86294307421285],[135.46347296563826,34.86310245924746],[135.4635453569691,34.863268465675354],[135.46359756886687,34.8634394947639],[135.46362909850248,34.86361389940947],[135.46363964222832,34.86379]]]}},{"type":"Feature","properties":{"layer":"z17_default","buffer_m":500},"geometry":{"type":"Polygon","coordinates":[[[135.47363413352653,34.86421],[135.47360777407738,34.86465025147632],[135.47352894958578,34.865086263090255],[135.4733984191747,34.86551383581162],[135.4732174399234,34.865928851881364],[135.47298775476094,34.866327314467874],[135.472711575681,34.866705386158614],[135.4723915624391,34.86705942591654],[135.47203079693773,34.86738602414522],[135.47163275354586,34.8676820355252],[135.4712012656389,34.86794460930506],[135.47074048868137,34.86817121675577],[135.47025486020718,34.8683596755237],[135.46974905708402,34.86850817064789],[135.46922795047246,34.86861527203913],[135.46869655891408,34.868679948252456],[135.46816,34.8687015764206],[135.46762344108595,34.868679948252456],[135.46709204952757,34.86861527203913],[135.466570942916,34.86850817064789],[135.46606513979285,34.8683596755237],[135.46557951131865,34.86817121675577],[135.4651187343611,34.86794460930506],[135.46468724645416,34.8676820355252],[135.4642892030623,34.86738602414522],[135.46392843756092,34.86705942591654],[135.46360842431903,34.866705386158614],[135.4633322452391,34.866327314467874],[135.46310256007663,34.865928851881364],[135.4629215808253,34.86551383581162],[135.46279105041424,34.865086263090255],[135.46271222592264,34.86465025147632],[135.4626858664735,34.86421],[135.46271222592264,34.86376974852368],[135.46279105041424,34.863333736909745],[135.4629215808253,34.86290616418838],[135.46310256007663,34.862491148118636],[135.4633322452391,34.862092685532126],[135.46360842431903,34.861714613841386],[135.46392843756092,34.86136057408346],[135.4642892030623,34.86103397585478],[135.46468724645416,34.8607379644748],[135.4651187343611,34.86047539069494],[135.46557951131865,34.86024878324423],[135.46606513979285,34.8600603244763],[135.466570942916,34.85991182935211],[135.46709204952757,34.85980472796087],[135.46762344108595,34.85974005174754],[135.46816,34.8597184235794],[135.46869655891408,34.85974005174754],[135.46922795047246,34.85980472796087],[135.46974905708402,34.85991182935211],[135.47025486020718,34.8600603244763],[135.47074048868137,34.86024878324423],[135.4712012656389,34.86047539069494],[135.47163275354586,34.8607379644748],[135.47203079693773,34.86103397585478],[135.4723915624391,34.86136057408346],[135.472711575681,34.861714613841386],[135.47298775476094,34.862092685532126],[135.4732174399234,34.862491148118636],[135.4733984191747,34.86290616418838],[135.47352894958578,34.863333736909745],[135.47360777407738,34.86376974852368],[135.47363413352653,34.86421]]]}},{"type":"Feature","properties":{"layer":"z18_optional","buffer_m":200},"geometry":{"type":"Polygon","coordinates":[[[135.4703496534106,34.86421],[135.47033910963094,34.86438610059053],[135.47030757983433,34.8645605052361],[135.4702553676699,34.86473153432465],[135.47018297596935,34.864897540752544],[135.4700911019044,34.86505692578715],[135.4699806302724,34.865208154463446],[135.46985262497566,34.86534977036661],[135.4697083187751,34.86548040965809],[135.46954910141835,34.86559881421008],[135.46937650625557,34.865703843722024],[135.46919219547254,34.865794486702306],[135.46899794408287,34.86586987020948],[135.4687956228336,34.86592926825916],[135.468587180189,34.865972108815654],[135.46837462356564,34.865997979300985],[135.46816,34.866006630568236],[135.4679453764344,34.865997979300985],[135.46773281981103,34.865972108815654],[135.46752437716643,34.86592926825916],[135.46732205591715,34.86586987020948],[135.46712780452748,34.865794486702306],[135.46694349374445,34.865703843722024],[135.46677089858167,34.86559881421008],[135.46661168122492,34.86548040965809],[135.46646737502437,34.86534977036661],[135.46633936972762,34.865208154463446],[135.46622889809564,34.86505692578715],[135.46613702403067,34.864897540752544],[135.46606463233013,34.86473153432465],[135.4660124201657,34.8645605052361],[135.46598089036908,34.86438610059053],[135.46597034658942,34.86421],[135.46598089036908,34.86403389940947],[135.4660124201657,34.8638594947639],[135.46606463233013,34.86368846567535],[135.46613702403067,34.863522459247456],[135.46622889809564,34.86336307421285],[135.46633936972762,34.863211845536554],[135.46646737502437,34.86307022963339],[135.46661168122492,34.86293959034191],[135.46677089858167,34.86282118578992],[135.46694349374445,34.862716156277976],[135.46712780452748,34.862625513297694],[135.46732205591715,34.86255012979052],[135.46752437716643,34.86249073174084],[135.46773281981103,34.862447891184345],[135.4679453764344,34.862422020699015],[135.46816,34.86241336943176],[135.46837462356564,34.862422020699015],[135.468587180189,34.862447891184345],[135.4687956228336,34.86249073174084],[135.46899794408287,34.86255012979052],[135.46919219547254,34.862625513297694],[135.46937650625557,34.862716156277976],[135.46954910141835,34.86282118578992],[135.4697083187751,34.86293959034191],[135.46985262497566,34.86307022963339],[135.4699806302724,34.863211845536554],[135.4700911019044,34.86336307421285],[135.47018297596935,34.863522459247456],[135.4702553676699,34.86368846567535],[135.47030757983433,34.8638594947639],[135.47033910963094,34.86403389940947],[135.4703496534106,34.86421]]]}},{"type":"Feature","properties":{"layer":"z17_default","buffer_m":500},"geometry":{"type":"Polygon","coordinates":[[[135.47894384867084,34.85993],[135.47891749059335,34.86037025147632],[135.47883867020352,34.860806263090254],[135.4787081465848,34.86123383581162],[135.47852717675104,34.86164885188136],[135.47829750354063,34.86204731446787],[135.47802133883215,34.86242538615861],[135.47770134224268,34.862779425916536],[135.47734059551433,34.86310602414522],[135.4769425728353,34.8634020355252],[135.47651110738155,34.86366460930506],[135.4760503544013,34.86389121675577],[135.4755647511976,34.8640796755237],[135.47505897439476,34.86422817064789],[135.47453789489987,34.86433527203913],[135.4740065309933,34.864399948252455],[135.47347,34.8644215764206],[135.47293346900668,34.864399948252455],[135.47240210510012,34.86433527203913],[135.47188102560523,34.86422817064789],[135.4713752488024,34.8640796755237],[135.47088964559867,34.86389121675577],[135.47042889261843,34.86366460930506],[135.46999742716469,34.8634020355252],[135.46959940448565,34.86310602414522],[135.4692386577573,34.862779425916536],[135.46891866116783,34.86242538615861],[135.46864249645935,34.86204731446787],[135.46841282324894,34.86164885188136],[135.46823185341518,34.86123383581162],[135.46810132979647,34.860806263090254],[135.46802250940664,34.86037025147632],[135.46799615132915,34.85993],[135.46802250940664,34.85948974852368],[135.46810132979647,34.85905373690974],[135.46823185341518,34.85862616418838],[135.46841282324894,34.858211148118635],[135.46864249645935,34.857812685532124],[135.46891866116783,34.857434613841384],[135.4692386577573,34.85708057408346],[135.46959940448565,34.85675397585478],[135.46999742716469,34.8564579644748],[135.47042889261843,34.856195390694936],[135.47088964559867,34.85596878324423],[135.4713752488024,34.8557803244763],[135.47188102560523,34.855631829352106],[135.47240210510012,34.85552472796087],[135.47293346900668,34.85546005174754],[135.47347,34.8554384235794],[135.4740065309933,34.85546005174754],[135.47453789489987,34.85552472796087],[135.47505897439476,34.855631829352106],[135.4755647511976,34.8557803244763],[135.4760503544013,34.85596878324423],[135.47651110738155,34.856195390694936],[135.4769425728353,34.8564579644748],[135.47734059551433,34.85675397585478],[135.47770134224268,34.85708057408346],[135.47802133883215,34.857434613841384],[135.47829750354063,34.857812685532124],[135.47852717675104,34.858211148118635],[135.4787081465848,34.85862616418838],[135.47883867020352,34.85905373690974],[135.47891749059335,34.85948974852368],[135.47894384867084,34.85993]]]}},{"type":"Feature","properties":{"layer":"z18_optional","buffer_m":200},"geometry":{"type":"Polygon","coordinates":[[[135.47565953946832,34.85993],[135.47564899623734,34.86010610059053],[135.4756174680814,34.8602805052361],[135.47556525863394,34.860451534324646],[135.4754928707004,34.86061754075254],[135.47540100141626,34.86077692578715],[135.47529053553285,34.860928154463444],[135.47516253689707,34.86106977036661],[135.47501823820573,34.86120040965809],[135.4748590291341,34.86131881421008],[135.47468644295262,34.86142384372202],[135.47450214176052,34.861514486702305],[135.47430790047903,34.86158987020948],[135.4741055897579,34.86164926825916],[135.47389715795993,34.86169210881565],[135.4736846123973,34.861717979300984],[135.47347,34.861726630568235],[135.47325538760268,34.861717979300984],[135.47304284204006,34.86169210881565],[135.4728344102421,34.86164926825916],[135.47263209952095,34.86158987020948],[135.47243785823946,34.861514486702305],[135.47225355704737,34.86142384372202],[135.47208097086587,34.86131881421008],[135.47192176179425,34.86120040965809],[135.4717774631029,34.86106977036661],[135.47164946446713,34.860928154463444],[135.47153899858372,34.86077692578715],[135.47144712929958,34.86061754075254],[135.47137474136605,34.860451534324646],[135.4713225319186,34.8602805052361],[135.47129100376264,34.86010610059053],[135.47128046053166,34.85993],[135.47129100376264,34.85975389940947],[135.4713225319186,34.8595794947639],[135.47137474136605,34.85940846567535],[135.47144712929958,34.859242459247454],[135.47153899858372,34.85908307421285],[135.47164946446713,34.85893184553655],[135.4717774631029,34.858790229633385],[135.47192176179425,34.85865959034191],[135.47208097086587,34.85854118578992],[135.47225355704737,34.858436156277975],[135.47243785823946,34.85834551329769],[135.47263209952095,34.85827012979052],[135.4728344102421,34.85821073174084],[135.47304284204006,34.858167891184344],[135.47325538760268,34.85814202069901],[135.47347,34.85813336943176],[135.4736846123973,34.85814202069901],[135.47389715795993,34.858167891184344],[135.4741055897579,34.85821073174084],[135.47430790047903,34.85827012979052],[135.47450214176052,34.85834551329769],[135.47468644295262,34.858436156277975],[135.4748590291341,34.85854118578992],[135.47501823820573,34.85865959034191],[135.47516253689707,34.858790229633385],[135.47529053553285,34.85893184553655],[135.47540100141626,34.85908307421285],[135.4754928707004,34.859242459247454],[135.47556525863394,34.85940846567535],[135.4756174680814,34.8595794947639],[135.47564899623734,34.85975389940947],[135.47565953946832,34.85993]]]}},{"type":"Feature","properties":{"layer":"z17_default","buffer_m":500},"geometry":{"type":"Polygon","coordinates":[[[135.47487321195663,34.85036],[135.47484685694508,34.85080025147632],[135.47476804572358,34.85123626309026],[135.4746375372873,34.85166383581162],[135.4744565885038,34.852078851881366],[135.47422694200884,34.852477314467876],[135.47395080942363,34.852855386158616],[135.47363085005594,34.85320942591654],[135.4732701452894,34.85353602414522],[135.47287216890808,34.8538320355252],[135.4724407536421,34.854094609305065],[135.4719800542563,34.85432121675577],[135.4714945075376,34.8545096755237],[135.47098878956638,34.854658170647895],[135.4704677706831,34.85476527203913],[135.46993646858442,34.85482994825246],[135.4694,34.8548515764206],[135.4688635314156,34.85482994825246],[135.46833222931693,34.85476527203913],[135.46781121043364,34.854658170647895],[135.4673054924624,34.8545096755237],[135.4668199457437,34.85432121675577],[135.4663592463579,34.854094609305065],[135.46592783109193,34.8538320355252],[135.4655298547106,34.85353602414522],[135.46516914994407,34.85320942591654],[135.4648491905764,34.852855386158616],[135.46457305799117,34.852477314467876],[135.4643434114962,34.852078851881366],[135.46416246271272,34.85166383581162],[135.46403195427644,34.85123626309026],[135.46395314305494,34.85080025147632],[135.46392678804338,34.85036],[135.46395314305494,34.84991974852368],[135.46403195427644,34.84948373690975],[135.46416246271272,34.84905616418838],[135.4643434114962,34.84864114811864],[135.46457305799117,34.84824268553213],[135.4648491905764,34.84786461384139],[135.46516914994407,34.847510574083465],[135.4655298547106,34.84718397585478],[135.46592783109193,34.8468879644748],[135.4663592463579,34.84662539069494],[135.4668199457437,34.84639878324423],[135.4673054924624,34.8462103244763],[135.46781121043364,34.84606182935211],[135.46833222931693,34.84595472796087],[135.4688635314156,34.845890051747546],[135.4694,34.845868423579404],[135.46993646858442,34.845890051747546],[135.4704677706831,34.84595472796087],[135.47098878956638,34.84606182935211],[135.4714945075376,34.8462103244763],[135.4719800542563,34.84639878324423],[135.4724407536421,34.84662539069494],[135.47287216890808,34.8468879644748],[135.4732701452894,34.84718397585478],[135.47363085005594,34.847510574083465],[135.47395080942363,34.84786461384139],[135.47422694200884,34.84824268553213],[135.4744565885038,34.84864114811864],[135.4746375372873,34.84905616418838],[135.47476804572358,34.84948373690975],[135.47484685694508,34.84991974852368],[135.47487321195663,34.85036]]]}},{"type":"Feature","properties":{"layer":"z18_optional","buffer_m":200},"geometry":{"type":"Polygon","coordinates":[[[135.47158928478265,34.85036],[135.47157874277804,34.85053610059053],[135.47154721828943,34.8507105052361],[135.47149501491492,34.85088153432465],[135.47142263540152,34.851047540752546],[135.47133077680354,34.85120692578715],[135.47122032376944,34.85135815446345],[135.47109234002238,34.851499770366615],[135.47094805811577,34.85163040965809],[135.47078886756324,34.85174881421008],[135.47061630145686,34.851853843722026],[135.47043202170252,34.85194448670231],[135.47023780301507,34.85201987020948],[135.47003551582657,34.85207926825916],[135.46982710827325,34.85212210881566],[135.46961458743377,34.85214797930099],[135.4694,34.85215663056824],[135.46918541256625,34.85214797930099],[135.46897289172676,34.85212210881566],[135.46876448417345,34.85207926825916],[135.46856219698495,34.85201987020948],[135.4683679782975,34.85194448670231],[135.46818369854316,34.851853843722026],[135.46801113243677,34.85174881421008],[135.46785194188425,34.85163040965809],[135.46770765997763,34.851499770366615],[135.46757967623057,34.85135815446345],[135.46746922319647,34.85120692578715],[135.4673773645985,34.851047540752546],[135.4673049850851,34.85088153432465],[135.46725278171058,34.8507105052361],[135.46722125722198,34.85053610059053],[135.46721071521736,34.85036],[135.46722125722198,34.85018389940947],[135.46725278171058,34.8500094947639],[135.4673049850851,34.849838465675354],[135.4673773645985,34.84967245924746],[135.46746922319647,34.84951307421285],[135.46757967623057,34.849361845536556],[135.46770765997763,34.84922022963339],[135.46785194188425,34.84908959034191],[135.46801113243677,34.84897118578992],[135.46818369854316,34.84886615627798],[135.4683679782975,34.848775513297696],[135.46856219698495,34.84870012979052],[135.46876448417345,34.84864073174084],[135.46897289172676,34.84859789118435],[135.46918541256625,34.84857202069902],[135.4694,34.848563369431766],[135.46961458743377,34.84857202069902],[135.46982710827325,34.84859789118435],[135.47003551582657,34.84864073174084],[135.47023780301507,34.84870012979052],[135.47043202170252,34.848775513297696],[135.47061630145686,34.84886615627798],[135.47078886756324,34.84897118578992],[135.47094805811577,34.84908959034191],[135.47109234002238,34.84922022963339],[135.47122032376944,34.849361845536556],[135.47133077680354,34.84951307421285],[135.47142263540152,34.84967245924746],[135.47149501491492,34.849838465675354],[135.47154721828943,34.8500094947639],[135.47157874277804,34.85018389940947],[135.47158928478265,34.85036]]]}},{"type":"Feature","properties":{"layer":"z17_default","buffer_m":500},"geometry":{"type":"Polygon","coordinates":[[[135.47632290535,34.84575],[135.47629655181487,34.84619025147632],[135.47621774500834,34.84662626309026],[135.4760872438831,34.84705383581162],[135.47590630523624,34.84746885188137],[135.47567667160595,34.84786731446788],[135.47540055448954,34.84824538615862],[135.47508061304583,34.84859942591654],[135.4747199284858,34.84892602414522],[135.47432197439892,34.8492220355252],[135.4738905833006,34.849484609305065],[135.47342990972297,34.84971121675577],[135.47294439020436,34.8498996755237],[135.47243870056317,34.850048170647895],[135.4719177108671,34.85015527203913],[135.4713864385317,34.85021994825246],[135.47085,34.8502415764206],[135.47031356146832,34.85021994825246],[135.46978228913292,34.85015527203913],[135.46926129943685,34.850048170647895],[135.46875560979566,34.8498996755237],[135.46827009027706,34.84971121675577],[135.46780941669942,34.849484609305065],[135.4673780256011,34.8492220355252],[135.46698007151423,34.84892602414522],[135.4666193869542,34.84859942591654],[135.4662994455105,34.84824538615862],[135.46602332839407,34.84786731446788],[135.4657936947638,34.84746885188137],[135.46561275611694,34.84705383581162],[135.46548225499168,34.84662626309026],[135.46540344818516,34.84619025147632],[135.46537709465002,34.84575],[135.46540344818516,34.84530974852368],[135.46548225499168,34.84487373690975],[135.46561275611694,34.84444616418838],[135.4657936947638,34.84403114811864],[135.46602332839407,34.84363268553213],[135.4662994455105,34.84325461384139],[135.4666193869542,34.842900574083465],[135.46698007151423,34.84257397585478],[135.4673780256011,34.8422779644748],[135.46780941669942,34.84201539069494],[135.46827009027706,34.84178878324423],[135.46875560979566,34.8416003244763],[135.46926129943685,34.84145182935211],[135.46978228913292,34.84134472796087],[135.47031356146832,34.841280051747546],[135.47085,34.841258423579404],[135.4713864385317,34.841280051747546],[135.4719177108671,34.84134472796087],[135.47243870056317,34.84145182935211],[135.47294439020436,34.8416003244763],[135.47342990972297,34.84178878324423],[135.4738905833006,34.84201539069494],[135.47432197439892,34.8422779644748],[135.4747199284858,34.84257397585478],[135.47508061304583,34.842900574083465],[135.47540055448954,34.84325461384139],[135.47567667160595,34.84363268553213],[135.47590630523624,34.84403114811864],[135.4760872438831,34.84444616418838],[135.47621774500834,34.84487373690975],[135.47629655181487,34.84530974852368],[135.47632290535,34.84575]]]}},{"type":"Feature","properties":{"layer":"z18_optional","buffer_m":200},"geometry":{"type":"Polygon","coordinates":[[[135.47303916214003,34.84575],[135.47302862072596,34.84592610059053],[135.47299709800333,34.8461005052361],[135.47294489755325,34.84627153432465],[135.47287252209452,34.84643754075255],[135.47278066864237,34.84659692578715],[135.47267022179582,34.84674815446345],[135.47254224521834,34.846889770366616],[135.47239797139432,34.84702040965809],[135.4722387897596,34.84713881421008],[135.47206623332025,34.847243843722026],[135.4718819638892,34.84733448670231],[135.47168775608176,34.84740987020948],[135.47148548022528,34.84746926825916],[135.47127708434684,34.84751210881566],[135.4710645754127,34.84753797930099],[135.47085,34.84754663056824],[135.47063542458733,34.84753797930099],[135.4704229156532,34.84751210881566],[135.47021451977474,34.84746926825916],[135.47001224391826,34.84740987020948],[135.46981803611084,34.84733448670231],[135.46963376667978,34.847243843722026],[135.46946121024044,34.84713881421008],[135.4693020286057,34.84702040965809],[135.4691577547817,34.846889770366616],[135.4690297782042,34.84674815446345],[135.46891933135765,34.84659692578715],[135.4688274779055,34.84643754075255],[135.46875510244678,34.84627153432465],[135.4687029019967,34.8461005052361],[135.46867137927407,34.84592610059053],[135.46866083786,34.84575],[135.46867137927407,34.84557389940947],[135.4687029019967,34.8453994947639],[135.46875510244678,34.845228465675355],[135.4688274779055,34.84506245924746],[135.46891933135765,34.84490307421285],[135.4690297782042,34.84475184553656],[135.4691577547817,34.84461022963339],[135.4693020286057,34.84447959034191],[135.46946121024044,34.84436118578992],[135.46963376667978,34.84425615627798],[135.46981803611084,34.844165513297696],[135.47001224391826,34.84409012979052],[135.47021451977474,34.844030731740844],[135.4704229156532,34.84398789118435],[135.47063542458733,34.84396202069902],[135.47085,34.843953369431766],[135.4710645754127,34.84396202069902],[135.47127708434684,34.84398789118435],[135.47148548022528,34.844030731740844],[135.47168775608176,34.84409012979052],[135.4718819638892,34.844165513297696],[135.47206623332025,34.84425615627798],[135.4722387897596,34.84436118578992],[135.47239797139432,34.84447959034191],[135.47254224521834,34.84461022963339],[135.47267022179582,34.84475184553656],[135.47278066864237,34.84490307421285],[135.47287252209452,34.84506245924746],[135.47294489755325,34.845228465675355],[135.47299709800333,34.8453994947639],[135.47302862072596,34.84557389940947],[135.47303916214003,34.84575]]]}},{"type":"Feature","properties":{"layer":"z17_default","buffer_m":500},"geometry":{"type":"Polygon","coordinates":[[[135.46780309156696,34.84855],[135.46777673713513,34.84899025147632],[135.46769792764718,34.84942626309026],[135.46756742208157,34.84985383581162],[135.46738647727827,34.85026885188137],[135.46715683583463,34.85066731446788],[135.46688070932328,34.85104538615862],[135.4665607569935,34.85139942591654],[135.46620006016107,34.85172602414522],[135.4658020925337,34.8520220355252],[135.4653706867572,34.852284609305066],[135.46490999750503,34.85251121675577],[135.4644244614665,34.8526996755237],[135.4639187546191,34.852848170647896],[135.46339774719624,34.85295527203913],[135.46286645678416,34.85301994825246],[135.46233,34.8530415764206],[135.46179354321586,34.85301994825246],[135.46126225280378,34.85295527203913],[135.46074124538092,34.852848170647896],[135.4602355385335,34.8526996755237],[135.45975000249499,34.85251121675577],[135.4592893132428,34.852284609305066],[135.45885790746632,34.8520220355252],[135.45845993983895,34.85172602414522],[135.45809924300653,34.85139942591654],[135.45777929067674,34.85104538615862],[135.4575031641654,34.85066731446788],[135.45727352272175,34.85026885188137],[135.45709257791844,34.84985383581162],[135.45696207235284,34.84942626309026],[135.4568832628649,34.84899025147632],[135.45685690843305,34.84855],[135.4568832628649,34.84810974852368],[135.45696207235284,34.84767373690975],[135.45709257791844,34.847246164188384],[135.45727352272175,34.84683114811864],[135.4575031641654,34.84643268553213],[135.45777929067674,34.84605461384139],[135.45809924300653,34.845700574083466],[135.45845993983895,34.845373975854784],[135.45885790746632,34.845077964474804],[135.4592893132428,34.84481539069494],[135.45975000249499,34.844588783244234],[135.4602355385335,34.844400324476304],[135.46074124538092,34.84425182935211],[135.46126225280378,34.844144727960874],[135.46179354321586,34.84408005174755],[135.46233,34.844058423579405],[135.46286645678416,34.84408005174755],[135.46339774719624,34.844144727960874],[135.4639187546191,34.84425182935211],[135.4644244614665,34.844400324476304],[135.46490999750503,34.844588783244234],[135.4653706867572,34.84481539069494],[135.4658020925337,34.845077964474804],[135.46620006016107,34.845373975854784],[135.4665607569935,34.845700574083466],[135.46688070932328,34.84605461384139],[135.46715683583463,34.84643268553213],[135.46738647727827,34.84683114811864],[135.46756742208157,34.847246164188384],[135.46769792764718,34.84767373690975],[135.46777673713513,34.84810974852368],[135.46780309156696,34.84855]]]}},{"type":"Feature","properties":{"layer":"z18_optional","buffer_m":200},"geometry":{"type":"Polygon","coordinates":[[[135.46451923662678,34.84855],[135.46450869485406,34.84872610059053],[135.4644771710589,34.8489005052361],[135.46442496883265,34.84907153432465],[135.46435259091132,34.84923754075255],[135.46426073433386,34.849396925787154],[135.4641502837293,34.84954815446345],[135.4640223027974,34.849689770366616],[135.46387802406443,34.84982040965809],[135.4637188370135,34.849938814210084],[135.46354627470288,34.85004384372203],[135.46336199900202,34.85013448670231],[135.4631677845866,34.85020987020948],[135.46296550184763,34.85026926825916],[135.46275709887848,34.85031210881566],[135.46254458271366,34.85033797930099],[135.46233,34.85034663056824],[135.46211541728636,34.85033797930099],[135.46190290112153,34.85031210881566],[135.46169449815238,34.85026926825916],[135.46149221541341,34.85020987020948],[135.461298000998,34.85013448670231],[135.46111372529714,34.85004384372203],[135.46094116298653,34.849938814210084],[135.4607819759356,34.84982040965809],[135.46063769720263,34.849689770366616],[135.4605097162707,34.84954815446345],[135.46039926566615,34.849396925787154],[135.4603074090887,34.84923754075255],[135.46023503116737,34.84907153432465],[135.46018282894113,34.8489005052361],[135.46015130514596,34.84872610059053],[135.46014076337323,34.84855],[135.46015130514596,34.848373899409474],[135.46018282894113,34.848199494763904],[135.46023503116737,34.848028465675355],[135.4603074090887,34.84786245924746],[135.46039926566615,34.84770307421285],[135.4605097162707,34.84755184553656],[135.46063769720263,34.84741022963339],[135.4607819759356,34.84727959034191],[135.46094116298653,34.84716118578992],[135.46111372529714,34.84705615627798],[135.461298000998,34.8469655132977],[135.46149221541341,34.84689012979052],[135.46169449815238,34.846830731740845],[135.46190290112153,34.84678789118435],[135.46211541728636,34.84676202069902],[135.46233,34.84675336943177],[135.46254458271366,34.84676202069902],[135.46275709887848,34.84678789118435],[135.46296550184763,34.846830731740845],[135.4631677845866,34.84689012979052],[135.46336199900202,34.8469655132977],[135.46354627470288,34.84705615627798],[135.4637188370135,34.84716118578992],[135.46387802406443,34.84727959034191],[135.4640223027974,34.84741022963339],[135.4641502837293,34.84755184553656],[135.46426073433386,34.84770307421285],[135.46435259091132,34.84786245924746],[135.46442496883265,34.848028465675355],[135.4644771710589,34.848199494763904],[135.46450869485406,34.848373899409474],[135.46451923662678,34.84855]]]}},{"type":"Feature","properties":{"layer":"z17_default","buffer_m":500},"geometry":{"type":"Polygon","coordinates":[[[135.46512312615295,34.84907],[135.46509677155456,34.84951025147632],[135.4650179615686,34.84994626309025],[135.4648874551783,34.85037383581162],[135.46470650923158,34.85078885188136],[135.46447686633675,34.85118731446787],[135.46420073808048,34.85156538615861],[135.4638807837288,34.851919425916535],[135.46352008461704,34.85224602414522],[135.46312211447483,34.8525420355252],[135.46269070597214,34.85280460930506],[135.46223001380875,34.85303121675577],[135.461744474702,34.8532196755237],[135.4612387646589,34.85336817064789],[135.4607177539436,34.85347527203913],[135.46018646017419,34.853539948252454],[135.45965,34.853561576420596],[135.45911353982584,34.853539948252454],[135.4585822460564,34.85347527203913],[135.45806123534112,34.85336817064789],[135.45755552529803,34.8532196755237],[135.45706998619127,34.85303121675577],[135.45660929402788,34.85280460930506],[135.4561778855252,34.8525420355252],[135.45577991538298,34.85224602414522],[135.45541921627122,34.851919425916535],[135.45509926191954,34.85156538615861],[135.45482313366327,34.85118731446787],[135.45459349076845,34.85078885188136],[135.4544125448217,34.85037383581162],[135.45428203843142,34.84994626309025],[135.45420322844546,34.84951025147632],[135.45417687384708,34.84907],[135.45420322844546,34.84862974852368],[135.45428203843142,34.84819373690974],[135.4544125448217,34.84776616418838],[135.45459349076845,34.84735114811863],[135.45482313366327,34.84695268553212],[135.45509926191954,34.84657461384138],[135.45541921627122,34.84622057408346],[135.45577991538298,34.84589397585478],[135.4561778855252,34.8455979644748],[135.45660929402788,34.845335390694935],[135.45706998619127,34.84510878324423],[135.45755552529803,34.8449203244763],[135.45806123534112,34.844771829352105],[135.4585822460564,34.84466472796087],[135.45911353982584,34.84460005174754],[135.45965,34.8445784235794],[135.46018646017419,34.84460005174754],[135.4607177539436,34.84466472796087],[135.4612387646589,34.844771829352105],[135.461744474702,34.8449203244763],[135.46223001380875,34.84510878324423],[135.46269070597214,34.845335390694935],[135.46312211447483,34.8455979644748],[135.46352008461704,34.84589397585478],[135.4638807837288,34.84622057408346],[135.46420073808048,34.84657461384138],[135.46447686633675,34.84695268553212],[135.46470650923158,34.84735114811863],[135.4648874551783,34.84776616418838],[135.4650179615686,34.84819373690974],[135.46509677155456,34.84862974852368],[135.46512312615295,34.84907]]]}},{"type":"Feature","properties":{"layer":"z18_optional","buffer_m":200},"geometry":{"type":"Polygon","coordinates":[[[135.4618392504612,34.84907],[135.46182870862182,34.84924610059053],[135.46179718462744,34.8494205052361],[135.46174498207134,34.849591534324645],[135.46167260369262,34.84975754075254],[135.4615807465347,34.84991692578715],[135.4614702952322,34.85006815446344],[135.46134231349154,34.85020977036661],[135.4611980338468,34.85034040965809],[135.46103884578994,34.85045881421008],[135.46086628238888,34.85056384372202],[135.4606820055235,34.850654486702304],[135.4604877898808,34.85072987020948],[135.46028550586357,34.850789268259156],[135.46007710157747,34.85083210881565],[135.4598645840697,34.85085797930098],[135.45965,34.850866630568234],[135.45943541593033,34.85085797930098],[135.45922289842255,34.85083210881565],[135.45901449413645,34.850789268259156],[135.45881221011922,34.85072987020948],[135.45861799447653,34.850654486702304],[135.45843371761114,34.85056384372202],[135.45826115421008,34.85045881421008],[135.4581019661532,34.85034040965809],[135.45795768650848,34.85020977036661],[135.45782970476782,34.85006815446344],[135.4577192534653,34.84991692578715],[135.4576273963074,34.84975754075254],[135.45755501792868,34.849591534324645],[135.45750281537258,34.8494205052361],[135.4574712913782,34.84924610059053],[135.45746074953882,34.84907],[135.4574712913782,34.84889389940947],[135.45750281537258,34.8487194947639],[135.45755501792868,34.84854846567535],[135.4576273963074,34.84838245924745],[135.4577192534653,34.84822307421285],[135.45782970476782,34.84807184553655],[135.45795768650848,34.847930229633384],[135.4581019661532,34.84779959034191],[135.45826115421008,34.84768118578992],[135.45843371761114,34.847576156277974],[135.45861799447653,34.84748551329769],[135.45881221011922,34.84741012979052],[135.45901449413645,34.84735073174084],[135.45922289842255,34.84730789118434],[135.45943541593033,34.84728202069901],[135.45965,34.84727336943176],[135.4598645840697,34.84728202069901],[135.46007710157747,34.84730789118434],[135.46028550586357,34.84735073174084],[135.4604877898808,34.84741012979052],[135.4606820055235,34.84748551329769],[135.46086628238888,34.847576156277974],[135.46103884578994,34.84768118578992],[135.4611980338468,34.84779959034191],[135.46134231349154,34.847930229633384],[135.4614702952322,34.84807184553655],[135.4615807465347,34.84822307421285],[135.46167260369262,34.84838245924745],[135.46174498207134,34.84854846567535],[135.46179718462744,34.8487194947639],[135.46182870862182,34.84889389940947],[135.4618392504612,34.84907]]]}},{"type":"Feature","properties":{"layer":"z17_default","buffer_m":500},"geometry":{"type":"Polygon","coordinates":[[[135.4673632698273,34.85123],[135.4673369145371,34.85167025147632],[135.4672581024823,34.852106263090256],[135.4671275926661,34.85253383581162],[135.46694664196937,34.852948851881365],[135.46671699304622,34.853347314467875],[135.46644085754133,34.853725386158615],[135.46612089479058,34.85407942591654],[135.46576018621016,34.85440602414522],[135.46536220562086,34.8547020355252],[135.46493078579334,34.854964609305064],[135.46447008153638,34.85519121675577],[135.46398452968378,34.8553796755237],[135.46347880636534,34.855528170647894],[135.4629577819731,34.85563527203913],[135.46242647425674,34.85569994825246],[135.46189,34.8557215764206],[135.46135352574328,34.85569994825246],[135.46082221802692,34.85563527203913],[135.46030119363468,34.855528170647894],[135.45979547031624,34.8553796755237],[135.45930991846365,34.85519121675577],[135.45884921420668,34.854964609305064],[135.45841779437916,34.8547020355252],[135.45801981378986,34.85440602414522],[135.45765910520944,34.85407942591654],[135.4573391424587,34.853725386158615],[135.4570630069538,34.853347314467875],[135.45683335803065,34.852948851881365],[135.45665240733393,34.85253383581162],[135.45652189751772,34.852106263090256],[135.45644308546292,34.85167025147632],[135.45641673017272,34.85123],[135.45644308546292,34.85078974852368],[135.45652189751772,34.850353736909746],[135.45665240733393,34.84992616418838],[135.45683335803065,34.84951114811864],[135.4570630069538,34.84911268553213],[135.4573391424587,34.84873461384139],[135.45765910520944,34.848380574083464],[135.45801981378986,34.84805397585478],[135.45841779437916,34.8477579644748],[135.45884921420668,34.84749539069494],[135.45930991846365,34.84726878324423],[135.45979547031624,34.8470803244763],[135.46030119363468,34.84693182935211],[135.46082221802692,34.84682472796087],[135.46135352574328,34.846760051747545],[135.46189,34.8467384235794],[135.46242647425674,34.846760051747545],[135.4629577819731,34.84682472796087],[135.46347880636534,34.84693182935211],[135.46398452968378,34.8470803244763],[135.46447008153638,34.84726878324423],[135.46493078579334,34.84749539069494],[135.46536220562086,34.8477579644748],[135.46576018621016,34.84805397585478],[135.46612089479058,34.848380574083464],[135.46644085754133,34.84873461384139],[135.46671699304622,34.84911268553213],[135.46694664196937,34.84951114811864],[135.4671275926661,34.84992616418838],[135.4672581024823,34.850353736909746],[135.4673369145371,34.85078974852368],[135.4673632698273,34.85123]]]}},{"type":"Feature","properties":{"layer":"z18_optional","buffer_m":200},"geometry":{"type":"Polygon","coordinates":[[[135.46407930793092,34.85123],[135.46406876581486,34.85140610059053],[135.46403724099292,34.8515805052361],[135.46398503706644,34.85175153432465],[135.46391265678776,34.851917540752545],[135.4638207972185,34.85207692578715],[135.46371034301654,34.85222815446345],[135.46358235791624,34.852369770366614],[135.46343807448406,34.85250040965809],[135.46327888224835,34.85261881421008],[135.46310631431734,34.852723843722025],[135.46292203261456,34.85281448670231],[135.46272781187352,34.85288987020948],[135.46252552254614,34.85294926825916],[135.46231711278924,34.852992108815656],[135.4621045897027,34.853017979300986],[135.46189,34.85302663056824],[135.46167541029732,34.853017979300986],[135.46146288721079,34.852992108815656],[135.46125447745388,34.85294926825916],[135.4610521881265,34.85288987020948],[135.46085796738546,34.85281448670231],[135.46067368568268,34.852723843722025],[135.46050111775168,34.85261881421008],[135.46034192551596,34.85250040965809],[135.46019764208378,34.852369770366614],[135.46006965698348,34.85222815446345],[135.45995920278153,34.85207692578715],[135.45986734321227,34.851917540752545],[135.4597949629336,34.85175153432465],[135.4597427590071,34.8515805052361],[135.45971123418516,34.85140610059053],[135.4597006920691,34.85123],[135.45971123418516,34.85105389940947],[135.4597427590071,34.8508794947639],[135.4597949629336,34.85070846567535],[135.45986734321227,34.85054245924746],[135.45995920278153,34.85038307421285],[135.46006965698348,34.850231845536555],[135.46019764208378,34.85009022963339],[135.46034192551596,34.84995959034191],[135.46050111775168,34.84984118578992],[135.46067368568268,34.84973615627798],[135.46085796738546,34.849645513297695],[135.4610521881265,34.84957012979052],[135.46125447745388,34.84951073174084],[135.46146288721079,34.84946789118435],[135.46167541029732,34.849442020699016],[135.46189,34.849433369431765],[135.4621045897027,34.849442020699016],[135.46231711278924,34.84946789118435],[135.46252552254614,34.84951073174084],[135.46272781187352,34.84957012979052],[135.46292203261456,34.849645513297695],[135.46310631431734,34.84973615627798],[135.46327888224835,34.84984118578992],[135.46343807448406,34.84995959034191],[135.46358235791624,34.85009022963339],[135.46371034301654,34.850231845536555],[135.4638207972185,34.85038307421285],[135.46391265678776,34.85054245924746],[135.46398503706644,34.85070846567535],[135.46403724099292,34.8508794947639],[135.46406876581486,34.85105389940947],[135.46407930793092,34.85123]]]}},{"type":"Feature","properties":{"layer":"z17_default","buffer_m":500},"geometry":{"type":"Polygon","coordinates":[[[135.4741531301437,34.84913],[135.4741267755261,34.84957025147632],[135.47404796548267,34.85000626309026],[135.47391745899722,34.85043383581162],[135.47373651291852,34.850848851881366],[135.47350686985627,34.85124731446788],[135.47323074139865,34.85162538615862],[135.47291078681369,34.85197942591654],[135.47255008743892,34.85230602414522],[135.47215211700652,34.8526020355252],[135.47172070818928,34.852864609305065],[135.47126001568998,34.85309121675577],[135.47077447622917,34.8532796755237],[135.47026876581734,34.853428170647895],[135.46974775472216,34.85353527203913],[135.46921646056535,34.85359994825246],[135.46868,34.8536215764206],[135.46814353943466,34.85359994825246],[135.46761224527785,34.85353527203913],[135.46709123418267,34.853428170647895],[135.46658552377085,34.8532796755237],[135.46609998431003,34.85309121675577],[135.46563929181073,34.852864609305065],[135.4652078829935,34.8526020355252],[135.4648099125611,34.85230602414522],[135.46444921318633,34.85197942591654],[135.46412925860136,34.85162538615862],[135.46385313014375,34.85124731446788],[135.4636234870815,34.850848851881366],[135.4634425410028,34.85043383581162],[135.46331203451734,34.85000626309026],[135.46323322447392,34.84957025147632],[135.46320686985632,34.84913],[135.46323322447392,34.84868974852368],[135.46331203451734,34.84825373690975],[135.4634425410028,34.84782616418838],[135.4636234870815,34.84741114811864],[135.46385313014375,34.84701268553213],[135.46412925860136,34.84663461384139],[135.46444921318633,34.846280574083465],[135.4648099125611,34.84595397585478],[135.4652078829935,34.8456579644748],[135.46563929181073,34.84539539069494],[135.46609998431003,34.84516878324423],[135.46658552377085,34.8449803244763],[135.46709123418267,34.84483182935211],[135.46761224527785,34.84472472796087],[135.46814353943466,34.844660051747546],[135.46868,34.844638423579404],[135.46921646056535,34.844660051747546],[135.46974775472216,34.84472472796087],[135.47026876581734,34.84483182935211],[135.47077447622917,34.8449803244763],[135.47126001568998,34.84516878324423],[135.47172070818928,34.84539539069494],[135.47215211700652,34.8456579644748],[135.47255008743892,34.84595397585478],[135.47291078681369,34.846280574083465],[135.47323074139865,34.84663461384139],[135.47350686985627,34.84701268553213],[135.47373651291852,34.84741114811864],[135.47391745899722,34.84782616418838],[135.47404796548267,34.84825373690975],[135.4741267755261,34.84868974852368],[135.4741531301437,34.84913]]]}},{"type":"Feature","properties":{"layer":"z18_optional","buffer_m":200},"geometry":{"type":"Polygon","coordinates":[[[135.47086925205747,34.84913],[135.47085871021045,34.84930610059053],[135.47082718619308,34.8494805052361],[135.4707749835989,34.84965153432465],[135.47070260516742,34.84981754075255],[135.47061074794252,34.84997692578715],[135.47050029655946,34.85012815446345],[135.47037231472547,34.850269770366616],[135.47022803497558,34.85040040965809],[135.4700688468026,34.85051881421008],[135.46989628327572,34.850623843722026],[135.46971200627598,34.85071448670231],[135.46951779049166,34.85078987020948],[135.46931550632695,34.85084926825916],[135.46910710188888,34.85089210881566],[135.46889458422615,34.85091797930099],[135.46868,34.85092663056824],[135.46846541577386,34.85091797930099],[135.46825289811113,34.85089210881566],[135.46804449367306,34.85084926825916],[135.46784220950835,34.85078987020948],[135.46764799372403,34.85071448670231],[135.4674637167243,34.850623843722026],[135.4672911531974,34.85051881421008],[135.46713196502444,34.85040040965809],[135.46698768527455,34.850269770366616],[135.46685970344055,34.85012815446345],[135.4667492520575,34.84997692578715],[135.4666573948326,34.84981754075255],[135.46658501640113,34.84965153432465],[135.46653281380694,34.8494805052361],[135.46650128978956,34.84930610059053],[135.46649074794254,34.84913],[135.46650128978956,34.84895389940947],[135.46653281380694,34.8487794947639],[135.46658501640113,34.848608465675355],[135.4666573948326,34.84844245924746],[135.4667492520575,34.84828307421285],[135.46685970344055,34.84813184553656],[135.46698768527455,34.84799022963339],[135.46713196502444,34.84785959034191],[135.4672911531974,34.84774118578992],[135.4674637167243,34.84763615627798],[135.46764799372403,34.847545513297696],[135.46784220950835,34.84747012979052],[135.46804449367306,34.847410731740844],[135.46825289811113,34.84736789118435],[135.46846541577386,34.84734202069902],[135.46868,34.847333369431766],[135.46889458422615,34.84734202069902],[135.46910710188888,34.84736789118435],[135.46931550632695,34.847410731740844],[135.46951779049166,34.84747012979052],[135.46971200627598,34.847545513297696],[135.46989628327572,34.84763615627798],[135.4700688468026,34.84774118578992],[135.47022803497558,34.84785959034191],[135.47037231472547,34.84799022963339],[135.47050029655946,34.84813184553656],[135.47061074794252,34.84828307421285],[135.47070260516742,34.84844245924746],[135.4707749835989,34.848608465675355],[135.47082718619308,34.8487794947639],[135.47085871021045,34.84895389940947],[135.47086925205747,34.84913]]]}},{"type":"Feature","properties":{"layer":"z17_default","buffer_m":500},"geometry":{"type":"Polygon","coordinates":[[[135.47028348403697,34.85445],[135.47025712771526,34.85489025147632],[135.47017831257597,34.855326263090255],[135.47004779765194,34.85575383581162],[135.46986683987328,34.856168851881364],[135.46963718196227,34.856567314467874],[135.46936103565017,34.856945386158614],[135.4690410603769,34.85729942591654],[135.46868033767925,34.85762602414522],[135.46828234151403,34.8579220355252],[135.46785090480185,34.85818460930506],[135.4673901825141,34.85841121675577],[135.46690461165826,34.8585996755237],[135.46639886854712,34.85874817064789],[135.46587782376332,34.85885527203913],[135.46534649525293,34.858919948252456],[135.46481,34.8589415764206],[135.46427350474707,34.858919948252456],[135.46374217623668,34.85885527203913],[135.46322113145288,34.85874817064789],[135.46271538834173,34.8585996755237],[135.4622298174859,34.85841121675577],[135.46176909519815,34.85818460930506],[135.46133765848597,34.8579220355252],[135.46093966232075,34.85762602414522],[135.4605789396231,34.85729942591654],[135.46025896434983,34.856945386158614],[135.45998281803773,34.856567314467874],[135.45975316012672,34.856168851881364],[135.45957220234806,34.85575383581162],[135.45944168742403,34.855326263090255],[135.45936287228474,34.85489025147632],[135.45933651596303,34.85445],[135.45936287228474,34.85400974852368],[135.45944168742403,34.853573736909745],[135.45957220234806,34.85314616418838],[135.45975316012672,34.852731148118636],[135.45998281803773,34.852332685532126],[135.46025896434983,34.851954613841386],[135.4605789396231,34.85160057408346],[135.46093966232075,34.85127397585478],[135.46133765848597,34.8509779644748],[135.46176909519815,34.85071539069494],[135.4622298174859,34.85048878324423],[135.46271538834173,34.8503003244763],[135.46322113145288,34.85015182935211],[135.46374217623668,34.85004472796087],[135.46427350474707,34.84998005174754],[135.46481,34.8499584235794],[135.46534649525293,34.84998005174754],[135.46587782376332,34.85004472796087],[135.46639886854712,34.85015182935211],[135.46690461165826,34.8503003244763],[135.4673901825141,34.85048878324423],[135.46785090480185,34.85071539069494],[135.46828234151403,34.8509779644748],[135.46868033767925,34.85127397585478],[135.4690410603769,34.85160057408346],[135.46936103565017,34.851954613841386],[135.46963718196227,34.852332685532126],[135.46986683987328,34.852731148118636],[135.47004779765194,34.85314616418838],[135.47017831257597,34.853573736909745],[135.47025712771526,34.85400974852368],[135.47028348403697,34.85445]]]}},{"type":"Feature","properties":{"layer":"z18_optional","buffer_m":200},"geometry":{"type":"Polygon","coordinates":[[[135.4669993936148,34.85445],[135.4669888510861,34.85462610059053],[135.4669573250304,34.8548005052361],[135.46690511906078,34.85497153432465],[135.4668327359493,34.855137540752544],[135.4667408727849,34.85529692578715],[135.46663041426007,34.855448154463446],[135.46650242415075,34.85558977036661],[135.46635813507172,34.85572040965809],[135.46619893660562,34.85583881421008],[135.46602636192074,34.855943843722024],[135.46584207300563,34.856034486702306],[135.4656478446633,34.85610987020948],[135.46544554741885,34.85616926825916],[135.46523712950534,34.856212108815654],[135.46502459810117,34.856237979300985],[135.46481,34.856246630568236],[135.46459540189883,34.856237979300985],[135.46438287049466,34.856212108815654],[135.46417445258115,34.85616926825916],[135.4639721553367,34.85610987020948],[135.46377792699437,34.856034486702306],[135.46359363807926,34.855943843722024],[135.46342106339438,34.85583881421008],[135.46326186492828,34.85572040965809],[135.46311757584925,34.85558977036661],[135.46298958573993,34.855448154463446],[135.4628791272151,34.85529692578715],[135.4627872640507,34.855137540752544],[135.46271488093922,34.85497153432465],[135.4626626749696,34.8548005052361],[135.46263114891389,34.85462610059053],[135.4626206063852,34.85445],[135.46263114891389,34.85427389940947],[135.4626626749696,34.8540994947639],[135.46271488093922,34.85392846567535],[135.4627872640507,34.853762459247456],[135.4628791272151,34.85360307421285],[135.46298958573993,34.853451845536554],[135.46311757584925,34.85331022963339],[135.46326186492828,34.85317959034191],[135.46342106339438,34.85306118578992],[135.46359363807926,34.852956156277976],[135.46377792699437,34.852865513297694],[135.4639721553367,34.85279012979052],[135.46417445258115,34.85273073174084],[135.46438287049466,34.852687891184345],[135.46459540189883,34.852662020699015],[135.46481,34.85265336943176],[135.46502459810117,34.852662020699015],[135.46523712950534,34.852687891184345],[135.46544554741885,34.85273073174084],[135.4656478446633,34.85279012979052],[135.46584207300563,34.852865513297694],[135.46602636192074,34.852956156277976],[135.46619893660562,34.85306118578992],[135.46635813507172,34.85317959034191],[135.46650242415075,34.85331022963339],[135.46663041426007,34.853451845536554],[135.4667408727849,34.85360307421285],[135.4668327359493,34.853762459247456],[135.46690511906078,34.85392846567535],[135.4669573250304,34.8540994947639],[135.4669888510861,34.85427389940947],[135.4669993936148,34.85445]]]}},{"type":"Feature","properties":{"layer":"z17_default","buffer_m":500},"geometry":{"type":"Polygon","coordinates":[[[135.47075348004518,34.85439],[135.4707271237427,34.85483025147632],[135.47064830866088,34.85526626309026],[135.47051779383204,34.85569383581162],[135.47033683618534,34.856108851881366],[135.47010717844182,34.856507314467876],[135.46983103233111,34.856885386158616],[135.4695110572912,34.85723942591654],[135.46915033485664,34.85756602414522],[135.46875233898166,34.8578620355252],[135.46832090258414,34.858124609305065],[135.46786018063239,34.85835121675577],[135.46737461013066,34.8585396755237],[135.46686886738837,34.858688170647895],[135.46634782298457,34.85879527203913],[135.46581649486168,34.85885994825246],[135.46528,34.8588815764206],[135.46474350513833,34.85885994825246],[135.46421217701544,34.85879527203913],[135.46369113261164,34.858688170647895],[135.46318538986935,34.8585396755237],[135.46269981936763,34.85835121675577],[135.46223909741587,34.858124609305065],[135.46180766101836,34.8578620355252],[135.46140966514338,34.85756602414522],[135.46104894270883,34.85723942591654],[135.4607289676689,34.856885386158616],[135.4604528215582,34.856507314467876],[135.46022316381467,34.856108851881366],[135.46004220616797,34.85569383581162],[135.45991169133913,34.85526626309026],[135.4598328762573,34.85483025147632],[135.45980651995484,34.85439],[135.4598328762573,34.85394974852368],[135.45991169133913,34.85351373690975],[135.46004220616797,34.85308616418838],[135.46022316381467,34.85267114811864],[135.4604528215582,34.85227268553213],[135.4607289676689,34.85189461384139],[135.46104894270883,34.851540574083465],[135.46140966514338,34.85121397585478],[135.46180766101836,34.8509179644748],[135.46223909741587,34.85065539069494],[135.46269981936763,34.85042878324423],[135.46318538986935,34.8502403244763],[135.46369113261164,34.85009182935211],[135.46421217701544,34.84998472796087],[135.46474350513833,34.849920051747546],[135.46528,34.849898423579404],[135.46581649486168,34.849920051747546],[135.46634782298457,34.84998472796087],[135.46686886738837,34.85009182935211],[135.46737461013066,34.8502403244763],[135.46786018063239,34.85042878324423],[135.46832090258414,34.85065539069494],[135.46875233898166,34.8509179644748],[135.46915033485664,34.85121397585478],[135.4695110572912,34.851540574083465],[135.46983103233111,34.85189461384139],[135.47010717844182,34.85227268553213],[135.47033683618534,34.85267114811864],[135.47051779383204,34.85308616418838],[135.47064830866088,34.85351373690975],[135.4707271237427,34.85394974852368],[135.47075348004518,34.85439]]]}},{"type":"Feature","properties":{"layer":"z18_optional","buffer_m":200},"geometry":{"type":"Polygon","coordinates":[[[135.46746939201807,34.85439],[135.4674588494971,34.85456610059053],[135.46742732346436,34.8547405052361],[135.46737511753284,34.85491153432465],[135.46730273447415,34.855077540752546],[135.46721087137672,34.85523692578715],[135.46710041293244,34.85538815446345],[135.46697242291648,34.855529770366616],[135.46682813394267,34.85566040965809],[135.46666893559268,34.85577881421008],[135.46649636103365,34.855883843722026],[135.46631207225295,34.85597448670231],[135.46611784405226,34.85604987020948],[135.46591554695536,34.85610926825916],[135.46570712919385,34.85615210881566],[135.46549459794468,34.85617797930099],[135.46528,34.85618663056824],[135.46506540205533,34.85617797930099],[135.46485287080617,34.85615210881566],[135.46464445304466,34.85610926825916],[135.46444215594775,34.85604987020948],[135.46424792774707,34.85597448670231],[135.46406363896637,34.855883843722026],[135.46389106440733,34.85577881421008],[135.46373186605734,34.85566040965809],[135.46358757708353,34.855529770366616],[135.46345958706758,34.85538815446345],[135.4633491286233,34.85523692578715],[135.46325726552587,34.855077540752546],[135.46318488246717,34.85491153432465],[135.46313267653565,34.8547405052361],[135.46310115050292,34.85456610059053],[135.46309060798194,34.85439],[135.46310115050292,34.85421389940947],[135.46313267653565,34.8540394947639],[135.46318488246717,34.853868465675355],[135.46325726552587,34.85370245924746],[135.4633491286233,34.85354307421285],[135.46345958706758,34.85339184553656],[135.46358757708353,34.85325022963339],[135.46373186605734,34.85311959034191],[135.46389106440733,34.85300118578992],[135.46406363896637,34.85289615627798],[135.46424792774707,34.852805513297696],[135.46444215594775,34.85273012979052],[135.46464445304466,34.852670731740844],[135.46485287080617,34.85262789118435],[135.46506540205533,34.85260202069902],[135.46528,34.852593369431766],[135.46549459794468,34.85260202069902],[135.46570712919385,34.85262789118435],[135.46591554695536,34.852670731740844],[135.46611784405226,34.85273012979052],[135.46631207225295,34.852805513297696],[135.46649636103365,34.85289615627798],[135.46666893559268,34.85300118578992],[135.46682813394267,34.85311959034191],[135.46697242291648,34.85325022963339],[135.46710041293244,34.85339184553656],[135.46721087137672,34.85354307421285],[135.46730273447415,34.85370245924746],[135.46737511753284,34.853868465675355],[135.46742732346436,34.8540394947639],[135.4674588494971,34.85421389940947],[135.46746939201807,34.85439]]]}},{"type":"Feature","properties":{"layer":"z17_default","buffer_m":500},"geometry":{"type":"Polygon","coordinates":[[[135.46411370892721,34.85783],[135.46408735152264,34.85827025147632],[135.46400853314503,34.858706263090255],[135.46387801285852,34.85913383581162],[135.46369704764479,34.859548851881364],[135.46346738029777,34.859947314467874],[135.46319122263958,34.860325386158614],[135.46287123421942,34.86067942591654],[135.46251049670067,34.86100602414522],[135.4621124841829,34.8613020355252],[135.46168102974417,34.86156460930506],[135.46122028852662,34.86179121675577],[135.46073469772003,34.8619796755237],[135.4602289338293,34.86212817064789],[135.45970786763723,34.86223527203913],[135.45917651729604,34.862299948252456],[135.45864,34.8623215764206],[135.45810348270396,34.862299948252456],[135.45757213236277,34.86223527203913],[135.4570510661707,34.86212817064789],[135.45654530227998,34.8619796755237],[135.4560597114734,34.86179121675577],[135.45559897025583,34.86156460930506],[135.4551675158171,34.8613020355252],[135.45476950329933,34.86100602414522],[135.45440876578058,34.86067942591654],[135.45408877736043,34.860325386158614],[135.45381261970223,34.859947314467874],[135.45358295235522,34.859548851881364],[135.4534019871415,34.85913383581162],[135.45327146685497,34.858706263090255],[135.45319264847737,34.85827025147632],[135.4531662910728,34.85783],[135.45319264847737,34.85738974852368],[135.45327146685497,34.856953736909745],[135.4534019871415,34.85652616418838],[135.45358295235522,34.856111148118636],[135.45381261970223,34.855712685532126],[135.45408877736043,34.855334613841386],[135.45440876578058,34.85498057408346],[135.45476950329933,34.85465397585478],[135.4551675158171,34.8543579644748],[135.45559897025583,34.85409539069494],[135.4560597114734,34.85386878324423],[135.45654530227998,34.8536803244763],[135.4570510661707,34.85353182935211],[135.45757213236277,34.85342472796087],[135.45810348270396,34.85336005174754],[135.45864,34.8533384235794],[135.45917651729604,34.85336005174754],[135.45970786763723,34.85342472796087],[135.4602289338293,34.85353182935211],[135.46073469772003,34.8536803244763],[135.46122028852662,34.85386878324423],[135.46168102974417,34.85409539069494],[135.4621124841829,34.8543579644748],[135.46251049670067,34.85465397585478],[135.46287123421942,34.85498057408346],[135.46319122263958,34.855334613841386],[135.46346738029777,34.855712685532126],[135.46369704764479,34.856111148118636],[135.46387801285852,34.85652616418838],[135.46400853314503,34.856953736909745],[135.46408735152264,34.85738974852368],[135.46411370892721,34.85783]]]}},{"type":"Feature","properties":{"layer":"z18_optional","buffer_m":200},"geometry":{"type":"Polygon","coordinates":[[[135.4608294835709,34.85783],[135.46081894060904,34.85800610059053],[135.460787413258,34.8581805052361],[135.4607352051434,34.85835153432465],[135.46066281905792,34.858517540752544],[135.4605709521191,34.85867692578715],[135.46046048905583,34.858828154463446],[135.46033249368776,34.85896977036661],[135.46018819868027,34.85910040965809],[135.46002899367315,34.85921881421008],[135.45985641189768,34.859323843722024],[135.45967211541065,34.859414486702306],[135.459477879088,34.85948987020948],[135.45927557353173,34.85954926825916],[135.4590671470549,34.859592108815654],[135.4588546069184,34.859617979300985],[135.45864,34.859626630568236],[135.4584253930816,34.859617979300985],[135.4582128529451,34.859592108815654],[135.45800442646828,34.85954926825916],[135.457802120912,34.85948987020948],[135.45760788458935,34.859414486702306],[135.45742358810233,34.859323843722024],[135.45725100632686,34.85921881421008],[135.45709180131973,34.85910040965809],[135.45694750631225,34.85896977036661],[135.45681951094417,34.858828154463446],[135.4567090478809,34.85867692578715],[135.4566171809421,34.858517540752544],[135.4565447948566,34.85835153432465],[135.456492586742,34.8581805052361],[135.45646105939096,34.85800610059053],[135.4564505164291,34.85783],[135.45646105939096,34.85765389940947],[135.456492586742,34.8574794947639],[135.4565447948566,34.85730846567535],[135.4566171809421,34.857142459247456],[135.4567090478809,34.85698307421285],[135.45681951094417,34.856831845536554],[135.45694750631225,34.85669022963339],[135.45709180131973,34.85655959034191],[135.45725100632686,34.85644118578992],[135.45742358810233,34.856336156277976],[135.45760788458935,34.856245513297694],[135.457802120912,34.85617012979052],[135.45800442646828,34.85611073174084],[135.4582128529451,34.856067891184345],[135.4584253930816,34.856042020699014],[135.45864,34.85603336943176],[135.4588546069184,34.856042020699014],[135.4590671470549,34.856067891184345],[135.45927557353173,34.85611073174084],[135.459477879088,34.85617012979052],[135.45967211541065,34.856245513297694],[135.45985641189768,34.856336156277976],[135.46002899367315,34.85644118578992],[135.46018819868027,34.85655959034191],[135.46033249368776,34.85669022963339],[135.46046048905583,34.856831845536554],[135.4605709521191,34.85698307421285],[135.46066281905792,34.857142459247456],[135.4607352051434,34.85730846567535],[135.460787413258,34.8574794947639],[135.46081894060904,34.85765389940947],[135.4608294835709,34.85783]]]}},{"type":"Feature","properties":{"layer":"z17_default","buffer_m":500},"geometry":{"type":"Polygon","coordinates":[[[135.46578406297255,34.86315],[135.46575770386312,34.86359025147632],[135.46567888038746,34.86402626309025],[135.46554835165875,34.86445383581162],[135.46536737474,34.86486885188136],[135.46513769253787,34.86526731446787],[135.46486151701748,34.86564538615861],[135.46454150790012,34.865999425916534],[135.46418074704852,34.866326024145216],[135.46378270878685,34.8666220355252],[135.4633512264412,34.86688460930506],[135.46289045542244,34.86711121675577],[135.4624048332073,34.8672996755237],[135.46189903660326,34.86744817064789],[135.46137793670803,34.86755527203913],[135.46084655199854,34.867619948252454],[135.46031,34.867641576420596],[135.45977344800144,34.867619948252454],[135.45924206329195,34.86755527203913],[135.45872096339673,34.86744817064789],[135.45821516679268,34.8672996755237],[135.45772954457755,34.86711121675577],[135.45726877355878,34.86688460930506],[135.45683729121313,34.8666220355252],[135.45643925295147,34.866326024145216],[135.45607849209986,34.865999425916534],[135.4557584829825,34.86564538615861],[135.45548230746212,34.86526731446787],[135.45525262526,34.86486885188136],[135.45507164834123,34.86445383581162],[135.45494111961253,34.86402626309025],[135.45486229613687,34.86359025147632],[135.45483593702744,34.86315],[135.45486229613687,34.86270974852368],[135.45494111961253,34.86227373690974],[135.45507164834123,34.86184616418838],[135.45525262526,34.86143114811863],[135.45548230746212,34.86103268553212],[135.4557584829825,34.86065461384138],[135.45607849209986,34.86030057408346],[135.45643925295147,34.85997397585478],[135.45683729121313,34.8596779644748],[135.45726877355878,34.859415390694934],[135.45772954457755,34.85918878324423],[135.45821516679268,34.8590003244763],[135.45872096339673,34.858851829352105],[135.45924206329195,34.85874472796087],[135.45977344800144,34.85868005174754],[135.46031,34.8586584235794],[135.46084655199854,34.85868005174754],[135.46137793670803,34.85874472796087],[135.46189903660326,34.858851829352105],[135.4624048332073,34.8590003244763],[135.46289045542244,34.85918878324423],[135.4633512264412,34.859415390694934],[135.46378270878685,34.8596779644748],[135.46418074704852,34.85997397585478],[135.46454150790012,34.86030057408346],[135.46486151701748,34.86065461384138],[135.46513769253787,34.86103268553212],[135.46536737474,34.86143114811863],[135.46554835165875,34.86184616418838],[135.46567888038746,34.86227373690974],[135.46575770386312,34.86270974852368],[135.46578406297255,34.86315]]]}},{"type":"Feature","properties":{"layer":"z18_optional","buffer_m":200},"geometry":{"type":"Polygon","coordinates":[[[135.462499625189,34.86315],[135.46248908154524,34.86332610059053],[135.46245755215497,34.8635005052361],[135.4624053406635,34.863671534324645],[135.462332949896,34.86383754075254],[135.46224107701514,34.86399692578715],[135.462130606807,34.86414815446344],[135.46200260316004,34.86428977036661],[135.4618582988194,34.86442040965809],[135.46169908351473,34.86453881421008],[135.4615264905765,34.86464384372202],[135.46134218216898,34.864734486702304],[135.46114793328292,34.86480987020948],[135.4609456146413,34.864869268259156],[135.4607371746832,34.86491210881565],[135.46052462079942,34.86493797930098],[135.46031,34.864946630568234],[135.46009537920057,34.86493797930098],[135.45988282531678,34.86491210881565],[135.45967438535868,34.864869268259156],[135.45947206671707,34.86480987020948],[135.459277817831,34.864734486702304],[135.4590935094235,34.86464384372202],[135.45892091648525,34.86453881421008],[135.45876170118058,34.86442040965809],[135.45861739683994,34.86428977036661],[135.458489393193,34.86414815446344],[135.45837892298485,34.86399692578715],[135.458287050104,34.86383754075254],[135.45821465933648,34.863671534324645],[135.458162447845,34.8635005052361],[135.45813091845474,34.86332610059053],[135.458120374811,34.86315],[135.45813091845474,34.86297389940947],[135.458162447845,34.8627994947639],[135.45821465933648,34.86262846567535],[135.458287050104,34.86246245924745],[135.45837892298485,34.862303074212846],[135.458489393193,34.86215184553655],[135.45861739683994,34.862010229633384],[135.45876170118058,34.86187959034191],[135.45892091648525,34.861761185789916],[135.4590935094235,34.861656156277974],[135.459277817831,34.86156551329769],[135.45947206671707,34.86149012979052],[135.45967438535868,34.86143073174084],[135.45988282531678,34.86138789118434],[135.46009537920057,34.86136202069901],[135.46031,34.86135336943176],[135.46052462079942,34.86136202069901],[135.4607371746832,34.86138789118434],[135.4609456146413,34.86143073174084],[135.46114793328292,34.86149012979052],[135.46134218216898,34.86156551329769],[135.4615264905765,34.861656156277974],[135.46169908351473,34.861761185789916],[135.4618582988194,34.86187959034191],[135.46200260316004,34.862010229633384],[135.462130606807,34.86215184553655],[135.46224107701514,34.862303074212846],[135.462332949896,34.86246245924745],[135.4624053406635,34.86262846567535],[135.46245755215497,34.8627994947639],[135.46248908154524,34.86297389940947],[135.462499625189,34.86315]]]}},{"type":"Feature","properties":{"layer":"z17_default","buffer_m":500},"geometry":{"type":"Polygon","coordinates":[[[135.47974410091146,34.86372],[135.47971774161937,34.86416025147632],[135.4796389175974,34.864596263090256],[135.47950838796405,34.86502383581162],[135.479327409791,34.865438851881365],[135.479097725997,34.865837314467875],[135.47882154856256,34.866215386158615],[135.47850153722732,34.86656942591654],[135.4781407738754,34.86689602414522],[135.47774273285506,34.8671920355252],[135.47731124751897,34.867454609305064],[135.4768504733067,34.86768121675577],[135.4763648477259,34.8678696755237],[135.47585904761632,34.86801817064789],[135.47533794410955,34.86812527203913],[135.4748065557172,34.86818994825246],[135.47427,34.8682115764206],[135.47373344428277,34.86818994825246],[135.47320205589043,34.86812527203913],[135.47268095238366,34.86801817064789],[135.47217515227408,34.8678696755237],[135.47168952669327,34.86768121675577],[135.471228752481,34.867454609305064],[135.47079726714492,34.8671920355252],[135.47039922612458,34.86689602414522],[135.47003846277266,34.86656942591654],[135.46971845143742,34.866215386158615],[135.46944227400297,34.865837314467875],[135.46921259020897,34.865438851881365],[135.46903161203593,34.86502383581162],[135.46890108240257,34.864596263090256],[135.4688222583806,34.86416025147632],[135.46879589908852,34.86372],[135.4688222583806,34.86327974852368],[135.46890108240257,34.862843736909745],[135.46903161203593,34.86241616418838],[135.46921259020897,34.86200114811864],[135.46944227400297,34.86160268553213],[135.46971845143742,34.86122461384139],[135.47003846277266,34.860870574083464],[135.47039922612458,34.86054397585478],[135.47079726714492,34.8602479644748],[135.471228752481,34.85998539069494],[135.47168952669327,34.85975878324423],[135.47217515227408,34.8595703244763],[135.47268095238366,34.85942182935211],[135.47320205589043,34.85931472796087],[135.47373344428277,34.859250051747544],[135.47427,34.8592284235794],[135.4748065557172,34.859250051747544],[135.47533794410955,34.85931472796087],[135.47585904761632,34.85942182935211],[135.4763648477259,34.8595703244763],[135.4768504733067,34.85975878324423],[135.47731124751897,34.85998539069494],[135.47774273285506,34.8602479644748],[135.4781407738754,34.86054397585478],[135.47850153722732,34.860870574083464],[135.47882154856256,34.86122461384139],[135.479097725997,34.86160268553213],[135.479327409791,34.86200114811864],[135.47950838796405,34.86241616418838],[135.4796389175974,34.862843736909745],[135.47971774161937,34.86327974852368],[135.47974410091146,34.86372]]]}},{"type":"Feature","properties":{"layer":"z18_optional","buffer_m":200},"geometry":{"type":"Polygon","coordinates":[[[135.4764596403646,34.86372],[135.47644909664774,34.86389610059053],[135.47641756703896,34.8640705052361],[135.4763653551856,34.86424153432465],[135.4762929639164,34.864407540752545],[135.4762010903988,34.86456692578715],[135.476090619425,34.864718154463446],[135.47596261489093,34.864859770366614],[135.47581830955016,34.86499040965809],[135.475659093142,34.86510881421008],[135.4754864990076,34.865213843722024],[135.4753021893227,34.86530448670231],[135.47510793909035,34.86537987020948],[135.47490561904652,34.86543926825916],[135.4746971776438,34.865482108815655],[135.47448462228687,34.865507979300986],[135.47427,34.86551663056824],[135.4740553777131,34.865507979300986],[135.47384282235618,34.865482108815655],[135.47363438095346,34.86543926825916],[135.47343206090963,34.86537987020948],[135.4732378106773,34.86530448670231],[135.4730535009924,34.865213843722024],[135.47288090685797,34.86510881421008],[135.47272169044982,34.86499040965809],[135.47257738510905,34.864859770366614],[135.47244938057497,34.864718154463446],[135.47233890960118,34.86456692578715],[135.4722470360836,34.864407540752545],[135.47217464481437,34.86424153432465],[135.47212243296102,34.8640705052361],[135.47209090335224,34.86389610059053],[135.47208035963538,34.86372],[135.47209090335224,34.86354389940947],[135.47212243296102,34.8633694947639],[135.47217464481437,34.86319846567535],[135.4722470360836,34.86303245924746],[135.47233890960118,34.86287307421285],[135.47244938057497,34.862721845536555],[135.47257738510905,34.86258022963339],[135.47272169044982,34.86244959034191],[135.47288090685797,34.86233118578992],[135.4730535009924,34.86222615627798],[135.4732378106773,34.862135513297694],[135.47343206090963,34.86206012979052],[135.47363438095346,34.86200073174084],[135.47384282235618,34.861957891184346],[135.4740553777131,34.861932020699015],[135.47427,34.861923369431764],[135.47448462228687,34.861932020699015],[135.4746971776438,34.861957891184346],[135.47490561904652,34.86200073174084],[135.47510793909035,34.86206012979052],[135.4753021893227,34.862135513297694],[135.4754864990076,34.86222615627798],[135.475659093142,34.86233118578992],[135.47581830955016,34.86244959034191],[135.47596261489093,34.86258022963339],[135.476090619425,34.862721845536555],[135.4762010903988,34.86287307421285],[135.4762929639164,34.86303245924746],[135.4763653551856,34.86319846567535],[135.47641756703896,34.8633694947639],[135.47644909664774,34.86354389940947],[135.4764596403646,34.86372]]]}},{"type":"Feature","properties":{"layer":"z17_default","buffer_m":500},"geometry":{"type":"Polygon","coordinates":[[[135.48245413286088,34.8642],[135.48242777341494,34.86464025147632],[135.48234894893292,34.86507626309025],[135.48221841853774,34.865503835811616],[135.4820374393084,34.86591885188136],[135.4818077541739,34.86631731446787],[135.48153157512755,34.86669538615861],[135.48121156192457,34.867049425916534],[135.48085079646705,34.867376024145216],[135.48045275312356,34.867672035525196],[135.4800212652691,34.86793460930506],[135.47956048836758,34.868161216755766],[135.47907485995242,34.868349675523696],[135.47856905689076,34.86849817064789],[135.47804795034259,34.868605272039126],[135.4775165588488,34.86866994825245],[135.47698,34.868691576420595],[135.4764434411512,34.86866994825245],[135.4759120496574,34.868605272039126],[135.47539094310923,34.86849817064789],[135.47488514004758,34.868349675523696],[135.4743995116324,34.868161216755766],[135.4739387347309,34.86793460930506],[135.47350724687644,34.867672035525196],[135.47310920353294,34.867376024145216],[135.47274843807543,34.867049425916534],[135.47242842487245,34.86669538615861],[135.4721522458261,34.86631731446787],[135.47192256069158,34.86591885188136],[135.47174158146225,34.865503835811616],[135.47161105106707,34.86507626309025],[135.47153222658505,34.86464025147632],[135.47150586713911,34.8642],[135.47153222658505,34.86375974852368],[135.47161105106707,34.86332373690974],[135.47174158146225,34.86289616418838],[135.47192256069158,34.86248114811863],[135.4721522458261,34.86208268553212],[135.47242842487245,34.86170461384138],[135.47274843807543,34.86135057408346],[135.47310920353294,34.86102397585478],[135.47350724687644,34.8607279644748],[135.4739387347309,34.860465390694934],[135.4743995116324,34.86023878324423],[135.47488514004758,34.8600503244763],[135.47539094310923,34.859901829352104],[135.4759120496574,34.85979472796087],[135.4764434411512,34.85973005174754],[135.47698,34.8597084235794],[135.4775165588488,34.85973005174754],[135.47804795034259,34.85979472796087],[135.47856905689076,34.859901829352104],[135.47907485995242,34.8600503244763],[135.47956048836758,34.86023878324423],[135.4800212652691,34.860465390694934],[135.48045275312356,34.8607279644748],[135.48085079646705,34.86102397585478],[135.48121156192457,34.86135057408346],[135.48153157512755,34.86170461384138],[135.4818077541739,34.86208268553212],[135.4820374393084,34.86248114811863],[135.48221841853774,34.86289616418838],[135.48234894893292,34.86332373690974],[135.48242777341494,34.86375974852368],[135.48245413286088,34.8642]]]}},{"type":"Feature","properties":{"layer":"z18_optional","buffer_m":200},"geometry":{"type":"Polygon","coordinates":[[[135.47916965314437,34.8642],[135.47915910936598,34.864376100590526],[135.47912757957317,34.864550505236096],[135.4790753674151,34.864721534324644],[135.47900297572338,34.86488754075254],[135.47891110166955,34.86504692578715],[135.478800630051,34.86519815446344],[135.4786726247698,34.86533977036661],[135.47852831858683,34.86547040965809],[135.47836910124943,34.86558881421008],[135.47819650610765,34.86569384372202],[135.47801219534702,34.8657844867023],[135.47781794398097,34.865859870209476],[135.4776156227563,34.865919268259155],[135.47740718013702,34.86596210881565],[135.47719462353953,34.86598797930098],[135.47698,34.86599663056823],[135.47676537646046,34.86598797930098],[135.47655281986297,34.86596210881565],[135.4763443772437,34.865919268259155],[135.47614205601903,34.865859870209476],[135.47594780465298,34.8657844867023],[135.47576349389234,34.86569384372202],[135.47559089875057,34.86558881421008],[135.47543168141317,34.86547040965809],[135.47528737523018,34.86533977036661],[135.47515936994898,34.86519815446344],[135.47504889833044,34.86504692578715],[135.47495702427662,34.86488754075254],[135.4748846325849,34.864721534324644],[135.47483242042682,34.864550505236096],[135.47480089063401,34.864376100590526],[135.47479034685563,34.8642],[135.47480089063401,34.86402389940947],[135.47483242042682,34.8638494947639],[135.4748846325849,34.86367846567535],[135.47495702427662,34.86351245924745],[135.47504889833044,34.863353074212846],[135.47515936994898,34.86320184553655],[135.47528737523018,34.86306022963338],[135.47543168141317,34.862929590341906],[135.47559089875057,34.862811185789916],[135.47576349389234,34.86270615627797],[135.47594780465298,34.86261551329769],[135.47614205601903,34.86254012979052],[135.4763443772437,34.86248073174084],[135.47655281986297,34.86243789118434],[135.47676537646046,34.86241202069901],[135.47698,34.86240336943176],[135.47719462353953,34.86241202069901],[135.47740718013702,34.86243789118434],[135.4776156227563,34.86248073174084],[135.47781794398097,34.86254012979052],[135.47801219534702,34.86261551329769],[135.47819650610765,34.86270615627797],[135.47836910124943,34.862811185789916],[135.47852831858683,34.862929590341906],[135.4786726247698,34.86306022963338],[135.478800630051,34.86320184553655],[135.47891110166955,34.863353074212846],[135.47900297572338,34.86351245924745],[135.4790753674151,34.86367846567535],[135.47912757957317,34.8638494947639],[135.47915910936598,34.86402389940947],[135.47916965314437,34.8642]]]}},{"type":"Feature","properties":{"layer":"z17_default","buffer_m":500},"geometry":{"type":"Polygon","coordinates":[[[135.48386443841537,34.86879],[135.4838380774981,34.86923025147632],[135.48375924861628,34.86966626309025],[135.48362871093516,34.870093835811616],[135.48344772160397,34.87050885188136],[135.48321802364887,34.87090731446787],[135.4829418291868,34.87128538615861],[135.48262179812136,34.871639425916534],[135.4822610125267,34.871966024145216],[135.48186294696526,34.872262035525196],[135.48143143502608,34.87252460930506],[135.48097063240496,34.872751216755766],[135.48048497688305,34.872939675523696],[135.47997914558854,34.87308817064789],[135.4794580099533,34.873195272039126],[135.47892658879837,34.87325994825245],[135.47839,34.873281576420595],[135.4778534112016,34.87325994825245],[135.47732199004668,34.873195272039126],[135.47680085441144,34.87308817064789],[135.47629502311693,34.872939675523696],[135.47580936759502,34.872751216755766],[135.4753485649739,34.87252460930506],[135.47491705303472,34.872262035525196],[135.4745189874733,34.871966024145216],[135.47415820187862,34.871639425916534],[135.47383817081317,34.87128538615861],[135.4735619763511,34.87090731446787],[135.47333227839601,34.87050885188136],[135.47315128906482,34.870093835811616],[135.4730207513837,34.86966626309025],[135.4729419225019,34.86923025147632],[135.4729155615846,34.86879],[135.4729419225019,34.86834974852368],[135.4730207513837,34.86791373690974],[135.47315128906482,34.86748616418838],[135.47333227839601,34.86707114811863],[135.4735619763511,34.86667268553212],[135.47383817081317,34.86629461384138],[135.47415820187862,34.86594057408346],[135.4745189874733,34.86561397585478],[135.47491705303472,34.8653179644748],[135.4753485649739,34.865055390694934],[135.47580936759502,34.86482878324423],[135.47629502311693,34.8646403244763],[135.47680085441144,34.864491829352104],[135.47732199004668,34.86438472796087],[135.4778534112016,34.86432005174754],[135.47839,34.8642984235794],[135.47892658879837,34.86432005174754],[135.4794580099533,34.86438472796087],[135.47997914558854,34.864491829352104],[135.48048497688305,34.8646403244763],[135.48097063240496,34.86482878324423],[135.48143143502608,34.865055390694934],[135.48186294696526,34.8653179644748],[135.4822610125267,34.86561397585478],[135.48262179812136,34.86594057408346],[135.4829418291868,34.86629461384138],[135.48321802364887,34.86667268553212],[135.48344772160397,34.86707114811863],[135.48362871093516,34.86748616418838],[135.48375924861628,34.86791373690974],[135.4838380774981,34.86834974852368],[135.48386443841537,34.86879]]]}},{"type":"Feature","properties":{"layer":"z18_optional","buffer_m":200},"geometry":{"type":"Polygon","coordinates":[[[135.48057977536615,34.86879],[135.48056923099924,34.86896610059053],[135.4805376994465,34.869140505236096],[135.48048548437404,34.869311534324645],[135.48041308864157,34.86947754075254],[135.48032120945953,34.86963692578715],[135.4802107316747,34.86978815446344],[135.48008271924854,34.86992977036661],[135.47993840501067,34.87006040965809],[135.47977917878612,34.87017881421008],[135.47960657401043,34.87028384372202],[135.47942225296197,34.8703744867023],[135.47922799075323,34.87044987020948],[135.4790256582354,34.870509268259156],[135.47881720398132,34.87055210881565],[135.47860463551933,34.87057797930098],[135.47839,34.87058663056823],[135.47817536448065,34.87057797930098],[135.47796279601866,34.87055210881565],[135.47775434176458,34.870509268259156],[135.47755200924675,34.87044987020948],[135.477357747038,34.8703744867023],[135.47717342598955,34.87028384372202],[135.47700082121386,34.87017881421008],[135.4768415949893,34.87006040965809],[135.47669728075144,34.86992977036661],[135.47656926832528,34.86978815446344],[135.47645879054045,34.86963692578715],[135.4763669113584,34.86947754075254],[135.47629451562594,34.869311534324645],[135.47624230055348,34.869140505236096],[135.47621076900074,34.86896610059053],[135.47620022463383,34.86879],[135.47621076900074,34.86861389940947],[135.47624230055348,34.8684394947639],[135.47629451562594,34.86826846567535],[135.4763669113584,34.86810245924745],[135.47645879054045,34.867943074212846],[135.47656926832528,34.86779184553655],[135.47669728075144,34.867650229633384],[135.4768415949893,34.86751959034191],[135.47700082121386,34.867401185789916],[135.47717342598955,34.86729615627797],[135.477357747038,34.86720551329769],[135.47755200924675,34.86713012979052],[135.47775434176458,34.86707073174084],[135.47796279601866,34.86702789118434],[135.47817536448065,34.86700202069901],[135.47839,34.86699336943176],[135.47860463551933,34.86700202069901],[135.47881720398132,34.86702789118434],[135.4790256582354,34.86707073174084],[135.47922799075323,34.86713012979052],[135.47942225296197,34.86720551329769],[135.47960657401043,34.86729615627797],[135.47977917878612,34.867401185789916],[135.47993840501067,34.86751959034191],[135.48008271924854,34.867650229633384],[135.4802107316747,34.86779184553655],[135.48032120945953,34.867943074212846],[135.48041308864157,34.86810245924745],[135.48048548437404,34.86826846567535],[135.4805376994465,34.8684394947639],[135.48056923099924,34.86861389940947],[135.48057977536615,34.86879]]]}},{"type":"Feature","properties":{"layer":"z17_default","buffer_m":500},"geometry":{"type":"Polygon","coordinates":[[[135.49079442976037,34.86866],[135.49076806888476,34.86910025147632],[135.49068924012758,34.869536263090254],[135.49055870265283,34.86996383581162],[135.49037771360778,34.87037885188136],[135.49014801601587,34.87077731446787],[135.48987182199045,34.87115538615861],[135.48955179143098,34.871509425916535],[135.48919100640668,34.87183602414522],[135.4887929414746,34.8721320355252],[135.48836143021762,34.87239460930506],[135.48790062832504,34.87262121675577],[135.48741497357094,34.8728096755237],[135.48690914307613,34.87295817064789],[135.4863880082648,34.87306527203913],[135.48585658795005,34.873129948252455],[135.48532,34.8731515764206],[135.48478341204995,34.873129948252455],[135.4842519917352,34.87306527203913],[135.48373085692387,34.87295817064789],[135.48322502642907,34.8728096755237],[135.48273937167497,34.87262121675577],[135.48227856978238,34.87239460930506],[135.4818470585254,34.8721320355252],[135.48144899359332,34.87183602414522],[135.48108820856902,34.871509425916535],[135.48076817800955,34.87115538615861],[135.48049198398414,34.87077731446787],[135.48026228639222,34.87037885188136],[135.48008129734717,34.86996383581162],[135.47995075987242,34.869536263090254],[135.47987193111524,34.86910025147632],[135.47984557023963,34.86866],[135.47987193111524,34.86821974852368],[135.47995075987242,34.86778373690974],[135.48008129734717,34.86735616418838],[135.48026228639222,34.866941148118634],[135.48049198398414,34.866542685532124],[135.48076817800955,34.866164613841384],[135.48108820856902,34.86581057408346],[135.48144899359332,34.86548397585478],[135.4818470585254,34.8651879644748],[135.48227856978238,34.864925390694935],[135.48273937167497,34.86469878324423],[135.48322502642907,34.8645103244763],[135.48373085692387,34.864361829352106],[135.4842519917352,34.86425472796087],[135.48478341204995,34.86419005174754],[135.48532,34.8641684235794],[135.48585658795005,34.86419005174754],[135.4863880082648,34.86425472796087],[135.48690914307613,34.864361829352106],[135.48741497357094,34.8645103244763],[135.48790062832504,34.86469878324423],[135.48836143021762,34.864925390694935],[135.4887929414746,34.8651879644748],[135.48919100640668,34.86548397585478],[135.48955179143098,34.86581057408346],[135.48987182199045,34.866164613841384],[135.49014801601587,34.866542685532124],[135.49037771360778,34.866941148118634],[135.49055870265283,34.86735616418838],[135.49068924012758,34.86778373690974],[135.49076806888476,34.86821974852368],[135.49079442976037,34.86866]]]}},{"type":"Feature","properties":{"layer":"z18_optional","buffer_m":200},"geometry":{"type":"Polygon","coordinates":[[[135.48750977190414,34.86866],[135.4874992275539,34.86883610059053],[135.48746769605103,34.8690105052361],[135.48741548106113,34.869181534324646],[135.48734308544311,34.86934754075254],[135.48725120640634,34.86950692578715],[135.4871407287962,34.869658154463444],[135.4870127165724,34.86979977036661],[135.4868684025627,34.86993040965809],[135.48670917658984,34.87004881421008],[135.48653657208706,34.87015384372202],[135.48635225133,34.870244486702305],[135.4861579894284,34.87031987020948],[135.48595565723045,34.87037926825916],[135.48574720330592,34.87042210881565],[135.48553463518002,34.870447979300984],[135.48532,34.870456630568235],[135.48510536482,34.870447979300984],[135.48489279669408,34.87042210881565],[135.48468434276955,34.87037926825916],[135.4844820105716,34.87031987020948],[135.48428774867,34.870244486702305],[135.48410342791294,34.87015384372202],[135.48393082341016,34.87004881421008],[135.4837715974373,34.86993040965809],[135.4836272834276,34.86979977036661],[135.4834992712038,34.869658154463444],[135.48338879359366,34.86950692578715],[135.4832969145569,34.86934754075254],[135.48322451893887,34.869181534324646],[135.48317230394898,34.8690105052361],[135.4831407724461,34.86883610059053],[135.48313022809586,34.86866],[135.4831407724461,34.86848389940947],[135.48317230394898,34.8683094947639],[135.48322451893887,34.86813846567535],[135.4832969145569,34.867972459247454],[135.48338879359366,34.86781307421285],[135.4834992712038,34.86766184553655],[135.4836272834276,34.867520229633385],[135.4837715974373,34.86738959034191],[135.48393082341016,34.86727118578992],[135.48410342791294,34.867166156277975],[135.48428774867,34.86707551329769],[135.4844820105716,34.86700012979052],[135.48468434276955,34.86694073174084],[135.48489279669408,34.866897891184344],[135.48510536482,34.86687202069901],[135.48532,34.86686336943176],[135.48553463518002,34.86687202069901],[135.48574720330592,34.866897891184344],[135.48595565723045,34.86694073174084],[135.4861579894284,34.86700012979052],[135.48635225133,34.86707551329769],[135.48653657208706,34.867166156277975],[135.48670917658984,34.86727118578992],[135.4868684025627,34.86738959034191],[135.4870127165724,34.867520229633385],[135.4871407287962,34.86766184553655],[135.48725120640634,34.86781307421285],[135.48734308544311,34.867972459247454],[135.48741548106113,34.86813846567535],[135.48746769605103,34.8683094947639],[135.4874992275539,34.86848389940947],[135.48750977190414,34.86866]]]}},{"type":"Feature","properties":{"layer":"z17_default","buffer_m":500},"geometry":{"type":"Polygon","coordinates":[[[135.49728438781767,34.86803],[135.49725802714403,34.86847025147632],[135.4971791989908,34.86890626309025],[135.4970486625162,34.86933383581162],[135.49686767485778,34.86974885188136],[135.4966379790257,34.87014731446787],[135.49636178711637,34.87052538615861],[135.49604175900882,34.870879425916534],[135.49568097674873,34.871206024145216],[135.49528291486644,34.8715020355252],[135.4948514069155,34.87176460930506],[135.49439060855337,34.87199121675577],[135.49390495752016,34.8721796755237],[135.49339913090083,34.87232817064789],[135.4928780000822,34.87243527203913],[135.49234658383892,34.872499948252454],[135.49181,34.872521576420596],[135.49127341616105,34.872499948252454],[135.4907419999178,34.87243527203913],[135.49022086909915,34.87232817064789],[135.48971504247982,34.8721796755237],[135.4892293914466,34.87199121675577],[135.48876859308447,34.87176460930506],[135.48833708513354,34.8715020355252],[135.48793902325124,34.871206024145216],[135.48757824099116,34.870879425916534],[135.4872582128836,34.87052538615861],[135.48698202097427,34.87014731446787],[135.4867523251422,34.86974885188136],[135.48657133748378,34.86933383581162],[135.48644080100917,34.86890626309025],[135.48636197285595,34.86847025147632],[135.4863356121823,34.86803],[135.48636197285595,34.86758974852368],[135.48644080100917,34.86715373690974],[135.48657133748378,34.86672616418838],[135.4867523251422,34.86631114811863],[135.48698202097427,34.86591268553212],[135.4872582128836,34.86553461384138],[135.48757824099116,34.86518057408346],[135.48793902325124,34.86485397585478],[135.48833708513354,34.8645579644748],[135.48876859308447,34.864295390694934],[135.4892293914466,34.86406878324423],[135.48971504247982,34.8638803244763],[135.49022086909915,34.863731829352105],[135.4907419999178,34.86362472796087],[135.49127341616105,34.86356005174754],[135.49181,34.8635384235794],[135.49234658383892,34.86356005174754],[135.4928780000822,34.86362472796087],[135.49339913090083,34.863731829352105],[135.49390495752016,34.8638803244763],[135.49439060855337,34.86406878324423],[135.4948514069155,34.864295390694934],[135.49528291486644,34.8645579644748],[135.49568097674873,34.86485397585478],[135.49604175900882,34.86518057408346],[135.49636178711637,34.86553461384138],[135.4966379790257,34.86591268553212],[135.49686767485778,34.86631114811863],[135.4970486625162,34.86672616418838],[135.4971791989908,34.86715373690974],[135.49725802714403,34.86758974852368],[135.49728438781767,34.86803]]]}},{"type":"Feature","properties":{"layer":"z18_optional","buffer_m":200},"geometry":{"type":"Polygon","coordinates":[[[135.49399975512708,34.86803],[135.49398921085762,34.86820610059053],[135.49395767959632,34.8683805052361],[135.49390546500646,34.868551534324645],[135.4938330699431,34.86871754075254],[135.49374119161027,34.86887692578715],[135.49363071484655,34.86902815446344],[135.49350270360353,34.86916977036661],[135.49335839069948,34.86930040965809],[135.49319916594658,34.86941881421008],[135.4930265627662,34.86952384372202],[135.49284224342134,34.869614486702304],[135.49264798300806,34.86968987020948],[135.49244565236032,34.869749268259156],[135.49223720003286,34.86979210881565],[135.49202463353558,34.86981797930098],[135.49181,34.869826630568234],[135.4915953664644,34.86981797930098],[135.4913827999671,34.86979210881565],[135.49117434763966,34.869749268259156],[135.49097201699192,34.86968987020948],[135.49077775657864,34.869614486702304],[135.49059343723377,34.86952384372202],[135.4904208340534,34.86941881421008],[135.4902616093005,34.86930040965809],[135.49011729639645,34.86916977036661],[135.48998928515343,34.86902815446344],[135.4898788083897,34.86887692578715],[135.48978693005688,34.86871754075254],[135.4897145349935,34.868551534324645],[135.48966232040365,34.8683805052361],[135.48963078914235,34.86820610059053],[135.4896202448729,34.86803],[135.48963078914235,34.86785389940947],[135.48966232040365,34.8676794947639],[135.4897145349935,34.86750846567535],[135.48978693005688,34.86734245924745],[135.4898788083897,34.867183074212846],[135.48998928515343,34.86703184553655],[135.49011729639645,34.866890229633384],[135.4902616093005,34.86675959034191],[135.4904208340534,34.866641185789916],[135.49059343723377,34.866536156277974],[135.49077775657864,34.86644551329769],[135.49097201699192,34.86637012979052],[135.49117434763966,34.86631073174084],[135.4913827999671,34.86626789118434],[135.4915953664644,34.86624202069901],[135.49181,34.86623336943176],[135.49202463353558,34.86624202069901],[135.49223720003286,34.86626789118434],[135.49244565236032,34.86631073174084],[135.49264798300806,34.86637012979052],[135.49284224342134,34.86644551329769],[135.4930265627662,34.866536156277974],[135.49319916594658,34.866641185789916],[135.49335839069948,34.86675959034191],[135.49350270360353,34.866890229633384],[135.49363071484655,34.86703184553655],[135.49374119161027,34.867183074212846],[135.4938330699431,34.86734245924745],[135.49390546500646,34.86750846567535],[135.49395767959632,34.8676794947639],[135.49398921085762,34.86785389940947],[135.49399975512708,34.86803]]]}},{"type":"Feature","properties":{"layer":"z17_default","buffer_m":500},"geometry":{"type":"Polygon","coordinates":[[[135.48804424136142,34.86583],[135.488017881393,34.86627025147632],[135.48793905534868,34.86670626309026],[135.4878085223663,34.86713383581162],[135.48762753954986,34.86754885188137],[135.48739784986282,34.86794731446788],[135.48712166534244,34.86832538615862],[135.48680164579662,34.86867942591654],[135.4864408731885,34.86900602414522],[135.48604282195558,34.8693020355252],[135.48561132554877,34.869564609305066],[135.4851505395144,34.86979121675577],[135.4846649014738,34.8699796755237],[135.48415908838683,34.870128170647895],[135.48363797151,34.87023527203913],[135.48310656948374,34.87029994825246],[135.48257,34.8703215764206],[135.48203343051628,34.87029994825246],[135.48150202849,34.87023527203913],[135.4809809116132,34.870128170647895],[135.48047509852623,34.8699796755237],[135.47998946048563,34.86979121675577],[135.47952867445125,34.869564609305066],[135.47909717804444,34.8693020355252],[135.4786991268115,34.86900602414522],[135.4783383542034,34.86867942591654],[135.47801833465758,34.86832538615862],[135.4777421501372,34.86794731446788],[135.47751246045016,34.86754885188137],[135.47733147763373,34.86713383581162],[135.47720094465134,34.86670626309026],[135.477122118607,34.86627025147632],[135.4770957586386,34.86583],[135.477122118607,34.86538974852368],[135.47720094465134,34.86495373690975],[135.47733147763373,34.86452616418838],[135.47751246045016,34.86411114811864],[135.4777421501372,34.86371268553213],[135.47801833465758,34.86333461384139],[135.4783383542034,34.862980574083466],[135.4786991268115,34.86265397585478],[135.47909717804444,34.8623579644748],[135.47952867445125,34.86209539069494],[135.47998946048563,34.86186878324423],[135.48047509852623,34.8616803244763],[135.4809809116132,34.86153182935211],[135.48150202849,34.86142472796087],[135.48203343051628,34.861360051747546],[135.48257,34.861338423579404],[135.48310656948374,34.861360051747546],[135.48363797151,34.86142472796087],[135.48415908838683,34.86153182935211],[135.4846649014738,34.8616803244763],[135.4851505395144,34.86186878324423],[135.48561132554877,34.86209539069494],[135.48604282195558,34.8623579644748],[135.4864408731885,34.86265397585478],[135.48680164579662,34.862980574083466],[135.48712166534244,34.86333461384139],[135.48739784986282,34.86371268553213],[135.48762753954986,34.86411114811864],[135.4878085223663,34.86452616418838],[135.48793905534868,34.86495373690975],[135.488017881393,34.86538974852368],[135.48804424136142,34.86583]]]}},{"type":"Feature","properties":{"layer":"z18_optional","buffer_m":200},"geometry":{"type":"Polygon","coordinates":[[[135.4847596965446,34.86583],[135.4847491525572,34.86600610059053],[135.48471762213947,34.8661805052361],[135.4846654089465,34.86635153432465],[135.48459301581994,34.86651754075255],[135.48450113994514,34.866676925787154],[135.484390666137,34.86682815446345],[135.48426265831864,34.866969770366616],[135.4841183492754,34.86710040965809],[135.48395912878223,34.867218814210084],[135.4837865302195,34.867323843722026],[135.48360221580575,34.86741448670231],[135.48340796058952,34.86748987020948],[135.48320563535472,34.86754926825916],[135.482997188604,34.86759210881566],[135.4827846277935,34.86761797930099],[135.48257,34.86762663056824],[135.4823553722065,34.86761797930099],[135.48214281139602,34.86759210881566],[135.4819343646453,34.86754926825916],[135.4817320394105,34.86748987020948],[135.48153778419427,34.86741448670231],[135.48135346978052,34.867323843722026],[135.4811808712178,34.867218814210084],[135.4810216507246,34.86710040965809],[135.48087734168138,34.866969770366616],[135.48074933386303,34.86682815446345],[135.48063886005488,34.866676925787154],[135.48054698418008,34.86651754075255],[135.4804745910535,34.86635153432465],[135.48042237786055,34.8661805052361],[135.4803908474428,34.86600610059053],[135.48038030345543,34.86583],[135.4803908474428,34.86565389940947],[135.48042237786055,34.8654794947639],[135.4804745910535,34.865308465675355],[135.48054698418008,34.86514245924746],[135.48063886005488,34.86498307421285],[135.48074933386303,34.86483184553656],[135.48087734168138,34.86469022963339],[135.4810216507246,34.86455959034191],[135.4811808712178,34.86444118578992],[135.48135346978052,34.86433615627798],[135.48153778419427,34.864245513297696],[135.4817320394105,34.86417012979052],[135.4819343646453,34.864110731740844],[135.48214281139602,34.86406789118435],[135.4823553722065,34.86404202069902],[135.48257,34.864033369431766],[135.4827846277935,34.86404202069902],[135.482997188604,34.86406789118435],[135.48320563535472,34.864110731740844],[135.48340796058952,34.86417012979052],[135.48360221580575,34.864245513297696],[135.4837865302195,34.86433615627798],[135.48395912878223,34.86444118578992],[135.4841183492754,34.86455959034191],[135.48426265831864,34.86469022963339],[135.484390666137,34.86483184553656],[135.48450113994514,34.86498307421285],[135.48459301581994,34.86514245924746],[135.4846654089465,34.865308465675355],[135.48471762213947,34.8654794947639],[135.4847491525572,34.86565389940947],[135.4847596965446,34.86583]]]}},{"type":"Feature","properties":{"layer":"z17_default","buffer_m":500},"geometry":{"type":"Polygon","coordinates":[[[135.48983399708115,34.86216],[135.489807638289,34.86260025147632],[135.48972881576216,34.86303626309026],[135.4895982886046,34.86346383581162],[135.4894173138643,34.86387885188137],[135.48918763442683,34.86427731446788],[135.4889114622308,34.86465538615862],[135.4885914569654,34.86500942591654],[135.48823070045626,34.86533602414522],[135.4878326669858,34.8656320355252],[135.48740118983392,34.865894609305066],[135.48694042436145,34.86612121675577],[135.48645480799178,34.8663096755237],[135.485949017476,34.866458170647896],[135.48542792385328,34.86656527203913],[135.48489654554007,34.86662994825246],[135.48436,34.8666515764206],[135.48382345445995,34.86662994825246],[135.48329207614674,34.86656527203913],[135.48277098252402,34.866458170647896],[135.48226519200824,34.8663096755237],[135.48177957563857,34.86612121675577],[135.4813188101661,34.865894609305066],[135.4808873330142,34.8656320355252],[135.48048929954376,34.86533602414522],[135.48012854303462,34.86500942591654],[135.47980853776923,34.86465538615862],[135.4795323655732,34.86427731446788],[135.47930268613572,34.86387885188137],[135.4791217113954,34.86346383581162],[135.47899118423786,34.86303626309026],[135.47891236171102,34.86260025147632],[135.47888600291887,34.86216],[135.47891236171102,34.86171974852368],[135.47899118423786,34.86128373690975],[135.4791217113954,34.860856164188384],[135.47930268613572,34.86044114811864],[135.4795323655732,34.86004268553213],[135.47980853776923,34.85966461384139],[135.48012854303462,34.859310574083466],[135.48048929954376,34.858983975854784],[135.4808873330142,34.858687964474804],[135.4813188101661,34.85842539069494],[135.48177957563857,34.858198783244234],[135.48226519200824,34.858010324476304],[135.48277098252402,34.85786182935211],[135.48329207614674,34.857754727960874],[135.48382345445995,34.85769005174755],[135.48436,34.857668423579405],[135.48489654554007,34.85769005174755],[135.48542792385328,34.857754727960874],[135.485949017476,34.85786182935211],[135.48645480799178,34.858010324476304],[135.48694042436145,34.858198783244234],[135.48740118983392,34.85842539069494],[135.4878326669858,34.858687964474804],[135.48823070045626,34.858983975854784],[135.4885914569654,34.859310574083466],[135.4889114622308,34.85966461384139],[135.48918763442683,34.86004268553213],[135.4894173138643,34.86044114811864],[135.4895982886046,34.860856164188384],[135.48972881576216,34.86128373690975],[135.489807638289,34.86171974852368],[135.48983399708115,34.86216]]]}},{"type":"Feature","properties":{"layer":"z18_optional","buffer_m":200},"geometry":{"type":"Polygon","coordinates":[[[135.48654959883245,34.86216],[135.4865390553156,34.86233610059053],[135.48650752630488,34.8625105052361],[135.48645531544184,34.86268153432465],[135.4863829255457,34.86284754075255],[135.48629105377074,34.863006925787154],[135.48618058489234,34.86315815446345],[135.48605258278616,34.863299770366616],[135.4859082801825,34.86343040965809],[135.48574906679434,34.863548814210084],[135.48557647593358,34.86365384372203],[135.48539216974459,34.86374448670231],[135.48519792319672,34.86381987020948],[135.4849956069904,34.86387926825916],[135.4847871695413,34.86392210881566],[135.48457461821604,34.86394797930099],[135.48436,34.86395663056824],[135.48414538178397,34.86394797930099],[135.4839328304587,34.86392210881566],[135.48372439300962,34.86387926825916],[135.4835220768033,34.86381987020948],[135.48332783025543,34.86374448670231],[135.48314352406643,34.86365384372203],[135.48297093320568,34.863548814210084],[135.4828117198175,34.86343040965809],[135.48266741721386,34.863299770366616],[135.48253941510768,34.86315815446345],[135.48242894622928,34.863006925787154],[135.4823370744543,34.86284754075255],[135.48226468455817,34.86268153432465],[135.48221247369514,34.8625105052361],[135.48218094468442,34.86233610059053],[135.48217040116756,34.86216],[135.48218094468442,34.86198389940947],[135.48221247369514,34.861809494763904],[135.48226468455817,34.861638465675355],[135.4823370744543,34.86147245924746],[135.48242894622928,34.86131307421285],[135.48253941510768,34.86116184553656],[135.48266741721386,34.86102022963339],[135.4828117198175,34.86088959034191],[135.48297093320568,34.86077118578992],[135.48314352406643,34.86066615627798],[135.48332783025543,34.8605755132977],[135.4835220768033,34.86050012979052],[135.48372439300962,34.860440731740844],[135.4839328304587,34.86039789118435],[135.48414538178397,34.86037202069902],[135.48436,34.86036336943177],[135.48457461821604,34.86037202069902],[135.4847871695413,34.86039789118435],[135.4849956069904,34.860440731740844],[135.48519792319672,34.86050012979052],[135.48539216974459,34.8605755132977],[135.48557647593358,34.86066615627798],[135.48574906679434,34.86077118578992],[135.4859082801825,34.86088959034191],[135.48605258278616,34.86102022963339],[135.48618058489234,34.86116184553656],[135.48629105377074,34.86131307421285],[135.4863829255457,34.86147245924746],[135.48645531544184,34.861638465675355],[135.48650752630488,34.861809494763904],[135.4865390553156,34.86198389940947],[135.48654959883245,34.86216]]]}},{"type":"Feature","properties":{"layer":"z17_default","buffer_m":500},"geometry":{"type":"Polygon","coordinates":[[[135.49726444174425,34.86884],[135.49723808081094,34.86928025147632],[135.4971592518812,34.869716263090254],[135.4970287141207,34.87014383581162],[135.49684772467944,34.87055885188136],[135.49661802658468,34.87095731446787],[135.49634183195468,34.87133538615861],[135.49602180069462,34.871689425916536],[135.49566101488057,34.87201602414522],[135.4952629490771,34.8723120355252],[135.4948314368755,34.87257460930506],[135.4943706339742,34.87280121675577],[135.49388497815698,34.8729896755237],[135.49337914655487,34.87313817064789],[135.49285801060276,34.87324527203913],[135.49232658912467,34.873309948252455],[135.49179,34.8733315764206],[135.49125341087534,34.873309948252455],[135.49072198939726,34.87324527203913],[135.49020085344515,34.87313817064789],[135.48969502184303,34.8729896755237],[135.48920936602582,34.87280121675577],[135.48874856312452,34.87257460930506],[135.48831705092292,34.8723120355252],[135.48791898511945,34.87201602414522],[135.4875581993054,34.871689425916536],[135.48723816804534,34.87133538615861],[135.48696197341533,34.87095731446787],[135.48673227532058,34.87055885188136],[135.48655128587933,34.87014383581162],[135.48642074811883,34.869716263090254],[135.48634191918907,34.86928025147632],[135.48631555825577,34.86884],[135.48634191918907,34.86839974852368],[135.48642074811883,34.86796373690974],[135.48655128587933,34.86753616418838],[135.48673227532058,34.867121148118635],[135.48696197341533,34.866722685532125],[135.48723816804534,34.866344613841385],[135.4875581993054,34.86599057408346],[135.48791898511945,34.86566397585478],[135.48831705092292,34.8653679644748],[135.48874856312452,34.865105390694936],[135.48920936602582,34.86487878324423],[135.48969502184303,34.8646903244763],[135.49020085344515,34.864541829352106],[135.49072198939726,34.86443472796087],[135.49125341087534,34.86437005174754],[135.49179,34.8643484235794],[135.49232658912467,34.86437005174754],[135.49285801060276,34.86443472796087],[135.49337914655487,34.864541829352106],[135.49388497815698,34.8646903244763],[135.4943706339742,34.86487878324423],[135.4948314368755,34.865105390694936],[135.4952629490771,34.8653679644748],[135.49566101488057,34.86566397585478],[135.49602180069462,34.86599057408346],[135.49634183195468,34.866344613841385],[135.49661802658468,34.866722685532125],[135.49684772467944,34.867121148118635],[135.4970287141207,34.86753616418838],[135.4971592518812,34.86796373690974],[135.49723808081094,34.86839974852368],[135.49726444174425,34.86884]]]}},{"type":"Feature","properties":{"layer":"z18_optional","buffer_m":200},"geometry":{"type":"Polygon","coordinates":[[[135.4939797766977,34.86884],[135.4939692323244,34.86901610059053],[135.49393770075247,34.8691905052361],[135.4938854856483,34.869361534324646],[135.4938130898718,34.86952754075254],[135.49372121063388,34.86968692578715],[135.49361073278186,34.869838154463444],[135.49348272027785,34.86997977036661],[135.49333840595224,34.87011040965809],[135.49317917963086,34.87022881421008],[135.4930065747502,34.87033384372202],[135.49282225358968,34.870424486702305],[135.4926279912628,34.87049987020948],[135.49242565862195,34.87055926825916],[135.49221720424111,34.87060210881565],[135.4920046356499,34.870627979300984],[135.49179,34.870636630568235],[135.49157536435013,34.870627979300984],[135.4913627957589,34.87060210881565],[135.49115434137806,34.87055926825916],[135.49095200873722,34.87049987020948],[135.49075774641034,34.870424486702305],[135.4905734252498,34.87033384372202],[135.49040082036916,34.87022881421008],[135.49024159404777,34.87011040965809],[135.49009727972216,34.86997977036661],[135.48996926721816,34.869838154463444],[135.48985878936614,34.86968692578715],[135.48976691012822,34.86952754075254],[135.48969451435173,34.869361534324646],[135.48964229924755,34.8691905052361],[135.48961076767563,34.86901610059053],[135.48960022330232,34.86884],[135.48961076767563,34.86866389940947],[135.48964229924755,34.8684894947639],[135.48969451435173,34.86831846567535],[135.48976691012822,34.868152459247455],[135.48985878936614,34.86799307421285],[135.48996926721816,34.86784184553655],[135.49009727972216,34.867700229633385],[135.49024159404777,34.86756959034191],[135.49040082036916,34.86745118578992],[135.4905734252498,34.867346156277975],[135.49075774641034,34.86725551329769],[135.49095200873722,34.86718012979052],[135.49115434137806,34.86712073174084],[135.4913627957589,34.867077891184344],[135.49157536435013,34.86705202069901],[135.49179,34.86704336943176],[135.4920046356499,34.86705202069901],[135.49221720424111,34.867077891184344],[135.49242565862195,34.86712073174084],[135.4926279912628,34.86718012979052],[135.49282225358968,34.86725551329769],[135.4930065747502,34.867346156277975],[135.49317917963086,34.86745118578992],[135.49333840595224,34.86756959034191],[135.49348272027785,34.867700229633385],[135.49361073278186,34.86784184553655],[135.49372121063388,34.86799307421285],[135.4938130898718,34.868152459247455],[135.4938854856483,34.86831846567535],[135.49393770075247,34.8684894947639],[135.4939692323244,34.86866389940947],[135.4939797766977,34.86884]]]}},{"type":"Feature","properties":{"layer":"z17_default","buffer_m":500},"geometry":{"type":"Polygon","coordinates":[[[135.48535437916303,34.8679],[135.48532801853105,34.86834025147632],[135.48524919050246,34.868776263090254],[135.48511865423418,34.86920383581162],[135.48493766686192,34.86961885188136],[135.484707971393,34.87001731446787],[135.48443177992027,34.87039538615861],[135.48411175231868,34.870749425916536],[135.48375097062896,34.87107602414522],[135.48335290937598,34.8713720355252],[135.48292140210725,34.87163460930506],[135.4824606044736,34.87186121675577],[135.48197495420817,34.8720496755237],[135.4814691283885,34.87219817064789],[135.48094799839376,34.87230527203913],[135.48041658299064,34.872369948252455],[135.47988,34.8723915764206],[135.47934341700937,34.872369948252455],[135.47881200160626,34.87230527203913],[135.4782908716115,34.87219817064789],[135.47778504579185,34.8720496755237],[135.47729939552642,34.87186121675577],[135.47683859789277,34.87163460930506],[135.47640709062404,34.8713720355252],[135.47600902937106,34.87107602414522],[135.47564824768133,34.870749425916536],[135.47532822007975,34.87039538615861],[135.47505202860702,34.87001731446787],[135.4748223331381,34.86961885188136],[135.47464134576583,34.86920383581162],[135.47451080949756,34.868776263090254],[135.47443198146897,34.86834025147632],[135.474405620837,34.8679],[135.47443198146897,34.86745974852368],[135.47451080949756,34.86702373690974],[135.47464134576583,34.86659616418838],[135.4748223331381,34.866181148118635],[135.47505202860702,34.865782685532125],[135.47532822007975,34.865404613841385],[135.47564824768133,34.86505057408346],[135.47600902937106,34.86472397585478],[135.47640709062404,34.8644279644748],[135.47683859789277,34.864165390694936],[135.47729939552642,34.86393878324423],[135.47778504579185,34.8637503244763],[135.4782908716115,34.863601829352106],[135.47881200160626,34.86349472796087],[135.47934341700937,34.86343005174754],[135.47988,34.8634084235794],[135.48041658299064,34.86343005174754],[135.48094799839376,34.86349472796087],[135.4814691283885,34.863601829352106],[135.48197495420817,34.8637503244763],[135.4824606044736,34.86393878324423],[135.48292140210725,34.864165390694936],[135.48335290937598,34.8644279644748],[135.48375097062896,34.86472397585478],[135.48411175231868,34.86505057408346],[135.48443177992027,34.865404613841385],[135.484707971393,34.865782685532125],[135.48493766686192,34.866181148118635],[135.48511865423418,34.86659616418838],[135.48524919050246,34.86702373690974],[135.48532801853105,34.86745974852368],[135.48535437916303,34.8679]]]}},{"type":"Feature","properties":{"layer":"z18_optional","buffer_m":200},"geometry":{"type":"Polygon","coordinates":[[[135.48206975166522,34.8679],[135.48205920741242,34.86807610059053],[135.48202767620097,34.8682505052361],[135.48197546169368,34.868421534324646],[135.48190306674476,34.86858754075254],[135.4818111885572,34.86874692578715],[135.48170071196813,34.868898154463444],[135.48157270092747,34.86903977036661],[135.4814283882516,34.86917040965809],[135.4812691637504,34.86928881421008],[135.4810965608429,34.86939384372202],[135.48091224178944,34.869484486702305],[135.48071798168328,34.86955987020948],[135.4805156513554,34.86961926825916],[135.4803071993575,34.86966210881565],[135.48009463319627,34.869687979300984],[135.47988,34.869696630568235],[135.47966536680374,34.869687979300984],[135.47945280064252,34.86966210881565],[135.4792443486446,34.86961926825916],[135.47904201831673,34.86955987020948],[135.47884775821058,34.869484486702305],[135.47866343915712,34.86939384372202],[135.47849083624962,34.86928881421008],[135.47833161174842,34.86917040965809],[135.47818729907254,34.86903977036661],[135.4780592880319,34.868898154463444],[135.47794881144281,34.86874692578715],[135.47785693325525,34.86858754075254],[135.47778453830634,34.868421534324646],[135.47773232379905,34.8682505052361],[135.4777007925876,34.86807610059053],[135.4776902483348,34.8679],[135.4777007925876,34.86772389940947],[135.47773232379905,34.8675494947639],[135.47778453830634,34.86737846567535],[135.47785693325525,34.867212459247455],[135.47794881144281,34.86705307421285],[135.4780592880319,34.86690184553655],[135.47818729907254,34.866760229633385],[135.47833161174842,34.86662959034191],[135.47849083624962,34.86651118578992],[135.47866343915712,34.866406156277975],[135.47884775821058,34.86631551329769],[135.47904201831673,34.86624012979052],[135.4792443486446,34.86618073174084],[135.47945280064252,34.866137891184344],[135.47966536680374,34.86611202069901],[135.47988,34.86610336943176],[135.48009463319627,34.86611202069901],[135.4803071993575,34.866137891184344],[135.4805156513554,34.86618073174084],[135.48071798168328,34.86624012979052],[135.48091224178944,34.86631551329769],[135.4810965608429,34.866406156277975],[135.4812691637504,34.86651118578992],[135.4814283882516,34.86662959034191],[135.48157270092747,34.866760229633385],[135.48170071196813,34.86690184553655],[135.4818111885572,34.86705307421285],[135.48190306674476,34.867212459247455],[135.48197546169368,34.86737846567535],[135.48202767620097,34.8675494947639],[135.48205920741242,34.86772389940947],[135.48206975166522,34.8679]]]}},{"type":"Feature","properties":{"layer":"z17_default","buffer_m":500},"geometry":{"type":"Polygon","coordinates":[[[135.4913242952821,34.86664],[135.49129793505404,34.86708025147632],[135.49121910823328,34.86751626309025],[135.49108857396516,34.867943835811616],[135.49090758936606,34.86835885188136],[135.49067789741662,34.86875731446787],[135.49040171017583,34.86913538615861],[135.49008168747787,34.869489425916534],[135.4897209113162,34.869816024145216],[135.4893228561625,34.870112035525196],[135.4888913555055,34.87037460930506],[135.4884305649324,34.870601216755766],[135.48794492210834,34.870789675523696],[135.48743910403917,34.87093817064789],[135.4869179820294,34.871045272039126],[135.48638657476886,34.87110994825245],[135.48585,34.871131576420595],[135.48531342523114,34.87110994825245],[135.4847820179706,34.871045272039126],[135.48426089596083,34.87093817064789],[135.48375507789166,34.870789675523696],[135.4832694350676,34.870601216755766],[135.4828086444945,34.87037460930506],[135.4823771438375,34.870112035525196],[135.4819790886838,34.869816024145216],[135.48161831252213,34.869489425916534],[135.48129828982417,34.86913538615861],[135.48102210258338,34.86875731446787],[135.48079241063394,34.86835885188136],[135.48061142603484,34.867943835811616],[135.48048089176672,34.86751626309025],[135.48040206494596,34.86708025147632],[135.4803757047179,34.86664],[135.48040206494596,34.86619974852368],[135.48048089176672,34.86576373690974],[135.48061142603484,34.86533616418838],[135.48079241063394,34.86492114811863],[135.48102210258338,34.86452268553212],[135.48129828982417,34.86414461384138],[135.48161831252213,34.86379057408346],[135.4819790886838,34.86346397585478],[135.4823771438375,34.8631679644748],[135.4828086444945,34.862905390694934],[135.4832694350676,34.86267878324423],[135.48375507789166,34.8624903244763],[135.48426089596083,34.862341829352104],[135.4847820179706,34.86223472796087],[135.48531342523114,34.86217005174754],[135.48585,34.8621484235794],[135.48638657476886,34.86217005174754],[135.4869179820294,34.86223472796087],[135.48743910403917,34.862341829352104],[135.48794492210834,34.8624903244763],[135.4884305649324,34.86267878324423],[135.4888913555055,34.862905390694934],[135.4893228561625,34.8631679644748],[135.4897209113162,34.86346397585478],[135.49008168747787,34.86379057408346],[135.49040171017583,34.86414461384138],[135.49067789741662,34.86452268553212],[135.49090758936606,34.86492114811863],[135.49108857396516,34.86533616418838],[135.49121910823328,34.86576373690974],[135.49129793505404,34.86619974852368],[135.4913242952821,34.86664]]]}},{"type":"Feature","properties":{"layer":"z18_optional","buffer_m":200},"geometry":{"type":"Polygon","coordinates":[[[135.48803971811284,34.86664],[135.48802917402162,34.866816100590526],[135.4879976432933,34.866990505236096],[135.48794542958606,34.867161534324644],[135.48787303574642,34.86732754075254],[135.48778115896664,34.86748692578715],[135.48767068407034,34.86763815446344],[135.48754267499115,34.86777977036661],[135.48739836452648,34.86791040965809],[135.487239142465,34.86802881421008],[135.4870665422022,34.86813384372202],[135.48688222597298,34.8682244867023],[135.48668796884334,34.868299870209476],[135.48648564161567,34.868359268259155],[135.48627719281177,34.86840210881565],[135.48606462990756,34.86842797930098],[135.48585,34.86843663056823],[135.48563537009244,34.86842797930098],[135.48542280718823,34.86840210881565],[135.48521435838433,34.868359268259155],[135.48501203115666,34.868299870209476],[135.48481777402702,34.8682244867023],[135.4846334577978,34.86813384372202],[135.484460857535,34.86802881421008],[135.4843016354735,34.86791040965809],[135.48415732500885,34.86777977036661],[135.48402931592966,34.86763815446344],[135.48391884103336,34.86748692578715],[135.48382696425358,34.86732754075254],[135.48375457041394,34.867161534324644],[135.4837023567067,34.866990505236096],[135.48367082597838,34.866816100590526],[135.48366028188715,34.86664],[135.48367082597838,34.86646389940947],[135.4837023567067,34.8662894947639],[135.48375457041394,34.86611846567535],[135.48382696425358,34.86595245924745],[135.48391884103336,34.865793074212846],[135.48402931592966,34.86564184553655],[135.48415732500885,34.86550022963338],[135.4843016354735,34.865369590341906],[135.484460857535,34.865251185789916],[135.4846334577978,34.86514615627797],[135.48481777402702,34.86505551329769],[135.48501203115666,34.86498012979052],[135.48521435838433,34.86492073174084],[135.48542280718823,34.86487789118434],[135.48563537009244,34.86485202069901],[135.48585,34.86484336943176],[135.48606462990756,34.86485202069901],[135.48627719281177,34.86487789118434],[135.48648564161567,34.86492073174084],[135.48668796884334,34.86498012979052],[135.48688222597298,34.86505551329769],[135.4870665422022,34.86514615627797],[135.487239142465,34.865251185789916],[135.48739836452648,34.865369590341906],[135.48754267499115,34.86550022963338],[135.48767068407034,34.86564184553655],[135.48778115896664,34.865793074212846],[135.48787303574642,34.86595245924745],[135.48794542958606,34.86611846567535],[135.4879976432933,34.8662894947639],[135.48802917402162,34.86646389940947],[135.48803971811284,34.86664]]]}},{"type":"Feature","properties":{"layer":"z17_default","buffer_m":500},"geometry":{"type":"Polygon","coordinates":[[[135.48607389126227,34.86057],[135.48604753297968,34.86101025147632],[135.48596871197657,34.86144626309026],[135.48583818734227,34.86187383581162],[135.4856572161004,34.86228885188137],[135.48542754110292,34.86268731446788],[135.48515137424562,34.86306538615862],[135.4848313751663,34.86341942591654],[135.48447062563102,34.86374602414522],[135.48407259985504,34.8640420355252],[135.4836411310441,34.864304609305066],[135.4831803744788,34.86453121675577],[135.48269476749664,34.8647196755237],[135.4821889867584,34.864868170647895],[135.48166790320906,34.86497527203913],[135.48113653516802,34.86503994825246],[135.4806,34.8650615764206],[135.480063464832,34.86503994825246],[135.47953209679096,34.86497527203913],[135.47901101324163,34.864868170647895],[135.47850523250338,34.8647196755237],[135.47801962552123,34.86453121675577],[135.47755886895592,34.864304609305066],[135.47712740014498,34.8640420355252],[135.476729374369,34.86374602414522],[135.47636862483373,34.86341942591654],[135.4760486257544,34.86306538615862],[135.4757724588971,34.86268731446788],[135.4755427838996,34.86228885188137],[135.47536181265775,34.86187383581162],[135.47523128802345,34.86144626309026],[135.47515246702034,34.86101025147632],[135.47512610873775,34.86057],[135.47515246702034,34.86012974852368],[135.47523128802345,34.85969373690975],[135.47536181265775,34.859266164188384],[135.4755427838996,34.85885114811864],[135.4757724588971,34.85845268553213],[135.4760486257544,34.85807461384139],[135.47636862483373,34.857720574083466],[135.476729374369,34.857393975854784],[135.47712740014498,34.857097964474804],[135.47755886895592,34.85683539069494],[135.47801962552123,34.85660878324423],[135.47850523250338,34.856420324476304],[135.47901101324163,34.85627182935211],[135.47953209679096,34.85616472796087],[135.480063464832,34.856100051747546],[135.4806,34.856078423579405],[135.48113653516802,34.856100051747546],[135.48166790320906,34.85616472796087],[135.4821889867584,34.85627182935211],[135.48269476749664,34.856420324476304],[135.4831803744788,34.85660878324423],[135.4836411310441,34.85683539069494],[135.48407259985504,34.857097964474804],[135.48447062563102,34.857393975854784],[135.4848313751663,34.857720574083466],[135.48515137424562,34.85807461384139],[135.48542754110292,34.85845268553213],[135.4856572161004,34.85885114811864],[135.48583818734227,34.859266164188384],[135.48596871197657,34.85969373690975],[135.48604753297968,34.86012974852368],[135.48607389126227,34.86057]]]}},{"type":"Feature","properties":{"layer":"z18_optional","buffer_m":200},"geometry":{"type":"Polygon","coordinates":[[[135.4827895565049,34.86057],[135.48277901319187,34.86074610059053],[135.48274748479062,34.8609205052361],[135.48269527493693,34.86109153432465],[135.48262288644017,34.86125754075255],[135.4825310164412,34.861416925787154],[135.48242054969825,34.86156815446345],[135.48229255006652,34.861709770366616],[135.4821482502524,34.86184040965809],[135.48198903994202,34.861958814210084],[135.48181645241766,34.86206384372203],[135.48163214979152,34.86215448670231],[135.48143790699865,34.86222987020948],[135.48123559470338,34.86228926825916],[135.48102716128363,34.86233210881566],[135.4808146140672,34.86235797930099],[135.4806,34.86236663056824],[135.4803853859328,34.86235797930099],[135.48017283871638,34.86233210881566],[135.47996440529664,34.86228926825916],[135.47976209300137,34.86222987020948],[135.4795678502085,34.86215448670231],[135.47938354758236,34.86206384372203],[135.479210960058,34.861958814210084],[135.4790517497476,34.86184040965809],[135.4789074499335,34.861709770366616],[135.47877945030177,34.86156815446345],[135.47866898355883,34.861416925787154],[135.47857711355985,34.86125754075255],[135.4785047250631,34.86109153432465],[135.4784525152094,34.8609205052361],[135.47842098680815,34.86074610059053],[135.4784104434951,34.86057],[135.47842098680815,34.86039389940947],[135.4784525152094,34.8602194947639],[135.4785047250631,34.860048465675355],[135.47857711355985,34.85988245924746],[135.47866898355883,34.85972307421285],[135.47877945030177,34.85957184553656],[135.4789074499335,34.85943022963339],[135.4790517497476,34.85929959034191],[135.479210960058,34.85918118578992],[135.47938354758236,34.85907615627798],[135.4795678502085,34.8589855132977],[135.47976209300137,34.85891012979052],[135.47996440529664,34.858850731740844],[135.48017283871638,34.85880789118435],[135.4803853859328,34.85878202069902],[135.4806,34.858773369431766],[135.4808146140672,34.85878202069902],[135.48102716128363,34.85880789118435],[135.48123559470338,34.858850731740844],[135.48143790699865,34.85891012979052],[135.48163214979152,34.8589855132977],[135.48181645241766,34.85907615627798],[135.48198903994202,34.85918118578992],[135.4821482502524,34.85929959034191],[135.48229255006652,34.85943022963339],[135.48242054969825,34.85957184553656],[135.4825310164412,34.85972307421285],[135.48262288644017,34.85988245924746],[135.48269527493693,34.860048465675355],[135.48274748479062,34.8602194947639],[135.48277901319187,34.86039389940947],[135.4827895565049,34.86057]]]}},{"type":"Feature","properties":{"layer":"z17_default","buffer_m":500},"geometry":{"type":"Polygon","coordinates":[[[135.49174393385502,34.86121],[135.49171757536732,34.86165025147632],[135.4916387537509,34.862086263090255],[135.491508228101,34.86251383581162],[135.49132725545095,34.862928851881364],[135.49109757866637,34.863327314467874],[135.49082140966019,34.863705386158614],[135.49050140809095,34.86405942591654],[135.49014065574863,34.86438602414522],[135.48974262687557,34.8646820355252],[135.48931115470737,34.86494460930506],[135.48885039455683,34.86517121675577],[135.48836478379616,34.8653596755237],[135.4878589991224,34.86550817064789],[135.48733791151847,34.86561527203913],[135.4868065393428,34.865679948252456],[135.48627,34.8657015764206],[135.48573346065717,34.865679948252456],[135.48520208848151,34.86561527203913],[135.48468100087757,34.86550817064789],[135.48417521620382,34.8653596755237],[135.48368960544315,34.86517121675577],[135.48322884529262,34.86494460930506],[135.4827973731244,34.8646820355252],[135.48239934425135,34.86438602414522],[135.48203859190903,34.86405942591654],[135.4817185903398,34.863705386158614],[135.4814424213336,34.863327314467874],[135.48121274454903,34.862928851881364],[135.48103177189898,34.86251383581162],[135.4809012462491,34.862086263090255],[135.48082242463266,34.86165025147632],[135.48079606614496,34.86121],[135.48082242463266,34.86076974852368],[135.4809012462491,34.860333736909745],[135.48103177189898,34.85990616418838],[135.48121274454903,34.859491148118636],[135.4814424213336,34.859092685532126],[135.4817185903398,34.858714613841386],[135.48203859190903,34.85836057408346],[135.48239934425135,34.85803397585478],[135.4827973731244,34.8577379644748],[135.48322884529262,34.85747539069494],[135.48368960544315,34.85724878324423],[135.48417521620382,34.8570603244763],[135.48468100087757,34.85691182935211],[135.48520208848151,34.85680472796087],[135.48573346065717,34.85674005174754],[135.48627,34.8567184235794],[135.4868065393428,34.85674005174754],[135.48733791151847,34.85680472796087],[135.4878589991224,34.85691182935211],[135.48836478379616,34.8570603244763],[135.48885039455683,34.85724878324423],[135.48931115470737,34.85747539069494],[135.48974262687557,34.8577379644748],[135.49014065574863,34.85803397585478],[135.49050140809095,34.85836057408346],[135.49082140966019,34.858714613841386],[135.49109757866637,34.859092685532126],[135.49132725545095,34.859491148118636],[135.491508228101,34.85990616418838],[135.4916387537509,34.860333736909745],[135.49171757536732,34.86076974852368],[135.49174393385502,34.86121]]]}},{"type":"Feature","properties":{"layer":"z18_optional","buffer_m":200},"geometry":{"type":"Polygon","coordinates":[[[135.488459573542,34.86121],[135.4884490301469,34.86138610059053],[135.48841750150035,34.8615605052361],[135.4883652912404,34.86173153432465],[135.48829290218038,34.861897540752544],[135.48820103146653,34.86205692578715],[135.48809056386406,34.862208154463445],[135.48796256323638,34.86234977036661],[135.48781826229944,34.86248040965809],[135.4876590507502,34.86259881421008],[135.48748646188292,34.862703843722024],[135.48730215782274,34.862794486702306],[135.48710791351846,34.86286987020948],[135.48690559964896,34.86292926825916],[135.4866971646074,34.862972108815654],[135.4864846157371,34.862997979300985],[135.48627,34.863006630568236],[135.48605538426287,34.862997979300985],[135.4858428353926,34.862972108815654],[135.48563440035102,34.86292926825916],[135.48543208648152,34.86286987020948],[135.48523784217724,34.862794486702306],[135.48505353811706,34.862703843722024],[135.48488094924977,34.86259881421008],[135.48472173770054,34.86248040965809],[135.4845774367636,34.86234977036661],[135.48444943613592,34.862208154463445],[135.48433896853345,34.86205692578715],[135.4842470978196,34.861897540752544],[135.48417470875958,34.86173153432465],[135.48412249849963,34.8615605052361],[135.48409096985307,34.86138610059053],[135.48408042645798,34.86121],[135.48409096985307,34.86103389940947],[135.48412249849963,34.8608594947639],[135.48417470875958,34.86068846567535],[135.4842470978196,34.860522459247456],[135.48433896853345,34.86036307421285],[135.48444943613592,34.860211845536554],[135.4845774367636,34.860070229633386],[135.48472173770054,34.85993959034191],[135.48488094924977,34.85982118578992],[135.48505353811706,34.859716156277976],[135.48523784217724,34.85962551329769],[135.48543208648152,34.85955012979052],[135.48563440035102,34.85949073174084],[135.4858428353926,34.859447891184345],[135.48605538426287,34.859422020699014],[135.48627,34.85941336943176],[135.4864846157371,34.859422020699014],[135.4866971646074,34.859447891184345],[135.48690559964896,34.85949073174084],[135.48710791351846,34.85955012979052],[135.48730215782274,34.85962551329769],[135.48748646188292,34.859716156277976],[135.4876590507502,34.85982118578992],[135.48781826229944,34.85993959034191],[135.48796256323638,34.860070229633386],[135.48809056386406,34.860211845536554],[135.48820103146653,34.86036307421285],[135.48829290218038,34.860522459247456],[135.4883652912404,34.86068846567535],[135.48841750150035,34.8608594947639],[135.4884490301469,34.86103389940947],[135.488459573542,34.86121]]]}},{"type":"Feature","properties":{"layer":"z17_default","buffer_m":500},"geometry":{"type":"Polygon","coordinates":[[[135.491742665966,34.84215],[135.49171631358357,34.84259025147632],[135.49163751022402,34.84302626309025],[135.49150701480687,34.843453835811616],[135.49132608407427,34.84386885188136],[135.4910964604881,34.84426731446787],[135.49082035544902,34.84464538615861],[135.49050042799948,34.844999425916534],[135.49013975921574,34.845326024145216],[135.4897418225353,34.845622035525196],[135.48931045030596,34.84588460930506],[135.4888497968781,34.846111216755766],[135.48836429859605,34.846299675523696],[135.48785863107366,34.84644817064789],[135.48733766416558,34.846555272039126],[135.48680641506795,34.84661994825245],[135.48627,34.846641576420595],[135.48573358493204,34.84661994825245],[135.4852023358344,34.846555272039126],[135.48468136892632,34.84644817064789],[135.48417570140393,34.846299675523696],[135.48369020312188,34.846111216755766],[135.48322954969402,34.84588460930506],[135.48279817746467,34.845622035525196],[135.48240024078424,34.845326024145216],[135.4820395720005,34.844999425916534],[135.48171964455096,34.84464538615861],[135.48144353951187,34.84426731446787],[135.4812139159257,34.84386885188136],[135.4810329851931,34.843453835811616],[135.48090248977596,34.84302626309025],[135.48082368641641,34.84259025147632],[135.48079733403398,34.84215],[135.48082368641641,34.84170974852368],[135.48090248977596,34.84127373690974],[135.4810329851931,34.84084616418838],[135.4812139159257,34.84043114811863],[135.48144353951187,34.84003268553212],[135.48171964455096,34.83965461384138],[135.4820395720005,34.83930057408346],[135.48240024078424,34.83897397585478],[135.48279817746467,34.8386779644748],[135.48322954969402,34.838415390694934],[135.48369020312188,34.83818878324423],[135.48417570140393,34.8380003244763],[135.48468136892632,34.837851829352104],[135.4852023358344,34.83774472796087],[135.48573358493204,34.83768005174754],[135.48627,34.8376584235794],[135.48680641506795,34.83768005174754],[135.48733766416558,34.83774472796087],[135.48785863107366,34.837851829352104],[135.48836429859605,34.8380003244763],[135.4888497968781,34.83818878324423],[135.48931045030596,34.838415390694934],[135.4897418225353,34.8386779644748],[135.49013975921574,34.83897397585478],[135.49050042799948,34.83930057408346],[135.49082035544902,34.83965461384138],[135.4910964604881,34.84003268553212],[135.49132608407427,34.84043114811863],[135.49150701480687,34.84084616418838],[135.49163751022402,34.84127373690974],[135.49171631358357,34.84170974852368],[135.491742665966,34.84215]]]}},{"type":"Feature","properties":{"layer":"z18_optional","buffer_m":200},"geometry":{"type":"Polygon","coordinates":[[[135.4884590663864,34.84215],[135.48844852543343,34.842326100590526],[135.4884170040896,34.842500505236096],[135.48836480592274,34.842671534324644],[135.4882924336297,34.84283754075254],[135.48820058419523,34.84299692578715],[135.4880901421796,34.84314815446344],[135.4879621711998,34.84328977036661],[135.48781790368628,34.84342040965809],[135.48765872901413,34.84353881421008],[135.48748618012237,34.84364384372202],[135.48730191875123,34.8437344867023],[135.48710771943843,34.843809870209476],[135.48690545242945,34.843869268259155],[135.48669706566622,34.84391210881565],[135.48648456602717,34.84393797930098],[135.48627,34.84394663056823],[135.4860554339728,34.84393797930098],[135.48584293433376,34.84391210881565],[135.48563454757053,34.843869268259155],[135.48543228056155,34.843809870209476],[135.48523808124875,34.8437344867023],[135.4850538198776,34.84364384372202],[135.48488127098585,34.84353881421008],[135.4847220963137,34.84342040965809],[135.48457782880018,34.84328977036661],[135.48444985782038,34.84314815446344],[135.48433941580475,34.84299692578715],[135.48424756637027,34.84283754075254],[135.48417519407724,34.842671534324644],[135.48412299591038,34.842500505236096],[135.48409147456655,34.842326100590526],[135.48408093361357,34.84215],[135.48409147456655,34.84197389940947],[135.48412299591038,34.8417994947639],[135.48417519407724,34.84162846567535],[135.48424756637027,34.84146245924745],[135.48433941580475,34.841303074212846],[135.48444985782038,34.84115184553655],[135.48457782880018,34.84101022963338],[135.4847220963137,34.840879590341906],[135.48488127098585,34.840761185789916],[135.4850538198776,34.84065615627797],[135.48523808124875,34.84056551329769],[135.48543228056155,34.84049012979052],[135.48563454757053,34.84043073174084],[135.48584293433376,34.84038789118434],[135.4860554339728,34.84036202069901],[135.48627,34.84035336943176],[135.48648456602717,34.84036202069901],[135.48669706566622,34.84038789118434],[135.48690545242945,34.84043073174084],[135.48710771943843,34.84049012979052],[135.48730191875123,34.84056551329769],[135.48748618012237,34.84065615627797],[135.48765872901413,34.840761185789916],[135.48781790368628,34.840879590341906],[135.4879621711998,34.84101022963338],[135.4880901421796,34.84115184553655],[135.48820058419523,34.841303074212846],[135.4882924336297,34.84146245924745],[135.48836480592274,34.84162846567535],[135.4884170040896,34.8417994947639],[135.48844852543343,34.84197389940947],[135.4884590663864,34.84215]]]}},{"type":"Feature","properties":{"layer":"z17_default","buffer_m":500},"geometry":{"type":"Polygon","coordinates":[[[135.49124309888316,34.84866],[135.49121674441608,34.84910025147632],[135.49113793482277,34.84953626309026],[135.49100742908274,34.84996383581162],[135.49082648403754,34.850378851881366],[135.49059684228692,34.85077731446788],[135.49032071540645,34.85115538615862],[135.49000076264898,34.85150942591654],[135.48964006533438,34.85183602414522],[135.48924209717504,34.8521320355252],[135.48881069082185,34.852394609305065],[135.48835000095386,34.85262121675577],[135.48786446426627,34.8528096755237],[135.48735875674288,34.852958170647895],[135.48683774862354,34.85306527203913],[135.48630645750126,34.85312994825246],[135.48577,34.8531515764206],[135.48523354249875,34.85312994825246],[135.48470225137646,34.85306527203913],[135.48418124325713,34.852958170647895],[135.48367553573374,34.8528096755237],[135.48318999904615,34.85262121675577],[135.48272930917815,34.852394609305065],[135.48229790282497,34.8521320355252],[135.48189993466562,34.85183602414522],[135.48153923735103,34.85150942591654],[135.48121928459355,34.85115538615862],[135.48094315771309,34.85077731446788],[135.48071351596246,34.850378851881366],[135.48053257091726,34.84996383581162],[135.48040206517723,34.84953626309026],[135.48032325558393,34.84910025147632],[135.48029690111684,34.84866],[135.48032325558393,34.84821974852368],[135.48040206517723,34.84778373690975],[135.48053257091726,34.84735616418838],[135.48071351596246,34.84694114811864],[135.48094315771309,34.84654268553213],[135.48121928459355,34.84616461384139],[135.48153923735103,34.845810574083465],[135.48189993466562,34.84548397585478],[135.48229790282497,34.8451879644748],[135.48272930917815,34.84492539069494],[135.48318999904615,34.84469878324423],[135.48367553573374,34.8445103244763],[135.48418124325713,34.84436182935211],[135.48470225137646,34.84425472796087],[135.48523354249875,34.844190051747546],[135.48577,34.844168423579404],[135.48630645750126,34.844190051747546],[135.48683774862354,34.84425472796087],[135.48735875674288,34.84436182935211],[135.48786446426627,34.8445103244763],[135.48835000095386,34.84469878324423],[135.48881069082185,34.84492539069494],[135.48924209717504,34.8451879644748],[135.48964006533438,34.84548397585478],[135.49000076264898,34.845810574083465],[135.49032071540645,34.84616461384139],[135.49059684228692,34.84654268553213],[135.49082648403754,34.84694114811864],[135.49100742908274,34.84735616418838],[135.49113793482277,34.84778373690975],[135.49121674441608,34.84821974852368],[135.49124309888316,34.84866]]]}},{"type":"Feature","properties":{"layer":"z18_optional","buffer_m":200},"geometry":{"type":"Polygon","coordinates":[[[135.48795923955325,34.84866],[135.48794869776643,34.84883610059053],[135.4879171739291,34.8490105052361],[135.4878649716331,34.84918153432465],[135.487792593615,34.84934754075255],[135.48770073691477,34.84950692578715],[135.4875902861626,34.84965815446345],[135.48746230505958,34.849799770366616],[135.48731802613375,34.84993040965809],[135.48715883887002,34.85004881421008],[135.48698627632874,34.850153843722026],[135.48680200038154,34.85024448670231],[135.48660778570652,34.85031987020948],[135.48640550269715,34.85037926825916],[135.4861970994494,34.85042210881566],[135.48598458300052,34.85044797930099],[135.48577,34.85045663056824],[135.4855554169995,34.85044797930099],[135.4853429005506,34.85042210881566],[135.48513449730285,34.85037926825916],[135.48493221429348,34.85031987020948],[135.48473799961846,34.85024448670231],[135.48455372367127,34.850153843722026],[135.48438116113,34.85004881421008],[135.48422197386625,34.84993040965809],[135.48407769494042,34.849799770366616],[135.4839497138374,34.84965815446345],[135.48383926308523,34.84950692578715],[135.483747406385,34.84934754075255],[135.48367502836692,34.84918153432465],[135.4836228260709,34.8490105052361],[135.48359130223358,34.84883610059053],[135.48358076044676,34.84866],[135.48359130223358,34.84848389940947],[135.4836228260709,34.8483094947639],[135.48367502836692,34.848138465675355],[135.483747406385,34.84797245924746],[135.48383926308523,34.84781307421285],[135.4839497138374,34.84766184553656],[135.48407769494042,34.84752022963339],[135.48422197386625,34.84738959034191],[135.48438116113,34.84727118578992],[135.48455372367127,34.84716615627798],[135.48473799961846,34.847075513297696],[135.48493221429348,34.84700012979052],[135.48513449730285,34.846940731740844],[135.4853429005506,34.84689789118435],[135.4855554169995,34.84687202069902],[135.48577,34.846863369431766],[135.48598458300052,34.84687202069902],[135.4861970994494,34.84689789118435],[135.48640550269715,34.846940731740844],[135.48660778570652,34.84700012979052],[135.48680200038154,34.847075513297696],[135.48698627632874,34.84716615627798],[135.48715883887002,34.84727118578992],[135.48731802613375,34.84738959034191],[135.48746230505958,34.84752022963339],[135.4875902861626,34.84766184553656],[135.48770073691477,34.84781307421285],[135.487792593615,34.84797245924746],[135.4878649716331,34.848138465675355],[135.4879171739291,34.8483094947639],[135.48794869776643,34.84848389940947],[135.48795923955325,34.84866]]]}},{"type":"Feature","properties":{"layer":"z17_default","buffer_m":500},"geometry":{"type":"Polygon","coordinates":[[[135.4988134720616,34.85427],[135.49878711579757,34.85471025147632],[135.4987083008307,34.855146263090255],[135.49857778619224,34.85557383581162],[135.4983968288095,34.855988851881364],[135.49816717140095,34.856387314467874],[135.497891025693,34.856765386158614],[135.4975710511198,34.85711942591654],[135.49721032921138,34.85744602414522],[135.49681233391692,34.8577420355252],[135.4963808981487,34.85800460930506],[135.49592017686894,34.85823121675577],[135.49543460707548,34.8584196755237],[135.49492886507085,34.85856817064789],[135.49440782142705,34.85867527203913],[135.49387649407913,34.858739948252456],[135.49334,34.8587615764206],[135.49280350592085,34.858739948252456],[135.49227217857293,34.85867527203913],[135.49175113492913,34.85856817064789],[135.4912453929245,34.8584196755237],[135.49075982313104,34.85823121675577],[135.4902991018513,34.85800460930506],[135.48986766608306,34.8577420355252],[135.4894696707886,34.85744602414522],[135.4891089488802,34.85711942591654],[135.48878897430697,34.856765386158614],[135.48851282859903,34.856387314467874],[135.4882831711905,34.855988851881364],[135.48810221380774,34.85557383581162],[135.48797169916926,34.855146263090255],[135.4878928842024,34.85471025147632],[135.48786652793837,34.85427],[135.4878928842024,34.85382974852368],[135.48797169916926,34.853393736909744],[135.48810221380774,34.85296616418838],[135.4882831711905,34.852551148118636],[135.48851282859903,34.852152685532126],[135.48878897430697,34.851774613841386],[135.4891089488802,34.85142057408346],[135.4894696707886,34.85109397585478],[135.48986766608306,34.8507979644748],[135.4902991018513,34.85053539069494],[135.49075982313104,34.85030878324423],[135.4912453929245,34.8501203244763],[135.49175113492913,34.84997182935211],[135.49227217857293,34.84986472796087],[135.49280350592085,34.84980005174754],[135.49334,34.8497784235794],[135.49387649407913,34.84980005174754],[135.49440782142705,34.84986472796087],[135.49492886507085,34.84997182935211],[135.49543460707548,34.8501203244763],[135.49592017686894,34.85030878324423],[135.4963808981487,34.85053539069494],[135.49681233391692,34.8507979644748],[135.49721032921138,34.85109397585478],[135.4975710511198,34.85142057408346],[135.497891025693,34.851774613841386],[135.49816717140095,34.852152685532126],[135.4983968288095,34.852551148118636],[135.49857778619224,34.85296616418838],[135.4987083008307,34.853393736909744],[135.49878711579757,34.85382974852368],[135.4988134720616,34.85427]]]}},{"type":"Feature","properties":{"layer":"z18_optional","buffer_m":200},"geometry":{"type":"Polygon","coordinates":[[[135.49552938882462,34.85427],[135.49551884631902,34.85444610059053],[135.49548732033227,34.8546205052361],[135.4954351144769,34.85479153432465],[135.49536273152378,34.854957540752544],[135.49527086856037,34.85511692578715],[135.4951604102772,34.855268154463445],[135.49503242044793,34.85540977036661],[135.49488813168455,34.85554040965809],[135.49472893356676,34.85565881421008],[135.49455635925946,34.85576384372202],[135.49437207074757,34.855854486702306],[135.4941778428302,34.85592987020948],[135.49397554602834,34.85598926825916],[135.4937671285708,34.856032108815654],[135.49355459763166,34.856057979300985],[135.49334,34.856066630568236],[135.49312540236832,34.856057979300985],[135.49291287142918,34.856032108815654],[135.49270445397164,34.85598926825916],[135.49250215716978,34.85592987020948],[135.4923079292524,34.855854486702306],[135.49212364074052,34.85576384372202],[135.49195106643322,34.85565881421008],[135.49179186831543,34.85554040965809],[135.49164757955205,34.85540977036661],[135.49151958972277,34.855268154463445],[135.4914091314396,34.85511692578715],[135.4913172684762,34.854957540752544],[135.4912448855231,34.85479153432465],[135.4911926796677,34.8546205052361],[135.49116115368096,34.85444610059053],[135.49115061117536,34.85427],[135.49116115368096,34.85409389940947],[135.4911926796677,34.8539194947639],[135.4912448855231,34.85374846567535],[135.4913172684762,34.853582459247455],[135.4914091314396,34.85342307421285],[135.49151958972277,34.853271845536554],[135.49164757955205,34.853130229633386],[135.49179186831543,34.85299959034191],[135.49195106643322,34.85288118578992],[135.49212364074052,34.852776156277976],[135.4923079292524,34.85268551329769],[135.49250215716978,34.85261012979052],[135.49270445397164,34.85255073174084],[135.49291287142918,34.852507891184345],[135.49312540236832,34.852482020699014],[135.49334,34.85247336943176],[135.49355459763166,34.852482020699014],[135.4937671285708,34.852507891184345],[135.49397554602834,34.85255073174084],[135.4941778428302,34.85261012979052],[135.49437207074757,34.85268551329769],[135.49455635925946,34.852776156277976],[135.49472893356676,34.85288118578992],[135.49488813168455,34.85299959034191],[135.49503242044793,34.853130229633386],[135.4951604102772,34.853271845536554],[135.49527086856037,34.85342307421285],[135.49536273152378,34.853582459247455],[135.4954351144769,34.85374846567535],[135.49548732033227,34.8539194947639],[135.49551884631902,34.85409389940947],[135.49552938882462,34.85427]]]}},{"type":"Feature","properties":{"layer":"z17_default","buffer_m":500},"geometry":{"type":"Polygon","coordinates":[[[135.49748314344626,34.84933],[135.4974567887646,34.84977025147632],[135.4973779785296,34.85020626309026],[135.49724747172698,34.85063383581162],[135.49706652520848,34.851048851881366],[135.49683688158808,34.851447314467876],[135.49656075245935,34.851825386158616],[135.4962407970967,34.85217942591654],[135.49588009684524,34.85250602414522],[135.49548212544556,34.8528020355252],[135.4950507155798,34.853064609305065],[135.49459002196073,34.85329121675577],[135.49410448131982,34.8534796755237],[135.49359876967887,34.853628170647895],[135.49307775731737,34.85373527203913],[135.4925464618692,34.85379994825246],[135.49201,34.8538215764206],[135.49147353813078,34.85379994825246],[135.49094224268262,34.85373527203913],[135.49042123032112,34.853628170647895],[135.48991551868016,34.8534796755237],[135.48942997803925,34.85329121675577],[135.4889692844202,34.853064609305065],[135.48853787455442,34.8528020355252],[135.48813990315475,34.85250602414522],[135.48777920290328,34.85217942591654],[135.48745924754064,34.851825386158616],[135.4871831184119,34.851447314467876],[135.4869534747915,34.851048851881366],[135.486772528273,34.85063383581162],[135.48664202147037,34.85020626309026],[135.4865632112354,34.84977025147632],[135.48653685655373,34.84933],[135.4865632112354,34.84888974852368],[135.48664202147037,34.84845373690975],[135.486772528273,34.84802616418838],[135.4869534747915,34.84761114811864],[135.4871831184119,34.84721268553213],[135.48745924754064,34.84683461384139],[135.48777920290328,34.846480574083465],[135.48813990315475,34.84615397585478],[135.48853787455442,34.8458579644748],[135.4889692844202,34.84559539069494],[135.48942997803925,34.84536878324423],[135.48991551868016,34.8451803244763],[135.49042123032112,34.84503182935211],[135.49094224268262,34.84492472796087],[135.49147353813078,34.844860051747546],[135.49201,34.844838423579404],[135.4925464618692,34.844860051747546],[135.49307775731737,34.84492472796087],[135.49359876967887,34.84503182935211],[135.49410448131982,34.8451803244763],[135.49459002196073,34.84536878324423],[135.4950507155798,34.84559539069494],[135.49548212544556,34.8458579644748],[135.49588009684524,34.84615397585478],[135.4962407970967,34.846480574083465],[135.49656075245935,34.84683461384139],[135.49683688158808,34.84721268553213],[135.49706652520848,34.84761114811864],[135.49724747172698,34.84802616418838],[135.4973779785296,34.84845373690975],[135.4974567887646,34.84888974852368],[135.49748314344626,34.84933]]]}},{"type":"Feature","properties":{"layer":"z18_optional","buffer_m":200},"geometry":{"type":"Polygon","coordinates":[[[135.4941992573785,34.84933],[135.49418871550583,34.84950610059053],[135.49415719141186,34.8496805052361],[135.4941049886908,34.84985153432465],[135.4940326100834,34.850017540752546],[135.49394075263524,34.85017692578715],[135.49383030098372,34.85032815446345],[135.49370231883867,34.850469770366615],[135.4935580387381,34.85060040965809],[135.4933988501782,34.85071881421008],[135.4932262862319,34.850823843722026],[135.4930420087843,34.85091448670231],[135.49284779252793,34.85098987020948],[135.49264550787154,34.85104926825916],[135.49243710292694,34.851092108815656],[135.49222458474767,34.85111797930099],[135.49201,34.85112663056824],[135.4917954152523,34.85111797930099],[135.49158289707304,34.851092108815656],[135.49137449212844,34.85104926825916],[135.49117220747206,34.85098987020948],[135.4909779912157,34.85091448670231],[135.49079371376808,34.850823843722026],[135.49062114982178,34.85071881421008],[135.4904619612619,34.85060040965809],[135.49031768116132,34.850469770366615],[135.49018969901627,34.85032815446345],[135.49007924736475,34.85017692578715],[135.4899873899166,34.850017540752546],[135.4899150113092,34.84985153432465],[135.48986280858813,34.8496805052361],[135.48983128449416,34.84950610059053],[135.48982074262148,34.84933],[135.48983128449416,34.84915389940947],[135.48986280858813,34.8489794947639],[135.4899150113092,34.848808465675354],[135.4899873899166,34.84864245924746],[135.49007924736475,34.84848307421285],[135.49018969901627,34.848331845536556],[135.49031768116132,34.84819022963339],[135.4904619612619,34.84805959034191],[135.49062114982178,34.84794118578992],[135.49079371376808,34.84783615627798],[135.4909779912157,34.847745513297696],[135.49117220747206,34.84767012979052],[135.49137449212844,34.84761073174084],[135.49158289707304,34.84756789118435],[135.4917954152523,34.84754202069902],[135.49201,34.847533369431765],[135.49222458474767,34.84754202069902],[135.49243710292694,34.84756789118435],[135.49264550787154,34.84761073174084],[135.49284779252793,34.84767012979052],[135.4930420087843,34.847745513297696],[135.4932262862319,34.84783615627798],[135.4933988501782,34.84794118578992],[135.4935580387381,34.84805959034191],[135.49370231883867,34.84819022963339],[135.49383030098372,34.848331845536556],[135.49394075263524,34.84848307421285],[135.4940326100834,34.84864245924746],[135.4941049886908,34.848808465675354],[135.49415719141186,34.8489794947639],[135.49418871550583,34.84915389940947],[135.4941992573785,34.84933]]]}},{"type":"Feature","properties":{"layer":"z17_default","buffer_m":500},"geometry":{"type":"Polygon","coordinates":[[[135.49724268524815,34.84244],[135.49721633277287,34.84288025147632],[135.49713752913567,34.84331626309026],[135.49700703325874,34.84374383581162],[135.49682610188864,34.84415885188137],[135.49659647749343,34.84455731446788],[135.49632037148154,34.84493538615862],[135.4960004429048,34.84528942591654],[135.49563977285027,34.84561602414522],[135.49524183476777,34.8459120355252],[135.49481046101857,34.846174609305066],[135.49434980596766,34.84640121675577],[135.49386430597502,34.8465896755237],[135.493358636671,34.846738170647896],[135.49283766792735,34.84684527203913],[135.49230641695794,34.84690994825246],[135.49177,34.8469315764206],[135.49123358304206,34.84690994825246],[135.49070233207266,34.84684527203913],[135.49018136332901,34.846738170647896],[135.48967569402498,34.8465896755237],[135.48919019403235,34.84640121675577],[135.48872953898143,34.846174609305066],[135.48829816523224,34.8459120355252],[135.48790022714974,34.84561602414522],[135.4875395570952,34.84528942591654],[135.48721962851846,34.84493538615862],[135.48694352250658,34.84455731446788],[135.48671389811136,34.84415885188137],[135.48653296674127,34.84374383581162],[135.48640247086433,34.84331626309026],[135.48632366722714,34.84288025147632],[135.48629731475185,34.84244],[135.48632366722714,34.84199974852368],[135.48640247086433,34.84156373690975],[135.48653296674127,34.841136164188384],[135.48671389811136,34.84072114811864],[135.48694352250658,34.84032268553213],[135.48721962851846,34.83994461384139],[135.4875395570952,34.839590574083466],[135.48790022714974,34.839263975854784],[135.48829816523224,34.838967964474804],[135.48872953898143,34.83870539069494],[135.48919019403235,34.838478783244234],[135.48967569402498,34.838290324476304],[135.49018136332901,34.83814182935211],[135.49070233207266,34.838034727960874],[135.49123358304206,34.83797005174755],[135.49177,34.837948423579405],[135.49230641695794,34.83797005174755],[135.49283766792735,34.838034727960874],[135.493358636671,34.83814182935211],[135.49386430597502,34.838290324476304],[135.49434980596766,34.838478783244234],[135.49481046101857,34.83870539069494],[135.49524183476777,34.838967964474804],[135.49563977285027,34.839263975854784],[135.4960004429048,34.839590574083466],[135.49632037148154,34.83994461384139],[135.49659647749343,34.84032268553213],[135.49682610188864,34.84072114811864],[135.49700703325874,34.841136164188384],[135.49713752913567,34.84156373690975],[135.49721633277287,34.84199974852368],[135.49724268524815,34.84244]]]}},{"type":"Feature","properties":{"layer":"z18_optional","buffer_m":200},"geometry":{"type":"Polygon","coordinates":[[[135.49395907409925,34.84244],[135.49394853310915,34.84261610059053],[135.49391701165428,34.8427905052361],[135.4938648133035,34.84296153432465],[135.49379244075547,34.84312754075255],[135.49370059099738,34.843286925787154],[135.49359014859263,34.84343815446345],[135.49346217716192,34.84357977036662],[135.4933179091401,34.843710409658094],[135.4931587339071,34.843828814210084],[135.4929861844074,34.84393384372203],[135.49280192238706,34.84402448670231],[135.49260772239,34.84409987020948],[135.4924054546684,34.84415926825916],[135.49219706717093,34.84420210881566],[135.49198456678317,34.84422797930099],[135.49177,34.84423663056824],[135.49155543321683,34.84422797930099],[135.49134293282907,34.84420210881566],[135.49113454533162,34.84415926825916],[135.49093227761,34.84409987020948],[135.49073807761295,34.84402448670231],[135.4905538155926,34.84393384372203],[135.4903812660929,34.843828814210084],[135.4902220908599,34.843710409658094],[135.4900778228381,34.84357977036662],[135.48994985140737,34.84343815446345],[135.48983940900263,34.843286925787154],[135.48974755924453,34.84312754075255],[135.4896751866965,34.84296153432465],[135.48962298834573,34.8427905052361],[135.48959146689086,34.84261610059053],[135.48958092590075,34.84244],[135.48959146689086,34.842263899409474],[135.48962298834573,34.842089494763904],[135.4896751866965,34.841918465675356],[135.48974755924453,34.84175245924746],[135.48983940900263,34.84159307421285],[135.48994985140737,34.84144184553656],[135.4900778228381,34.84130022963339],[135.4902220908599,34.84116959034191],[135.4903812660929,34.84105118578992],[135.4905538155926,34.84094615627798],[135.49073807761295,34.8408555132977],[135.49093227761,34.840780129790524],[135.49113454533162,34.840720731740845],[135.49134293282907,34.84067789118435],[135.49155543321683,34.84065202069902],[135.49177,34.84064336943177],[135.49198456678317,34.84065202069902],[135.49219706717093,34.84067789118435],[135.4924054546684,34.840720731740845],[135.49260772239,34.840780129790524],[135.49280192238706,34.8408555132977],[135.4929861844074,34.84094615627798],[135.4931587339071,34.84105118578992],[135.4933179091401,34.84116959034191],[135.49346217716192,34.84130022963339],[135.49359014859263,34.84144184553656],[135.49370059099738,34.84159307421285],[135.49379244075547,34.84175245924746],[135.4938648133035,34.841918465675356],[135.49391701165428,34.842089494763904],[135.49394853310915,34.842263899409474],[135.49395907409925,34.84244]]]}},{"type":"Feature","properties":{"layer":"z17_default","buffer_m":500},"geometry":{"type":"Polygon","coordinates":[[[135.4936030795951,34.84837],[135.49357672522092,34.84881025147632],[135.49349791590535,34.84924626309026],[135.49336741062524,34.84967383581162],[135.49318646621774,34.85008885188137],[135.4929568252764,34.85048731446788],[135.49268069936903,34.85086538615862],[135.4923607477391,34.85121942591654],[135.49200005169567,34.85154602414522],[135.49160208493882,34.8518420355252],[135.491170680106,34.852104609305066],[135.49070999186154,34.85233121675577],[135.49022445688507,34.8525196755237],[135.48971875114387,34.852668170647895],[135.48919774486063,34.85277527203913],[135.4886664556107,34.85283994825246],[135.48813,34.8528615764206],[135.4875935443893,34.85283994825246],[135.4870622551394,34.85277527203913],[135.48654124885616,34.852668170647895],[135.48603554311495,34.8525196755237],[135.4855500081385,34.85233121675577],[135.48508931989403,34.852104609305066],[135.4846579150612,34.8518420355252],[135.48425994830436,34.85154602414522],[135.48389925226093,34.85121942591654],[135.483579300631,34.85086538615862],[135.48330317472363,34.85048731446788],[135.4830735337823,34.85008885188137],[135.48289258937479,34.84967383581162],[135.48276208409467,34.84924626309026],[135.4826832747791,34.84881025147632],[135.48265692040493,34.84837],[135.4826832747791,34.84792974852368],[135.48276208409467,34.84749373690975],[135.48289258937479,34.847066164188384],[135.4830735337823,34.84665114811864],[135.48330317472363,34.84625268553213],[135.483579300631,34.84587461384139],[135.48389925226093,34.845520574083466],[135.48425994830436,34.845193975854784],[135.4846579150612,34.844897964474804],[135.48508931989403,34.84463539069494],[135.4855500081385,34.84440878324423],[135.48603554311495,34.844220324476304],[135.48654124885616,34.84407182935211],[135.4870622551394,34.84396472796087],[135.4875935443893,34.843900051747546],[135.48813,34.843878423579405],[135.4886664556107,34.843900051747546],[135.48919774486063,34.84396472796087],[135.48971875114387,34.84407182935211],[135.49022445688507,34.844220324476304],[135.49070999186154,34.84440878324423],[135.491170680106,34.84463539069494],[135.49160208493882,34.844897964474804],[135.49200005169567,34.845193975854784],[135.4923607477391,34.845520574083466],[135.49268069936903,34.84587461384139],[135.4929568252764,34.84625268553213],[135.49318646621774,34.84665114811864],[135.49336741062524,34.847066164188384],[135.49349791590535,34.84749373690975],[135.49357672522092,34.84792974852368],[135.4936030795951,34.84837]]]}},{"type":"Feature","properties":{"layer":"z18_optional","buffer_m":200},"geometry":{"type":"Polygon","coordinates":[[[135.49031923183804,34.84837],[135.49030869008837,34.84854610059053],[135.49027716636215,34.8487205052361],[135.4902249642501,34.84889153432465],[135.49015258648708,34.84905754075255],[135.49006073011057,34.849216925787154],[135.48995027974763,34.84936815446345],[135.48982229909564,34.849509770366616],[135.48967802067827,34.84964040965809],[135.48951883397555,34.849758814210084],[135.4893462720424,34.84986384372203],[135.48916199674463,34.84995448670231],[135.48896778275403,34.85002987020948],[135.48876550045756,34.85008926825916],[135.48855709794427,34.85013210881566],[135.4883445822443,34.85015797930099],[135.48813,34.85016663056824],[135.48791541775572,34.85015797930099],[135.48770290205576,34.85013210881566],[135.48749449954246,34.85008926825916],[135.487292217246,34.85002987020948],[135.4870980032554,34.84995448670231],[135.4869137279576,34.84986384372203],[135.48674116602447,34.849758814210084],[135.48658197932176,34.84964040965809],[135.4864377009044,34.849509770366616],[135.4863097202524,34.84936815446345],[135.48619926988945,34.849216925787154],[135.48610741351294,34.84905754075255],[135.48603503574992,34.84889153432465],[135.48598283363788,34.8487205052361],[135.48595130991166,34.84854610059053],[135.48594076816198,34.84837],[135.48595130991166,34.84819389940947],[135.48598283363788,34.8480194947639],[135.48603503574992,34.847848465675355],[135.48610741351294,34.84768245924746],[135.48619926988945,34.84752307421285],[135.4863097202524,34.84737184553656],[135.4864377009044,34.84723022963339],[135.48658197932176,34.84709959034191],[135.48674116602447,34.84698118578992],[135.4869137279576,34.84687615627798],[135.4870980032554,34.8467855132977],[135.487292217246,34.84671012979052],[135.48749449954246,34.846650731740844],[135.48770290205576,34.84660789118435],[135.48791541775572,34.84658202069902],[135.48813,34.846573369431766],[135.4883445822443,34.84658202069902],[135.48855709794427,34.84660789118435],[135.48876550045756,34.846650731740844],[135.48896778275403,34.84671012979052],[135.48916199674463,34.8467855132977],[135.4893462720424,34.84687615627798],[135.48951883397555,34.84698118578992],[135.48967802067827,34.84709959034191],[135.48982229909564,34.84723022963339],[135.48995027974763,34.84737184553656],[135.49006073011057,34.84752307421285],[135.49015258648708,34.84768245924746],[135.4902249642501,34.847848465675355],[135.49027716636215,34.8480194947639],[135.49030869008837,34.84819389940947],[135.49031923183804,34.84837]]]}},{"type":"Feature","properties":{"layer":"z17_default","buffer_m":500},"geometry":{"type":"Polygon","coordinates":[[[135.49178330308743,34.85173],[135.49175694763707,34.85217025147632],[135.49167813510334,34.85260626309026],[135.49154762449405,34.85303383581162],[135.49136667269772,34.85344885188137],[135.49113702237904,34.85384731446788],[135.49086088519613,34.85422538615862],[135.49054092050102,34.85457942591654],[135.4901802097286,34.85490602414522],[135.48978222672088,34.8552020355252],[135.48935080427168,34.855464609305066],[135.4888900972151,34.85569121675577],[135.48840454241187,34.8558796755237],[135.48789881602025,34.856028170647896],[135.48737778846183,34.85613527203913],[135.4868464775168,34.85619994825246],[135.48631,34.8562215764206],[135.4857735224832,34.85619994825246],[135.48524221153818,34.85613527203913],[135.48472118397976,34.856028170647896],[135.48421545758814,34.8558796755237],[135.48372990278492,34.85569121675577],[135.48326919572833,34.855464609305066],[135.48283777327913,34.8552020355252],[135.4824397902714,34.85490602414522],[135.482079079499,34.85457942591654],[135.48175911480388,34.85422538615862],[135.48148297762097,34.85384731446788],[135.48125332730228,34.85344885188137],[135.48107237550596,34.85303383581162],[135.48094186489666,34.85260626309026],[135.48086305236293,34.85217025147632],[135.48083669691258,34.85173],[135.48086305236293,34.85128974852368],[135.48094186489666,34.85085373690975],[135.48107237550596,34.850426164188384],[135.48125332730228,34.85001114811864],[135.48148297762097,34.84961268553213],[135.48175911480388,34.84923461384139],[135.482079079499,34.848880574083466],[135.4824397902714,34.848553975854784],[135.48283777327913,34.848257964474804],[135.48326919572833,34.84799539069494],[135.48372990278492,34.847768783244234],[135.48421545758814,34.847580324476304],[135.48472118397976,34.84743182935211],[135.48524221153818,34.847324727960874],[135.4857735224832,34.84726005174755],[135.48631,34.847238423579405],[135.4868464775168,34.84726005174755],[135.48737778846183,34.847324727960874],[135.48789881602025,34.84743182935211],[135.48840454241187,34.847580324476304],[135.4888900972151,34.847768783244234],[135.48935080427168,34.84799539069494],[135.48978222672088,34.848257964474804],[135.4901802097286,34.848553975854784],[135.49054092050102,34.848880574083466],[135.49086088519613,34.84923461384139],[135.49113702237904,34.84961268553213],[135.49136667269772,34.85001114811864],[135.49154762449405,34.850426164188384],[135.49167813510334,34.85085373690975],[135.49175694763707,34.85128974852368],[135.49178330308743,34.85173]]]}},{"type":"Feature","properties":{"layer":"z18_optional","buffer_m":200},"geometry":{"type":"Polygon","coordinates":[[[135.48849932123497,34.85173],[135.48848877905482,34.85190610059053],[135.48845725404135,34.8520805052361],[135.48840504979762,34.85225153432465],[135.48833266907909,34.85241754075255],[135.48824080895162,34.852576925787154],[135.48813035407846,34.85272815446345],[135.4880023682004,34.85286977036662],[135.48785808389144,34.853000409658094],[135.48769889068834,34.853118814210085],[135.48752632170869,34.85322384372203],[135.48734203888603,34.85331448670231],[135.48714781696475,34.85338987020948],[135.4869455264081,34.85344926825916],[135.48673711538473,34.85349210881566],[135.4865245910067,34.85351797930099],[135.48631,34.85352663056824],[135.4860954089933,34.85351797930099],[135.48588288461528,34.85349210881566],[135.4856744735919,34.85344926825916],[135.48547218303526,34.85338987020948],[135.48527796111398,34.85331448670231],[135.48509367829132,34.85322384372203],[135.48492110931167,34.853118814210085],[135.48476191610857,34.853000409658094],[135.4846176317996,34.85286977036662],[135.48448964592154,34.85272815446345],[135.4843791910484,34.852576925787154],[135.48428733092092,34.85241754075255],[135.4842149502024,34.85225153432465],[135.48416274595866,34.8520805052361],[135.4841312209452,34.85190610059053],[135.48412067876504,34.85173],[135.4841312209452,34.851553899409474],[135.48416274595866,34.851379494763904],[135.4842149502024,34.851208465675356],[135.48428733092092,34.85104245924746],[135.4843791910484,34.85088307421285],[135.48448964592154,34.85073184553656],[135.4846176317996,34.85059022963339],[135.48476191610857,34.85045959034191],[135.48492110931167,34.85034118578992],[135.48509367829132,34.85023615627798],[135.48527796111398,34.8501455132977],[135.48547218303526,34.850070129790524],[135.4856744735919,34.850010731740845],[135.48588288461528,34.84996789118435],[135.4860954089933,34.84994202069902],[135.48631,34.84993336943177],[135.4865245910067,34.84994202069902],[135.48673711538473,34.84996789118435],[135.4869455264081,34.850010731740845],[135.48714781696475,34.850070129790524],[135.48734203888603,34.8501455132977],[135.48752632170869,34.85023615627798],[135.48769889068834,34.85034118578992],[135.48785808389144,34.85045959034191],[135.4880023682004,34.85059022963339],[135.48813035407846,34.85073184553656],[135.48824080895162,34.85088307421285],[135.48833266907909,34.85104245924746],[135.48840504979762,34.851208465675356],[135.48845725404135,34.851379494763904],[135.48848877905482,34.851553899409474],[135.48849932123497,34.85173]]]}},{"type":"Feature","properties":{"layer":"z17_default","buffer_m":500},"geometry":{"type":"Polygon","coordinates":[[[135.49134351929834,34.85498],[135.49131716280687,34.85542025147632],[135.49123834715982,34.85585626309025],[135.491107831395,34.85628383581162],[135.49092687245056,34.85669885188136],[135.49069721306003,34.85709731446787],[135.49042106496893,34.85747538615861],[135.49010108763432,34.857829425916535],[135.48974036261282,34.85815602414522],[135.48934236388362,34.8584520355252],[135.48891092439203,34.85871460930506],[135.4884501991362,34.85894121675577],[135.48796462515222,34.8591296755237],[135.48745887878297,34.85927817064789],[135.4869378306425,34.85938527203913],[135.48640649870916,34.859449948252454],[135.48587,34.859471576420596],[135.48533350129085,34.859449948252454],[135.48480216935752,34.85938527203913],[135.48428112121704,34.85927817064789],[135.4837753748478,34.8591296755237],[135.48328980086382,34.85894121675577],[135.48282907560798,34.85871460930506],[135.4823976361164,34.8584520355252],[135.4819996373872,34.85815602414522],[135.4816389123657,34.857829425916535],[135.48131893503108,34.85747538615861],[135.48104278693998,34.85709731446787],[135.48081312754945,34.85669885188136],[135.480632168605,34.85628383581162],[135.4805016528402,34.85585626309025],[135.48042283719315,34.85542025147632],[135.48039648070167,34.85498],[135.48042283719315,34.85453974852368],[135.4805016528402,34.85410373690974],[135.480632168605,34.85367616418838],[135.48081312754945,34.853261148118634],[135.48104278693998,34.85286268553212],[135.48131893503108,34.85248461384138],[135.4816389123657,34.85213057408346],[135.4819996373872,34.85180397585478],[135.4823976361164,34.8515079644748],[135.48282907560798,34.851245390694935],[135.48328980086382,34.85101878324423],[135.4837753748478,34.8508303244763],[135.48428112121704,34.850681829352105],[135.48480216935752,34.85057472796087],[135.48533350129085,34.85051005174754],[135.48587,34.8504884235794],[135.48640649870916,34.85051005174754],[135.4869378306425,34.85057472796087],[135.48745887878297,34.850681829352105],[135.48796462515222,34.8508303244763],[135.4884501991362,34.85101878324423],[135.48891092439203,34.851245390694935],[135.48934236388362,34.8515079644748],[135.48974036261282,34.85180397585478],[135.49010108763432,34.85213057408346],[135.49042106496893,34.85248461384138],[135.49069721306003,34.85286268553212],[135.49092687245056,34.853261148118634],[135.491107831395,34.85367616418838],[135.49123834715982,34.85410373690974],[135.49131716280687,34.85453974852368],[135.49134351929834,34.85498]]]}},{"type":"Feature","properties":{"layer":"z18_optional","buffer_m":200},"geometry":{"type":"Polygon","coordinates":[[[135.48805940771933,34.85498],[135.48804886512275,34.85515610059053],[135.48801733886393,34.8553305052361],[135.487965132558,34.855501534324645],[135.48789274898022,34.85566754075254],[135.487800885224,34.85582692578715],[135.48769042598758,34.85597815446344],[135.48756243505372,34.85611977036661],[135.48741814504513,34.85625040965809],[135.48725894555344,34.85636881421008],[135.4870863697568,34.85647384372202],[135.48690207965447,34.856564486702304],[135.4867078500609,34.85663987020948],[135.4865055515132,34.856699268259156],[135.486297132257,34.85674210881565],[135.48608459948366,34.85676797930098],[135.48587,34.856776630568234],[135.48565540051635,34.85676797930098],[135.48544286774302,34.85674210881565],[135.4852344484868,34.856699268259156],[135.48503214993912,34.85663987020948],[135.48483792034554,34.856564486702304],[135.4846536302432,34.85647384372202],[135.48448105444658,34.85636881421008],[135.48432185495489,34.85625040965809],[135.4841775649463,34.85611977036661],[135.48404957401243,34.85597815446344],[135.483939114776,34.85582692578715],[135.4838472510198,34.85566754075254],[135.483774867442,34.855501534324645],[135.48372266113608,34.8553305052361],[135.48369113487726,34.85515610059053],[135.48368059228068,34.85498],[135.48369113487726,34.85480389940947],[135.48372266113608,34.8546294947639],[135.483774867442,34.85445846567535],[135.4838472510198,34.85429245924745],[135.483939114776,34.85413307421285],[135.48404957401243,34.85398184553655],[135.4841775649463,34.853840229633384],[135.48432185495489,34.85370959034191],[135.48448105444658,34.85359118578992],[135.4846536302432,34.853486156277974],[135.48483792034554,34.85339551329769],[135.48503214993912,34.85332012979052],[135.4852344484868,34.85326073174084],[135.48544286774302,34.85321789118434],[135.48565540051635,34.85319202069901],[135.48587,34.85318336943176],[135.48608459948366,34.85319202069901],[135.486297132257,34.85321789118434],[135.4865055515132,34.85326073174084],[135.4867078500609,34.85332012979052],[135.48690207965447,34.85339551329769],[135.4870863697568,34.853486156277974],[135.48725894555344,34.85359118578992],[135.48741814504513,34.85370959034191],[135.48756243505372,34.853840229633384],[135.48769042598758,34.85398184553655],[135.487800885224,34.85413307421285],[135.48789274898022,34.85429245924745],[135.487965132558,34.85445846567535],[135.48801733886393,34.8546294947639],[135.48804886512275,34.85480389940947],[135.48805940771933,34.85498]]]}},{"type":"Feature","properties":{"layer":"z17_default","buffer_m":500},"geometry":{"type":"Polygon","coordinates":[[[135.49164254628997,34.84035],[135.49161619448378,34.84079025147632],[135.49153739284753,34.841226263090256],[135.49140690028403,34.84165383581162],[135.49122597350802,34.842068851881365],[135.49099635494326,34.842467314467875],[135.49072025594202,34.842845386158615],[135.49040033548866,34.84319942591654],[135.490039674592,34.84352602414522],[135.48964174661364,34.8438220355252],[135.48921038381752,34.844084609305064],[135.48874974046322,34.84431121675577],[135.48826425279802,34.8444996755237],[135.48775859633355,34.84464817064789],[135.48723764081794,34.84475527203913],[135.48670640333765,34.84481994825246],[135.48617,34.8448415764206],[135.48563359666232,34.84481994825246],[135.48510235918204,34.84475527203913],[135.48458140366643,34.84464817064789],[135.48407574720196,34.8444996755237],[135.48359025953675,34.84431121675577],[135.48312961618245,34.844084609305064],[135.48269825338633,34.8438220355252],[135.48230032540798,34.84352602414522],[135.48193966451132,34.84319942591654],[135.48161974405795,34.842845386158615],[135.4813436450567,34.842467314467875],[135.48111402649195,34.842068851881365],[135.48093309971594,34.84165383581162],[135.48080260715244,34.841226263090256],[135.4807238055162,34.84079025147632],[135.48069745371,34.84035],[135.4807238055162,34.83990974852368],[135.48080260715244,34.839473736909746],[135.48093309971594,34.83904616418838],[135.48111402649195,34.83863114811864],[135.4813436450567,34.83823268553213],[135.48161974405795,34.83785461384139],[135.48193966451132,34.837500574083464],[135.48230032540798,34.83717397585478],[135.48269825338633,34.8368779644748],[135.48312961618245,34.83661539069494],[135.48359025953675,34.83638878324423],[135.48407574720196,34.8362003244763],[135.48458140366643,34.83605182935211],[135.48510235918204,34.83594472796087],[135.48563359666232,34.835880051747544],[135.48617,34.8358584235794],[135.48670640333765,34.835880051747544],[135.48723764081794,34.83594472796087],[135.48775859633355,34.83605182935211],[135.48826425279802,34.8362003244763],[135.48874974046322,34.83638878324423],[135.48921038381752,34.83661539069494],[135.48964174661364,34.8368779644748],[135.490039674592,34.83717397585478],[135.49040033548866,34.837500574083464],[135.49072025594202,34.83785461384139],[135.49099635494326,34.83823268553213],[135.49122597350802,34.83863114811864],[135.49140690028403,34.83904616418838],[135.49153739284753,34.839473736909746],[135.49161619448378,34.83990974852368],[135.49164254628997,34.84035]]]}},{"type":"Feature","properties":{"layer":"z18_optional","buffer_m":200},"geometry":{"type":"Polygon","coordinates":[[[135.48835901851598,34.84035],[135.48834847779352,34.84052610059053],[135.488316957139,34.8407005052361],[135.4882647601136,34.84087153432465],[135.4881923894032,34.841037540752545],[135.4881005419773,34.84119692578715],[135.4879901023768,34.84134815446345],[135.48786213419547,34.841489770366614],[135.48771786983679,34.84162040965809],[135.48755869864544,34.84173881421008],[135.487386153527,34.841843843722025],[135.48720189618527,34.84193448670231],[135.4870077011192,34.84200987020948],[135.4868054385334,34.84206926825916],[135.48659705632718,34.842112108815655],[135.48638456133506,34.842137979300986],[135.48617,34.84214663056824],[135.48595543866492,34.842137979300986],[135.4857429436728,34.842112108815655],[135.48553456146658,34.84206926825916],[135.48533229888076,34.84200987020948],[135.4851381038147,34.84193448670231],[135.48495384647296,34.841843843722025],[135.48478130135453,34.84173881421008],[135.4846221301632,34.84162040965809],[135.4844778658045,34.841489770366614],[135.48434989762316,34.84134815446345],[135.48423945802267,34.84119692578715],[135.48414761059678,34.841037540752545],[135.48407523988638,34.84087153432465],[135.48402304286097,34.8407005052361],[135.48399152220645,34.84052610059053],[135.483980981484,34.84035],[135.48399152220645,34.84017389940947],[135.48402304286097,34.8399994947639],[135.48407523988638,34.83982846567535],[135.48414761059678,34.83966245924746],[135.48423945802267,34.83950307421285],[135.48434989762316,34.839351845536555],[135.4844778658045,34.83921022963339],[135.4846221301632,34.83907959034191],[135.48478130135453,34.83896118578992],[135.48495384647296,34.83885615627798],[135.4851381038147,34.838765513297695],[135.48533229888076,34.83869012979052],[135.48553456146658,34.83863073174084],[135.4857429436728,34.838587891184346],[135.48595543866492,34.838562020699015],[135.48617,34.838553369431764],[135.48638456133506,34.838562020699015],[135.48659705632718,34.838587891184346],[135.4868054385334,34.83863073174084],[135.4870077011192,34.83869012979052],[135.48720189618527,34.838765513297695],[135.487386153527,34.83885615627798],[135.48755869864544,34.83896118578992],[135.48771786983679,34.83907959034191],[135.48786213419547,34.83921022963339],[135.4879901023768,34.839351845536555],[135.4881005419773,34.83950307421285],[135.4881923894032,34.83966245924746],[135.4882647601136,34.83982846567535],[135.488316957139,34.8399994947639],[135.48834847779352,34.84017389940947],[135.48835901851598,34.84035]]]}},{"type":"Feature","properties":{"layer":"z17_default","buffer_m":500},"geometry":{"type":"Polygon","coordinates":[[[135.4920228455,34.84485],[135.49199649225304,34.84529025147632],[135.49191768630834,34.845726263090256],[135.4917871866102,34.84615383581162],[135.49160624994207,34.846568851881365],[135.49137661882295,34.846967314467875],[135.4911005047261,34.847345386158615],[135.49078056678115,34.84769942591654],[135.49041988616545,34.84802602414522],[135.49002193643048,34.8483220355252],[135.4895905500497,34.848584609305064],[135.48912988150985,34.84881121675577],[135.48864436730074,34.8489996755237],[135.48813868318962,34.849148170647894],[135.48761769919093,34.84925527203913],[135.48708643266536,34.84931994825246],[135.48655,34.8493415764206],[135.48601356733462,34.84931994825246],[135.48548230080905,34.84925527203913],[135.48496131681037,34.849148170647894],[135.48445563269925,34.8489996755237],[135.48397011849013,34.84881121675577],[135.48350944995028,34.848584609305064],[135.4830780635695,34.8483220355252],[135.48268011383453,34.84802602414522],[135.48231943321883,34.84769942591654],[135.4819994952739,34.847345386158615],[135.48172338117703,34.846967314467875],[135.48149375005792,34.846568851881365],[135.4813128133898,34.84615383581162],[135.48118231369165,34.845726263090256],[135.48110350774695,34.84529025147632],[135.48107715449999,34.84485],[135.48110350774695,34.84440974852368],[135.48118231369165,34.843973736909746],[135.4813128133898,34.84354616418838],[135.48149375005792,34.84313114811864],[135.48172338117703,34.84273268553213],[135.4819994952739,34.84235461384139],[135.48231943321883,34.842000574083464],[135.48268011383453,34.84167397585478],[135.4830780635695,34.8413779644748],[135.48350944995028,34.84111539069494],[135.48397011849013,34.84088878324423],[135.48445563269925,34.8407003244763],[135.48496131681037,34.84055182935211],[135.48548230080905,34.84044472796087],[135.48601356733462,34.840380051747545],[135.48655,34.8403584235794],[135.48708643266536,34.840380051747545],[135.48761769919093,34.84044472796087],[135.48813868318962,34.84055182935211],[135.48864436730074,34.8407003244763],[135.48912988150985,34.84088878324423],[135.4895905500497,34.84111539069494],[135.49002193643048,34.8413779644748],[135.49041988616545,34.84167397585478],[135.49078056678115,34.842000574083464],[135.4911005047261,34.84235461384139],[135.49137661882295,34.84273268553213],[135.49160624994207,34.84313114811864],[135.4917871866102,34.84354616418838],[135.49191768630834,34.843973736909746],[135.49199649225304,34.84440974852368],[135.4920228455,34.84485]]]}},{"type":"Feature","properties":{"layer":"z18_optional","buffer_m":200},"geometry":{"type":"Polygon","coordinates":[[[135.4887391382,34.84485],[135.4887285969012,34.84502610059053],[135.48869707452332,34.8452005052361],[135.48864487464408,34.84537153432465],[135.4885724999768,34.845537540752545],[135.48848064752917,34.84569692578715],[135.48837020189043,34.84584815446345],[135.48824222671246,34.845989770366614],[135.48809795446618,34.84612040965809],[135.48793877457217,34.84623881421008],[135.4877662200199,34.846343843722025],[135.48758195260393,34.84643448670231],[135.4873877469203,34.84650987020948],[135.48718547327584,34.84656926825916],[135.48697707967636,34.846612108815656],[135.48676457306615,34.846637979300986],[135.48655,34.84664663056824],[135.48633542693383,34.846637979300986],[135.48612292032362,34.846612108815656],[135.48591452672414,34.84656926825916],[135.4857122530797,34.84650987020948],[135.48551804739606,34.84643448670231],[135.4853337799801,34.846343843722025],[135.48516122542782,34.84623881421008],[135.4850020455338,34.84612040965809],[135.48485777328753,34.845989770366614],[135.48472979810956,34.84584815446345],[135.48461935247082,34.84569692578715],[135.48452750002318,34.845537540752545],[135.4844551253559,34.84537153432465],[135.48440292547667,34.8452005052361],[135.48437140309878,34.84502610059053],[135.48436086179998,34.84485],[135.48437140309878,34.84467389940947],[135.48440292547667,34.8444994947639],[135.4844551253559,34.84432846567535],[135.48452750002318,34.84416245924746],[135.48461935247082,34.84400307421285],[135.48472979810956,34.843851845536555],[135.48485777328753,34.84371022963339],[135.4850020455338,34.84357959034191],[135.48516122542782,34.84346118578992],[135.4853337799801,34.84335615627798],[135.48551804739606,34.843265513297695],[135.4857122530797,34.84319012979052],[135.48591452672414,34.84313073174084],[135.48612292032362,34.84308789118435],[135.48633542693383,34.843062020699016],[135.48655,34.843053369431765],[135.48676457306615,34.843062020699016],[135.48697707967636,34.84308789118435],[135.48718547327584,34.84313073174084],[135.4873877469203,34.84319012979052],[135.48758195260393,34.843265513297695],[135.4877662200199,34.84335615627798],[135.48793877457217,34.84346118578992],[135.48809795446618,34.84357959034191],[135.48824222671246,34.84371022963339],[135.48837020189043,34.843851845536555],[135.48848064752917,34.84400307421285],[135.4885724999768,34.84416245924746],[135.48864487464408,34.84432846567535],[135.48869707452332,34.8444994947639],[135.4887285969012,34.84467389940947],[135.4887391382,34.84485]]]}},{"type":"Feature","properties":{"layer":"z17_default","buffer_m":500},"geometry":{"type":"Polygon","coordinates":[[[135.49216291333022,34.84587],[135.49213655975663,34.84631025147632],[135.4920577528352,34.84674626309025],[135.49192725151966,34.84717383581162],[135.491746312609,34.84758885188136],[135.49151667864385,34.84798731446787],[135.49124056112484,34.84836538615861],[135.4909206192146,34.848719425916535],[135.49055993412864,34.84904602414522],[135.4901619794615,34.8493420355252],[135.48973058773416,34.84960460930506],[135.4892699134848,34.84983121675577],[135.48878439325824,34.8500196755237],[135.4882787028797,34.85016817064789],[135.48775771242396,34.85027527203913],[135.4872264393139,34.850339948252454],[135.48669,34.850361576420596],[135.48615356068612,34.850339948252454],[135.48562228757606,34.85027527203913],[135.4851012971203,34.85016817064789],[135.48459560674178,34.8500196755237],[135.48411008651522,34.84983121675577],[135.48364941226586,34.84960460930506],[135.48321802053852,34.8493420355252],[135.48282006587138,34.84904602414522],[135.48245938078543,34.848719425916535],[135.48213943887518,34.84836538615861],[135.48186332135617,34.84798731446787],[135.48163368739102,34.84758885188136],[135.48145274848036,34.84717383581162],[135.48132224716483,34.84674626309025],[135.4812434402434,34.84631025147632],[135.4812170866698,34.84587],[135.4812434402434,34.84542974852368],[135.48132224716483,34.84499373690974],[135.48145274848036,34.84456616418838],[135.48163368739102,34.844151148118634],[135.48186332135617,34.843752685532124],[135.48213943887518,34.843374613841384],[135.48245938078543,34.84302057408346],[135.48282006587138,34.84269397585478],[135.48321802053852,34.8423979644748],[135.48364941226586,34.842135390694935],[135.48411008651522,34.84190878324423],[135.48459560674178,34.8417203244763],[135.4851012971203,34.841571829352105],[135.48562228757606,34.84146472796087],[135.48615356068612,34.84140005174754],[135.48669,34.8413784235794],[135.4872264393139,34.84140005174754],[135.48775771242396,34.84146472796087],[135.4882787028797,34.841571829352105],[135.48878439325824,34.8417203244763],[135.4892699134848,34.84190878324423],[135.48973058773416,34.842135390694935],[135.4901619794615,34.8423979644748],[135.49055993412864,34.84269397585478],[135.4909206192146,34.84302057408346],[135.49124056112484,34.843374613841384],[135.49151667864385,34.843752685532124],[135.491746312609,34.844151148118634],[135.49192725151966,34.84456616418838],[135.4920577528352,34.84499373690974],[135.49213655975663,34.84542974852368],[135.49216291333022,34.84587]]]}},{"type":"Feature","properties":{"layer":"z18_optional","buffer_m":200},"geometry":{"type":"Polygon","coordinates":[[[135.4888791653321,34.84587],[135.48886862390265,34.84604610059053],[135.4888371011341,34.8462205052361],[135.48878490060787,34.846391534324646],[135.4887125250436,34.84655754075254],[135.48862067145754,34.84671692578715],[135.48851022444995,34.84686815446344],[135.48838224768585,34.84700977036661],[135.48823797365145,34.84714040965809],[135.4880787917846,34.84725881421008],[135.48790623509367,34.84736384372202],[135.48772196539392,34.847454486702304],[135.4875277573033,34.84752987020948],[135.48732548115188,34.847589268259156],[135.48711708496958,34.84763210881565],[135.48690457572556,34.84765797930098],[135.48669,34.847666630568234],[135.48647542427446,34.84765797930098],[135.48626291503044,34.84763210881565],[135.48605451884814,34.847589268259156],[135.48585224269672,34.84752987020948],[135.4856580346061,34.847454486702304],[135.48547376490635,34.84736384372202],[135.48530120821542,34.84725881421008],[135.48514202634857,34.84714040965809],[135.48499775231417,34.84700977036661],[135.48486977555007,34.84686815446344],[135.48475932854248,34.84671692578715],[135.4846674749564,34.84655754075254],[135.48459509939215,34.846391534324646],[135.48454289886593,34.8462205052361],[135.48451137609737,34.84604610059053],[135.48450083466793,34.84587],[135.48451137609737,34.84569389940947],[135.48454289886593,34.8455194947639],[135.48459509939215,34.84534846567535],[135.4846674749564,34.845182459247454],[135.48475932854248,34.84502307421285],[135.48486977555007,34.84487184553655],[135.48499775231417,34.844730229633385],[135.48514202634857,34.84459959034191],[135.48530120821542,34.84448118578992],[135.48547376490635,34.844376156277974],[135.4856580346061,34.84428551329769],[135.48585224269672,34.84421012979052],[135.48605451884814,34.84415073174084],[135.48626291503044,34.84410789118434],[135.48647542427446,34.84408202069901],[135.48669,34.84407336943176],[135.48690457572556,34.84408202069901],[135.48711708496958,34.84410789118434],[135.48732548115188,34.84415073174084],[135.4875277573033,34.84421012979052],[135.48772196539392,34.84428551329769],[135.48790623509367,34.844376156277974],[135.4880787917846,34.84448118578992],[135.48823797365145,34.84459959034191],[135.48838224768585,34.844730229633385],[135.48851022444995,34.84487184553655],[135.48862067145754,34.84502307421285],[135.4887125250436,34.845182459247454],[135.48878490060787,34.84534846567535],[135.4888371011341,34.8455194947639],[135.48886862390265,34.84569389940947],[135.4888791653321,34.84587]]]}},{"type":"Feature","properties":{"layer":"z17_default","buffer_m":500},"geometry":{"type":"Polygon","coordinates":[[[135.49157304501028,34.84785],[135.49154669080264,34.84829025147632],[135.49146788198507,34.848726263090256],[135.49133737752962,34.84915383581162],[135.49115643426552,34.849568851881365],[135.4909267947753,34.849967314467875],[135.49065067061284,34.850345386158615],[135.49033072100468,34.85069942591654],[135.48997002724053,34.85102602414522],[135.48957206299846,34.8513220355252],[135.4891406608917,34.851584609305064],[135.48867997555834,34.85181121675577],[135.48819444365003,34.8519996755237],[135.48768874110442,34.852148170647894],[135.48716773811347,34.85225527203913],[135.4866364522208,34.85231994825246],[135.4861,34.8523415764206],[135.48556354777918,34.85231994825246],[135.48503226188652,34.85225527203913],[135.48451125889557,34.852148170647894],[135.48400555634996,34.8519996755237],[135.48352002444165,34.85181121675577],[135.48305933910828,34.851584609305064],[135.48262793700152,34.8513220355252],[135.48222997275946,34.85102602414522],[135.4818692789953,34.85069942591654],[135.48154932938715,34.850345386158615],[135.48127320522468,34.849967314467875],[135.48104356573447,34.849568851881365],[135.48086262247037,34.84915383581162],[135.4807321180149,34.848726263090256],[135.48065330919735,34.84829025147632],[135.4806269549897,34.84785],[135.48065330919735,34.84740974852368],[135.4807321180149,34.846973736909746],[135.48086262247037,34.84654616418838],[135.48104356573447,34.84613114811864],[135.48127320522468,34.84573268553213],[135.48154932938715,34.84535461384139],[135.4818692789953,34.845000574083464],[135.48222997275946,34.84467397585478],[135.48262793700152,34.8443779644748],[135.48305933910828,34.84411539069494],[135.48352002444165,34.84388878324423],[135.48400555634996,34.8437003244763],[135.48451125889557,34.84355182935211],[135.48503226188652,34.84344472796087],[135.48556354777918,34.843380051747545],[135.4861,34.8433584235794],[135.4866364522208,34.843380051747545],[135.48716773811347,34.84344472796087],[135.48768874110442,34.84355182935211],[135.48819444365003,34.8437003244763],[135.48867997555834,34.84388878324423],[135.4891406608917,34.84411539069494],[135.48957206299846,34.8443779644748],[135.48997002724053,34.84467397585478],[135.49033072100468,34.845000574083464],[135.49065067061284,34.84535461384139],[135.4909267947753,34.84573268553213],[135.49115643426552,34.84613114811864],[135.49133737752962,34.84654616418838],[135.49146788198507,34.846973736909746],[135.49154669080264,34.84740974852368],[135.49157304501028,34.84785]]]}},{"type":"Feature","properties":{"layer":"z18_optional","buffer_m":200},"geometry":{"type":"Polygon","coordinates":[[[135.48828921800413,34.84785],[135.48827867632104,34.84802610059053],[135.48824715279403,34.8482005052361],[135.48819495101185,34.84837153432465],[135.4881225737062,34.848537540752545],[135.48803071791014,34.84869692578715],[135.48792026824512,34.84884815446345],[135.48779228840186,34.848989770366614],[135.4876480108962,34.84912040965809],[135.4874888251994,34.84923881421008],[135.48731626435668,34.849343843722025],[135.48713199022333,34.84943448670231],[135.48693777746,34.84950987020948],[135.48673549644175,34.84956926825916],[135.48652709524538,34.849612108815656],[135.48631458088832,34.84963797930099],[135.4861,34.84964663056824],[135.48588541911167,34.84963797930099],[135.4856729047546,34.849612108815656],[135.48546450355823,34.84956926825916],[135.48526222253997,34.84950987020948],[135.48506800977665,34.84943448670231],[135.4848837356433,34.849343843722025],[135.4847111748006,34.84923881421008],[135.48455198910378,34.84912040965809],[135.48440771159812,34.848989770366614],[135.48427973175487,34.84884815446345],[135.48416928208985,34.84869692578715],[135.4840774262938,34.848537540752545],[135.48400504898814,34.84837153432465],[135.48395284720596,34.8482005052361],[135.48392132367894,34.84802610059053],[135.48391078199586,34.84785],[135.48392132367894,34.84767389940947],[135.48395284720596,34.8474994947639],[135.48400504898814,34.84732846567535],[135.4840774262938,34.84716245924746],[135.48416928208985,34.84700307421285],[135.48427973175487,34.846851845536555],[135.48440771159812,34.84671022963339],[135.48455198910378,34.84657959034191],[135.4847111748006,34.84646118578992],[135.4848837356433,34.84635615627798],[135.48506800977665,34.846265513297695],[135.48526222253997,34.84619012979052],[135.48546450355823,34.84613073174084],[135.4856729047546,34.84608789118435],[135.48588541911167,34.846062020699016],[135.4861,34.846053369431765],[135.48631458088832,34.846062020699016],[135.48652709524538,34.84608789118435],[135.48673549644175,34.84613073174084],[135.48693777746,34.84619012979052],[135.48713199022333,34.846265513297695],[135.48731626435668,34.84635615627798],[135.4874888251994,34.84646118578992],[135.4876480108962,34.84657959034191],[135.48779228840186,34.84671022963339],[135.48792026824512,34.846851845536555],[135.48803071791014,34.84700307421285],[135.4881225737062,34.84716245924746],[135.48819495101185,34.84732846567535],[135.48824715279403,34.8474994947639],[135.48827867632104,34.84767389940947],[135.48828921800413,34.84785]]]}},{"type":"Feature","properties":{"layer":"z17_default","buffer_m":500},"geometry":{"type":"Polygon","coordinates":[[[135.49091312548782,34.84906],[135.49088677089264,34.84950025147632],[135.49080796091627,34.84993626309026],[135.49067745454184,34.85036383581162],[135.49049650861707,34.850778851881365],[135.49026686575016,34.851177314467876],[135.48999073752745,34.851555386158616],[135.48967078321465,34.85190942591654],[135.48931008414672,34.85223602414522],[135.48891211405288,34.8525320355252],[135.48848070560263,34.852794609305064],[135.4880200134952,34.85302121675577],[135.48753447444744,34.8532096755237],[135.4870287644658,34.853358170647894],[135.48650775381387,34.85346527203913],[135.485976460109,34.85352994825246],[135.48544,34.8535515764206],[135.48490353989104,34.85352994825246],[135.48437224618615,34.85346527203913],[135.48385123553422,34.853358170647894],[135.48334552555258,34.8532096755237],[135.48285998650482,34.85302121675577],[135.4823992943974,34.852794609305064],[135.48196788594714,34.8525320355252],[135.4815699158533,34.85223602414522],[135.48120921678537,34.85190942591654],[135.48088926247257,34.851555386158616],[135.48061313424986,34.851177314467876],[135.48038349138295,34.850778851881365],[135.48020254545818,34.85036383581162],[135.48007203908375,34.84993626309026],[135.47999322910738,34.84950025147632],[135.4799668745122,34.84906],[135.47999322910738,34.84861974852368],[135.48007203908375,34.848183736909746],[135.48020254545818,34.84775616418838],[135.48038349138295,34.84734114811864],[135.48061313424986,34.84694268553213],[135.48088926247257,34.84656461384139],[135.48120921678537,34.846210574083464],[135.4815699158533,34.84588397585478],[135.48196788594714,34.8455879644748],[135.4823992943974,34.84532539069494],[135.48285998650482,34.84509878324423],[135.48334552555258,34.8449103244763],[135.48385123553422,34.84476182935211],[135.48437224618615,34.84465472796087],[135.48490353989104,34.844590051747545],[135.48544,34.8445684235794],[135.485976460109,34.844590051747545],[135.48650775381387,34.84465472796087],[135.4870287644658,34.84476182935211],[135.48753447444744,34.8449103244763],[135.4880200134952,34.84509878324423],[135.48848070560263,34.84532539069494],[135.48891211405288,34.8455879644748],[135.48931008414672,34.84588397585478],[135.48967078321465,34.846210574083464],[135.48999073752745,34.84656461384139],[135.49026686575016,34.84694268553213],[135.49049650861707,34.84734114811864],[135.49067745454184,34.84775616418838],[135.49080796091627,34.848183736909746],[135.49088677089264,34.84861974852368],[135.49091312548782,34.84906]]]}},{"type":"Feature","properties":{"layer":"z18_optional","buffer_m":200},"geometry":{"type":"Polygon","coordinates":[[[135.48762925019514,34.84906],[135.48761870835708,34.84923610059053],[135.4875871843665,34.8494105052361],[135.48753498181674,34.84958153432465],[135.48746260344683,34.849747540752546],[135.48737074630006,34.84990692578715],[135.487260295011,34.85005815446345],[135.48713231328588,34.850199770366615],[135.4869880336587,34.85033040965809],[135.48682884562115,34.85044881421008],[135.48665628224106,34.850553843722025],[135.4864720053981,34.85064448670231],[135.486277789779,34.85071987020948],[135.48607550578635,34.85077926825916],[135.48586710152554,34.850822108815656],[135.4856545840436,34.85084797930099],[135.48544,34.85085663056824],[135.48522541595642,34.85084797930099],[135.48501289847448,34.850822108815656],[135.48480449421368,34.85077926825916],[135.48460221022103,34.85071987020948],[135.48440799460192,34.85064448670231],[135.48422371775897,34.850553843722025],[135.48405115437888,34.85044881421008],[135.48389196634133,34.85033040965809],[135.48374768671414,34.850199770366615],[135.48361970498902,34.85005815446345],[135.48350925369996,34.84990692578715],[135.4834173965532,34.849747540752546],[135.4833450181833,34.84958153432465],[135.48329281563352,34.8494105052361],[135.48326129164295,34.84923610059053],[135.48325074980488,34.84906],[135.48326129164295,34.84888389940947],[135.48329281563352,34.8487094947639],[135.4833450181833,34.848538465675354],[135.4834173965532,34.84837245924746],[135.48350925369996,34.84821307421285],[135.48361970498902,34.848061845536556],[135.48374768671414,34.84792022963339],[135.48389196634133,34.84778959034191],[135.48405115437888,34.84767118578992],[135.48422371775897,34.84756615627798],[135.48440799460192,34.847475513297695],[135.48460221022103,34.84740012979052],[135.48480449421368,34.84734073174084],[135.48501289847448,34.84729789118435],[135.48522541595642,34.847272020699016],[135.48544,34.847263369431765],[135.4856545840436,34.847272020699016],[135.48586710152554,34.84729789118435],[135.48607550578635,34.84734073174084],[135.486277789779,34.84740012979052],[135.4864720053981,34.847475513297695],[135.48665628224106,34.84756615627798],[135.48682884562115,34.84767118578992],[135.4869880336587,34.84778959034191],[135.48713231328588,34.84792022963339],[135.487260295011,34.848061845536556],[135.48737074630006,34.84821307421285],[135.48746260344683,34.84837245924746],[135.48753498181674,34.848538465675354],[135.4875871843665,34.8487094947639],[135.48761870835708,34.84888389940947],[135.48762925019514,34.84906]]]}},{"type":"Feature","properties":{"layer":"z17_default","buffer_m":500},"geometry":{"type":"Polygon","coordinates":[[[135.4891731900063,34.85003],[135.48914683510046,34.85047025147632],[135.48906802419503,34.85090626309025],[135.48893751628216,34.851333835811616],[135.48875656822437,34.85174885188136],[135.48852692265038,34.85214731446787],[135.48825079117262,34.85252538615861],[135.48793083308811,34.852879425916534],[135.4875701297682,34.853206024145216],[135.48717215498297,34.853502035525196],[135.48674074144716,34.85376460930506],[135.486280043909,34.853991216755766],[135.4857944991376,34.854179675523696],[135.48528878319453,34.85432817064789],[135.48476776640078,34.854435272039126],[135.4842364664329,34.85449994825245],[135.4837,34.854521576420595],[135.4831635335671,34.85449994825245],[135.48263223359922,34.854435272039126],[135.48211121680546,34.85432817064789],[135.4816055008624,34.854179675523696],[135.481119956091,34.853991216755766],[135.48065925855283,34.85376460930506],[135.48022784501703,34.853502035525196],[135.4798298702318,34.853206024145216],[135.47946916691188,34.852879425916534],[135.47914920882738,34.85252538615861],[135.47887307734962,34.85214731446787],[135.47864343177562,34.85174885188136],[135.47846248371783,34.851333835811616],[135.47833197580496,34.85090626309025],[135.47825316489954,34.85047025147632],[135.47822680999369,34.85003],[135.47825316489954,34.84958974852368],[135.47833197580496,34.84915373690974],[135.47846248371783,34.84872616418838],[135.47864343177562,34.84831114811863],[135.47887307734962,34.84791268553212],[135.47914920882738,34.84753461384138],[135.47946916691188,34.84718057408346],[135.4798298702318,34.84685397585478],[135.48022784501703,34.8465579644748],[135.48065925855283,34.846295390694934],[135.481119956091,34.84606878324423],[135.4816055008624,34.8458803244763],[135.48211121680546,34.845731829352104],[135.48263223359922,34.84562472796087],[135.4831635335671,34.84556005174754],[135.4837,34.8455384235794],[135.4842364664329,34.84556005174754],[135.48476776640078,34.84562472796087],[135.48528878319453,34.845731829352104],[135.4857944991376,34.8458803244763],[135.486280043909,34.84606878324423],[135.48674074144716,34.846295390694934],[135.48717215498297,34.8465579644748],[135.4875701297682,34.84685397585478],[135.48793083308811,34.84718057408346],[135.48825079117262,34.84753461384138],[135.48852692265038,34.84791268553212],[135.48875656822437,34.84831114811863],[135.48893751628216,34.84872616418838],[135.48906802419503,34.84915373690974],[135.48914683510046,34.84958974852368],[135.4891731900063,34.85003]]]}},{"type":"Feature","properties":{"layer":"z18_optional","buffer_m":200},"geometry":{"type":"Polygon","coordinates":[[[135.48588927600252,34.85003],[135.48587873404017,34.850206100590526],[135.485847209678,34.850380505236096],[135.48579500651286,34.850551534324644],[135.48572262728976,34.85071754075254],[135.48563076906015,34.85087692578715],[135.48552031646904,34.85102815446344],[135.48539233323524,34.85116977036661],[135.48524805190726,34.85130040965809],[135.48508886199318,34.85141881421008],[135.48491629657886,34.85152384372202],[135.4847320175636,34.8516144867023],[135.48453779965504,34.851689870209476],[135.4843355132778,34.851749268259155],[135.48412710656032,34.85179210881565],[135.48391458657315,34.85181797930098],[135.4837,34.85182663056823],[135.48348541342685,34.85181797930098],[135.48327289343968,34.85179210881565],[135.48306448672218,34.851749268259155],[135.48286220034495,34.851689870209476],[135.4826679824364,34.8516144867023],[135.48248370342114,34.85152384372202],[135.48231113800682,34.85141881421008],[135.48215194809273,34.85130040965809],[135.48200766676476,34.85116977036661],[135.48187968353096,34.85102815446344],[135.48176923093985,34.85087692578715],[135.48167737271024,34.85071754075254],[135.48160499348714,34.850551534324644],[135.48155279032198,34.850380505236096],[135.48152126595983,34.850206100590526],[135.48151072399747,34.85003],[135.48152126595983,34.84985389940947],[135.48155279032198,34.8496794947639],[135.48160499348714,34.84950846567535],[135.48167737271024,34.84934245924745],[135.48176923093985,34.849183074212846],[135.48187968353096,34.84903184553655],[135.48200766676476,34.84889022963338],[135.48215194809273,34.848759590341906],[135.48231113800682,34.848641185789916],[135.48248370342114,34.84853615627797],[135.4826679824364,34.84844551329769],[135.48286220034495,34.84837012979052],[135.48306448672218,34.84831073174084],[135.48327289343968,34.84826789118434],[135.48348541342685,34.84824202069901],[135.4837,34.84823336943176],[135.48391458657315,34.84824202069901],[135.48412710656032,34.84826789118434],[135.4843355132778,34.84831073174084],[135.48453779965504,34.84837012979052],[135.4847320175636,34.84844551329769],[135.48491629657886,34.84853615627797],[135.48508886199318,34.848641185789916],[135.48524805190726,34.848759590341906],[135.48539233323524,34.84889022963338],[135.48552031646904,34.84903184553655],[135.48563076906015,34.849183074212846],[135.48572262728976,34.84934245924745],[135.48579500651286,34.84950846567535],[135.485847209678,34.8496794947639],[135.48587873404017,34.84985389940947],[135.48588927600252,34.85003]]]}},{"type":"Feature","properties":{"layer":"z17_default","buffer_m":500},"geometry":{"type":"Polygon","coordinates":[[[135.48998323390728,34.85069],[135.48995687879003,34.85113025147632],[135.48987806725245,34.851566263090255],[135.48974755829278,34.85199383581162],[135.48956660878358,34.852408851881364],[135.48933696136757,34.852807314467874],[135.48906082767493,34.853185386158614],[135.488740867024,34.85353942591654],[135.48838016081086,34.85386602414522],[135.48798218283343,34.8541620355252],[135.48755076583723,34.85442460930506],[135.48709006460376,34.85465121675577],[135.48660451593778,34.8548396755237],[135.48609879593832,34.85498817064789],[135.48557777496544,34.85509527203913],[135.48504647073594,34.85515994825246],[135.48451,34.8551815764206],[135.48397352926406,34.85515994825246],[135.48344222503457,34.85509527203913],[135.48292120406168,34.85498817064789],[135.48241548406222,34.8548396755237],[135.48192993539624,34.85465121675577],[135.48146923416277,34.85442460930506],[135.48103781716657,34.8541620355252],[135.48063983918914,34.85386602414522],[135.480279132976,34.85353942591654],[135.47995917232507,34.853185386158614],[135.47968303863243,34.852807314467874],[135.47945339121642,34.852408851881364],[135.47927244170722,34.85199383581162],[135.47914193274755,34.851566263090255],[135.47906312120998,34.85113025147632],[135.47903676609272,34.85069],[135.47906312120998,34.85024974852368],[135.47914193274755,34.849813736909745],[135.47927244170722,34.84938616418838],[135.47945339121642,34.848971148118636],[135.47968303863243,34.848572685532126],[135.47995917232507,34.848194613841386],[135.480279132976,34.84784057408346],[135.48063983918914,34.84751397585478],[135.48103781716657,34.8472179644748],[135.48146923416277,34.84695539069494],[135.48192993539624,34.84672878324423],[135.48241548406222,34.8465403244763],[135.48292120406168,34.84639182935211],[135.48344222503457,34.84628472796087],[135.48397352926406,34.846220051747544],[135.48451,34.8461984235794],[135.48504647073594,34.846220051747544],[135.48557777496544,34.84628472796087],[135.48609879593832,34.84639182935211],[135.48660451593778,34.8465403244763],[135.48709006460376,34.84672878324423],[135.48755076583723,34.84695539069494],[135.48798218283343,34.8472179644748],[135.48838016081086,34.84751397585478],[135.488740867024,34.84784057408346],[135.48906082767493,34.848194613841386],[135.48933696136757,34.848572685532126],[135.48956660878358,34.848971148118636],[135.48974755829278,34.84938616418838],[135.48987806725245,34.849813736909745],[135.48995687879003,34.85024974852368],[135.48998323390728,34.85069]]]}},{"type":"Feature","properties":{"layer":"z18_optional","buffer_m":200},"geometry":{"type":"Polygon","coordinates":[[[135.4866992935629,34.85069],[135.486688751516,34.85086610059053],[135.48665722690097,34.8510405052361],[135.4866050233171,34.85121153432465],[135.48653264351344,34.851377540752544],[135.48644078454703,34.85153692578715],[135.48633033106998,34.851688154463446],[135.48620234680962,34.851829770366614],[135.48605806432434,34.85196040965809],[135.48589887313338,34.85207881421008],[135.4857263063349,34.852183843722024],[135.4855420258415,34.852274486702306],[135.4853478063751,34.85234987020948],[135.48514551837533,34.85240926825916],[135.48493710998616,34.852452108815655],[135.48472458829437,34.852477979300986],[135.48451,34.85248663056824],[135.48429541170563,34.852477979300986],[135.48408289001384,34.852452108815655],[135.48387448162467,34.85240926825916],[135.4836721936249,34.85234987020948],[135.4834779741585,34.852274486702306],[135.4832936936651,34.852183843722024],[135.48312112686662,34.85207881421008],[135.48296193567566,34.85196040965809],[135.48281765319038,34.851829770366614],[135.48268966893002,34.851688154463446],[135.48257921545297,34.85153692578715],[135.48248735648656,34.851377540752544],[135.4824149766829,34.85121153432465],[135.48236277309903,34.8510405052361],[135.482331248484,34.85086610059053],[135.4823207064371,34.85069],[135.482331248484,34.85051389940947],[135.48236277309903,34.8503394947639],[135.4824149766829,34.85016846567535],[135.48248735648656,34.850002459247456],[135.48257921545297,34.84984307421285],[135.48268966893002,34.849691845536555],[135.48281765319038,34.84955022963339],[135.48296193567566,34.84941959034191],[135.48312112686662,34.84930118578992],[135.4832936936651,34.849196156277976],[135.4834779741585,34.849105513297694],[135.4836721936249,34.84903012979052],[135.48387448162467,34.84897073174084],[135.48408289001384,34.848927891184346],[135.48429541170563,34.848902020699015],[135.48451,34.848893369431764],[135.48472458829437,34.848902020699015],[135.48493710998616,34.848927891184346],[135.48514551837533,34.84897073174084],[135.4853478063751,34.84903012979052],[135.4855420258415,34.849105513297694],[135.4857263063349,34.849196156277976],[135.48589887313338,34.84930118578992],[135.48605806432434,34.84941959034191],[135.48620234680962,34.84955022963339],[135.48633033106998,34.849691845536555],[135.48644078454703,34.84984307421285],[135.48653264351344,34.850002459247456],[135.4866050233171,34.85016846567535],[135.48665722690097,34.8503394947639],[135.486688751516,34.85051389940947],[135.4866992935629,34.85069]]]}},{"type":"Feature","properties":{"layer":"z17_default","buffer_m":500},"geometry":{"type":"Polygon","coordinates":[[[135.49157336495347,34.85266],[135.4915470092052,34.85310025147632],[135.49146819578064,34.853536263090255],[135.49133768369614,34.85396383581162],[135.49115672985448,34.854378851881364],[135.49092707694,34.854777314467874],[135.49065093663586,34.855155386158614],[135.4903309683241,34.85550942591654],[135.4899702534745,34.85583602414522],[135.48957226596826,34.8561320355252],[135.48914083864258,34.85639460930506],[135.4886801263785,34.85662121675577],[135.48819456608697,34.8568096755237],[135.487688833979,34.85695817064789],[135.48716780053127,34.85706527203913],[135.48663648358072,34.85712994825246],[135.4861,34.8571515764206],[135.48556351641926,34.85712994825246],[135.48503219946872,34.85706527203913],[135.48451116602098,34.85695817064789],[135.484005433913,34.8568096755237],[135.48351987362147,34.85662121675577],[135.4830591613574,34.85639460930506],[135.48262773403172,34.8561320355252],[135.4822297465255,34.85583602414522],[135.4818690316759,34.85550942591654],[135.48154906336413,34.855155386158614],[135.48127292305998,34.854777314467874],[135.4810432701455,34.854378851881364],[135.48086231630384,34.85396383581162],[135.48073180421935,34.853536263090255],[135.4806529907948,34.85310025147632],[135.48062663504652,34.85266],[135.4806529907948,34.85221974852368],[135.48073180421935,34.851783736909745],[135.48086231630384,34.85135616418838],[135.4810432701455,34.850941148118636],[135.48127292305998,34.850542685532126],[135.48154906336413,34.850164613841386],[135.4818690316759,34.84981057408346],[135.4822297465255,34.84948397585478],[135.48262773403172,34.8491879644748],[135.4830591613574,34.84892539069494],[135.48351987362147,34.84869878324423],[135.484005433913,34.8485103244763],[135.48451116602098,34.84836182935211],[135.48503219946872,34.84825472796087],[135.48556351641926,34.848190051747544],[135.4861,34.8481684235794],[135.48663648358072,34.848190051747544],[135.48716780053127,34.84825472796087],[135.487688833979,34.84836182935211],[135.48819456608697,34.8485103244763],[135.4886801263785,34.84869878324423],[135.48914083864258,34.84892539069494],[135.48957226596826,34.8491879644748],[135.4899702534745,34.84948397585478],[135.4903309683241,34.84981057408346],[135.49065093663586,34.850164613841386],[135.49092707694,34.850542685532126],[135.49115672985448,34.850941148118636],[135.49133768369614,34.85135616418838],[135.49146819578064,34.851783736909745],[135.4915470092052,34.85221974852368],[135.49157336495347,34.85266]]]}},{"type":"Feature","properties":{"layer":"z18_optional","buffer_m":200},"geometry":{"type":"Polygon","coordinates":[[[135.48828934598137,34.85266],[135.48827880368208,34.85283610059053],[135.48824727831226,34.8530105052361],[135.48819507347847,34.85318153432465],[135.48812269194178,34.853347540752544],[135.48803083077598,34.85350692578715],[135.48792037465432,34.853658154463446],[135.48779238732965,34.853799770366614],[135.4876481013898,34.85393040965809],[135.48748890638728,34.85404881421008],[135.48731633545702,34.854153843722024],[135.4871320505514,34.85424448670231],[135.4869378264348,34.85431987020948],[135.4867355335916,34.85437926825916],[135.48652712021251,34.854422108815655],[135.48631459343227,34.854447979300986],[135.4861,34.85445663056824],[135.48588540656772,34.854447979300986],[135.48567287978747,34.854422108815655],[135.4854644664084,34.85437926825916],[135.4852621735652,34.85431987020948],[135.4850679494486,34.85424448670231],[135.48488366454296,34.854153843722024],[135.4847110936127,34.85404881421008],[135.4845518986102,34.85393040965809],[135.48440761267034,34.853799770366614],[135.48427962534566,34.853658154463446],[135.484169169224,34.85350692578715],[135.4840773080582,34.853347540752544],[135.48400492652152,34.85318153432465],[135.48395272168773,34.8530105052361],[135.4839211963179,34.85283610059053],[135.48391065401862,34.85266],[135.4839211963179,34.85248389940947],[135.48395272168773,34.8523094947639],[135.48400492652152,34.85213846567535],[135.4840773080582,34.851972459247456],[135.484169169224,34.85181307421285],[135.48427962534566,34.851661845536555],[135.48440761267034,34.85152022963339],[135.4845518986102,34.85138959034191],[135.4847110936127,34.85127118578992],[135.48488366454296,34.851166156277976],[135.4850679494486,34.851075513297694],[135.4852621735652,34.85100012979052],[135.4854644664084,34.85094073174084],[135.48567287978747,34.850897891184346],[135.48588540656772,34.850872020699015],[135.4861,34.850863369431764],[135.48631459343227,34.850872020699015],[135.48652712021251,34.850897891184346],[135.4867355335916,34.85094073174084],[135.4869378264348,34.85100012979052],[135.4871320505514,34.851075513297694],[135.48731633545702,34.851166156277976],[135.48748890638728,34.85127118578992],[135.4876481013898,34.85138959034191],[135.48779238732965,34.85152022963339],[135.48792037465432,34.851661845536555],[135.48803083077598,34.85181307421285],[135.48812269194178,34.851972459247456],[135.48819507347847,34.85213846567535],[135.48824727831226,34.8523094947639],[135.48827880368208,34.85248389940947],[135.48828934598137,34.85266]]]}},{"type":"Feature","properties":{"layer":"z17_default","buffer_m":500},"geometry":{"type":"Polygon","coordinates":[[[135.49080350133488,34.85471],[135.4907771449299,34.85515025147632],[135.49069832954152,34.85558626309025],[135.49056781420504,34.856013835811616],[135.49038685585447,34.85642885188136],[135.49015719721768,34.85682731446787],[135.48988105003286,34.85720538615861],[135.48956107374838,34.857559425916534],[135.48920034991073,34.857886024145216],[135.4888023524877,34.858182035525196],[135.48837091441206,34.85844460930506],[135.4879101906683,34.858671216755766],[135.48742461827788,34.858859675523696],[135.48691887356844,34.85900817064789],[135.48639782713798,34.859115272039126],[135.48586649694843,34.859179948252454],[135.48533,34.859201576420595],[135.48479350305158,34.859179948252454],[135.48426217286203,34.859115272039126],[135.48374112643157,34.85900817064789],[135.48323538172212,34.858859675523696],[135.48274980933172,34.858671216755766],[135.48228908558795,34.85844460930506],[135.4818576475123,34.858182035525196],[135.48145965008928,34.857886024145216],[135.48109892625163,34.857559425916534],[135.48077894996715,34.85720538615861],[135.48050280278233,34.85682731446787],[135.48027314414554,34.85642885188136],[135.48009218579497,34.856013835811616],[135.4799616704585,34.85558626309025],[135.47988285507012,34.85515025147632],[135.47985649866513,34.85471],[135.47988285507012,34.85426974852368],[135.4799616704585,34.85383373690974],[135.48009218579497,34.85340616418838],[135.48027314414554,34.85299114811863],[135.48050280278233,34.85259268553212],[135.48077894996715,34.85221461384138],[135.48109892625163,34.85186057408346],[135.48145965008928,34.85153397585478],[135.4818576475123,34.8512379644748],[135.48228908558795,34.850975390694934],[135.48274980933172,34.85074878324423],[135.48323538172212,34.8505603244763],[135.48374112643157,34.850411829352105],[135.48426217286203,34.85030472796087],[135.48479350305158,34.85024005174754],[135.48533,34.8502184235794],[135.48586649694843,34.85024005174754],[135.48639782713798,34.85030472796087],[135.48691887356844,34.850411829352105],[135.48742461827788,34.8505603244763],[135.4879101906683,34.85074878324423],[135.48837091441206,34.850975390694934],[135.4888023524877,34.8512379644748],[135.48920034991073,34.85153397585478],[135.48956107374838,34.85186057408346],[135.48988105003286,34.85221461384138],[135.49015719721768,34.85259268553212],[135.49038685585447,34.85299114811863],[135.49056781420504,34.85340616418838],[135.49069832954152,34.85383373690974],[135.4907771449299,34.85426974852368],[135.49080350133488,34.85471]]]}},{"type":"Feature","properties":{"layer":"z18_optional","buffer_m":200},"geometry":{"type":"Polygon","coordinates":[[[135.48751940053396,34.85471],[135.48750885797196,34.85488610059053],[135.48747733181662,34.855060505236096],[135.48742512568202,34.855231534324645],[135.48735274234178,34.85539754075254],[135.48726087888707,34.85555692578715],[135.48715042001314,34.85570815446344],[135.48702242949935,34.85584977036661],[135.4868781399643,34.85598040965809],[135.48671894099508,34.85609881421008],[135.48654636576484,34.85620384372202],[135.4863620762673,34.8562944867023],[135.48616784731115,34.85636987020948],[135.4859655494274,34.856429268259156],[135.4857571308552,34.85647210881565],[135.48554459877937,34.85649797930098],[135.48533,34.856506630568234],[135.48511540122064,34.85649797930098],[135.4849028691448,34.85647210881565],[135.48469445057262,34.856429268259156],[135.48449215268886,34.85636987020948],[135.4842979237327,34.8562944867023],[135.48411363423517,34.85620384372202],[135.48394105900493,34.85609881421008],[135.48378186003572,34.85598040965809],[135.48363757050066,34.85584977036661],[135.48350957998687,34.85570815446344],[135.48339912111294,34.85555692578715],[135.48330725765823,34.85539754075254],[135.483234874318,34.855231534324645],[135.4831826681834,34.855060505236096],[135.48315114202805,34.85488610059053],[135.48314059946605,34.85471],[135.48315114202805,34.85453389940947],[135.4831826681834,34.8543594947639],[135.483234874318,34.85418846567535],[135.48330725765823,34.85402245924745],[135.48339912111294,34.853863074212846],[135.48350957998687,34.85371184553655],[135.48363757050066,34.853570229633384],[135.48378186003572,34.85343959034191],[135.48394105900493,34.853321185789916],[135.48411363423517,34.85321615627797],[135.4842979237327,34.85312551329769],[135.48449215268886,34.85305012979052],[135.48469445057262,34.85299073174084],[135.4849028691448,34.85294789118434],[135.48511540122064,34.85292202069901],[135.48533,34.85291336943176],[135.48554459877937,34.85292202069901],[135.4857571308552,34.85294789118434],[135.4859655494274,34.85299073174084],[135.48616784731115,34.85305012979052],[135.4863620762673,34.85312551329769],[135.48654636576484,34.85321615627797],[135.48671894099508,34.853321185789916],[135.4868781399643,34.85343959034191],[135.48702242949935,34.853570229633384],[135.48715042001314,34.85371184553655],[135.48726087888707,34.853863074212846],[135.48735274234178,34.85402245924745],[135.48742512568202,34.85418846567535],[135.48747733181662,34.8543594947639],[135.48750885797196,34.85453389940947],[135.48751940053396,34.85471]]]}},{"type":"Feature","properties":{"layer":"z17_default","buffer_m":500},"geometry":{"type":"Polygon","coordinates":[[[135.4966736703339,34.85725],[135.49664731311515,34.85769025147632],[135.49656849529327,34.858126263090256],[135.49643797592702,34.85855383581162],[135.49625701198923,34.858968851881365],[135.4960273462615,34.859367314467875],[135.4957511905504,34.859745386158615],[135.49543120438636,34.86009942591654],[135.49507046941108,34.86042602414522],[135.49467245969956,34.8607220355252],[135.49424100830288,34.86098460930506],[135.49378027033387,34.86121121675577],[135.49329468295102,34.8613996755237],[135.49278892262626,34.86154817064789],[135.49226786010806,34.86165527203913],[135.49173651351322,34.86171994825246],[135.4912,34.8617415764206],[135.49066348648677,34.86171994825246],[135.49013213989193,34.86165527203913],[135.48961107737372,34.86154817064789],[135.48910531704897,34.8613996755237],[135.4886197296661,34.86121121675577],[135.4881589916971,34.86098460930506],[135.48772754030043,34.8607220355252],[135.4873295305889,34.86042602414522],[135.48696879561362,34.86009942591654],[135.48664880944958,34.859745386158615],[135.48637265373847,34.859367314467875],[135.48614298801076,34.858968851881365],[135.48596202407296,34.85855383581162],[135.4858315047067,34.858126263090256],[135.48575268688484,34.85769025147632],[135.48572632966608,34.85725],[135.48575268688484,34.85680974852368],[135.4858315047067,34.856373736909745],[135.48596202407296,34.85594616418838],[135.48614298801076,34.85553114811864],[135.48637265373847,34.855132685532126],[135.48664880944958,34.854754613841386],[135.48696879561362,34.85440057408346],[135.4873295305889,34.85407397585478],[135.48772754030043,34.8537779644748],[135.4881589916971,34.85351539069494],[135.4886197296661,34.85328878324423],[135.48910531704897,34.8531003244763],[135.48961107737372,34.85295182935211],[135.49013213989193,34.85284472796087],[135.49066348648677,34.852780051747544],[135.4912,34.8527584235794],[135.49173651351322,34.852780051747544],[135.49226786010806,34.85284472796087],[135.49278892262626,34.85295182935211],[135.49329468295102,34.8531003244763],[135.49378027033387,34.85328878324423],[135.49424100830288,34.85351539069494],[135.49467245969956,34.8537779644748],[135.49507046941108,34.85407397585478],[135.49543120438636,34.85440057408346],[135.4957511905504,34.854754613841386],[135.4960273462615,34.855132685532126],[135.49625701198923,34.85553114811864],[135.49643797592702,34.85594616418838],[135.49656849529327,34.856373736909745],[135.49664731311515,34.85680974852368],[135.4966736703339,34.85725]]]}},{"type":"Feature","properties":{"layer":"z18_optional","buffer_m":200},"geometry":{"type":"Polygon","coordinates":[[[135.49338946813356,34.85725],[135.49337892524605,34.85742610059053],[135.49334739811732,34.8576005052361],[135.49329519037082,34.85777153432465],[135.4932228047957,34.857937540752545],[135.4931309385046,34.85809692578715],[135.49302047622015,34.858248154463446],[135.49289248175455,34.858389770366614],[135.49274818776442,34.85852040965809],[135.4925889838798,34.85863881421008],[135.49241640332116,34.858743843722024],[135.49223210813355,34.85883448670231],[135.4920378731804,34.85890987020948],[135.4918355690505,34.85896926825916],[135.4916271440432,34.859012108815655],[135.49141460540528,34.859037979300986],[135.4912,34.85904663056824],[135.4909853945947,34.859037979300986],[135.49077285595678,34.859012108815655],[135.4905644309495,34.85896926825916],[135.49036212681958,34.85890987020948],[135.49016789186643,34.85883448670231],[135.48998359667883,34.858743843722024],[135.48981101612017,34.85863881421008],[135.48965181223556,34.85852040965809],[135.48950751824543,34.858389770366614],[135.48937952377983,34.858248154463446],[135.48926906149538,34.85809692578715],[135.4891771952043,34.857937540752545],[135.48910480962917,34.85777153432465],[135.48905260188266,34.8576005052361],[135.48902107475394,34.85742610059053],[135.48901053186643,34.85725],[135.48902107475394,34.85707389940947],[135.48905260188266,34.8568994947639],[135.48910480962917,34.85672846567535],[135.4891771952043,34.856562459247456],[135.48926906149538,34.85640307421285],[135.48937952377983,34.856251845536555],[135.48950751824543,34.85611022963339],[135.48965181223556,34.85597959034191],[135.48981101612017,34.85586118578992],[135.48998359667883,34.85575615627798],[135.49016789186643,34.855665513297694],[135.49036212681958,34.85559012979052],[135.4905644309495,34.85553073174084],[135.49077285595678,34.855487891184346],[135.4909853945947,34.855462020699015],[135.4912,34.855453369431764],[135.49141460540528,34.855462020699015],[135.4916271440432,34.855487891184346],[135.4918355690505,34.85553073174084],[135.4920378731804,34.85559012979052],[135.49223210813355,34.855665513297694],[135.49241640332116,34.85575615627798],[135.4925889838798,34.85586118578992],[135.49274818776442,34.85597959034191],[135.49289248175455,34.85611022963339],[135.49302047622015,34.856251845536555],[135.4931309385046,34.85640307421285],[135.4932228047957,34.856562459247456],[135.49329519037082,34.85672846567535],[135.49334739811732,34.8568994947639],[135.49337892524605,34.85707389940947],[135.49338946813356,34.85725]]]}},{"type":"Feature","properties":{"layer":"z17_default","buffer_m":500},"geometry":{"type":"Polygon","coordinates":[[[135.49799370293854,34.85774],[135.49796734556278,34.85818025147632],[135.49788852727144,34.858616263090255],[135.49775800712771,34.85904383581162],[135.49757704211197,34.859458851881364],[135.49734737501623,34.859857314467874],[135.49707121766016,34.860235386158614],[135.4967512295901,34.86058942591654],[135.49639049246605,34.86091602414522],[135.49599248038373,34.8612120355252],[135.49556102641705,34.86147460930506],[135.4951002857036,34.86170121675577],[135.49461469542828,34.8618896755237],[135.4941089320909,34.86203817064789],[135.4935878664689,34.86214527203913],[135.49305651670906,34.862209948252456],[135.49252,34.8622315764206],[135.49198348329097,34.862209948252456],[135.4914521335311,34.86214527203913],[135.49093106790912,34.86203817064789],[135.49042530457174,34.8618896755237],[135.48993971429644,34.86170121675577],[135.48947897358298,34.86147460930506],[135.4890475196163,34.8612120355252],[135.48864950753398,34.86091602414522],[135.48828877040992,34.86058942591654],[135.48796878233986,34.860235386158614],[135.4876926249838,34.859857314467874],[135.48746295788806,34.859458851881364],[135.4872819928723,34.85904383581162],[135.48715147272858,34.858616263090255],[135.48707265443724,34.85818025147632],[135.48704629706148,34.85774],[135.48707265443724,34.85729974852368],[135.48715147272858,34.856863736909744],[135.4872819928723,34.85643616418838],[135.48746295788806,34.856021148118636],[135.4876926249838,34.855622685532126],[135.48796878233986,34.855244613841386],[135.48828877040992,34.85489057408346],[135.48864950753398,34.85456397585478],[135.4890475196163,34.8542679644748],[135.48947897358298,34.85400539069494],[135.48993971429644,34.85377878324423],[135.49042530457174,34.8535903244763],[135.49093106790912,34.85344182935211],[135.4914521335311,34.85333472796087],[135.49198348329097,34.85327005174754],[135.49252,34.8532484235794],[135.49305651670906,34.85327005174754],[135.4935878664689,34.85333472796087],[135.4941089320909,34.85344182935211],[135.49461469542828,34.8535903244763],[135.4951002857036,34.85377878324423],[135.49556102641705,34.85400539069494],[135.49599248038373,34.8542679644748],[135.49639049246605,34.85456397585478],[135.4967512295901,34.85489057408346],[135.49707121766016,34.855244613841386],[135.49734737501623,34.855622685532126],[135.49757704211197,34.856021148118636],[135.49775800712771,34.85643616418838],[135.49788852727144,34.856863736909744],[135.49796734556278,34.85729974852368],[135.49799370293854,34.85774]]]}},{"type":"Feature","properties":{"layer":"z18_optional","buffer_m":200},"geometry":{"type":"Polygon","coordinates":[[[135.49470948117542,34.85774],[135.49469893822513,34.85791610059053],[135.4946674109086,34.8580905052361],[135.4946152028511,34.85826153432465],[135.49454281684478,34.858427540752544],[135.4944509500065,34.85858692578715],[135.49434048706408,34.858738154463445],[135.49421249183604,34.85887977036661],[135.49406819698643,34.85901040965809],[135.4939089921535,34.85912881421008],[135.49373641056684,34.85923384372202],[135.49355211428144,34.859324486702306],[135.4933578781713,34.85939987020948],[135.49315557283637,34.85945926825916],[135.49294714658757,34.859502108815654],[135.49273460668363,34.859527979300985],[135.49252,34.859536630568236],[135.4923053933164,34.859527979300985],[135.49209285341246,34.859502108815654],[135.49188442716365,34.85945926825916],[135.49168212182872,34.85939987020948],[135.49148788571858,34.859324486702306],[135.4913035894332,34.85923384372202],[135.49113100784652,34.85912881421008],[135.4909718030136,34.85901040965809],[135.490827508164,34.85887977036661],[135.49069951293595,34.858738154463445],[135.49058904999353,34.85858692578715],[135.49049718315524,34.858427540752544],[135.49042479714893,34.85826153432465],[135.49037258909144,34.8580905052361],[135.4903410617749,34.85791610059053],[135.4903305188246,34.85774],[135.4903410617749,34.85756389940947],[135.49037258909144,34.8573894947639],[135.49042479714893,34.85721846567535],[135.49049718315524,34.857052459247456],[135.49058904999353,34.85689307421285],[135.49069951293595,34.856741845536554],[135.490827508164,34.856600229633386],[135.4909718030136,34.85646959034191],[135.49113100784652,34.85635118578992],[135.4913035894332,34.856246156277976],[135.49148788571858,34.85615551329769],[135.49168212182872,34.85608012979052],[135.49188442716365,34.85602073174084],[135.49209285341246,34.855977891184345],[135.4923053933164,34.855952020699014],[135.49252,34.85594336943176],[135.49273460668363,34.855952020699014],[135.49294714658757,34.855977891184345],[135.49315557283637,34.85602073174084],[135.4933578781713,34.85608012979052],[135.49355211428144,34.85615551329769],[135.49373641056684,34.856246156277976],[135.4939089921535,34.85635118578992],[135.49406819698643,34.85646959034191],[135.49421249183604,34.856600229633386],[135.49434048706408,34.856741845536554],[135.4944509500065,34.85689307421285],[135.49454281684478,34.857052459247456],[135.4946152028511,34.85721846567535],[135.4946674109086,34.8573894947639],[135.49469893822513,34.85756389940947],[135.49470948117542,34.85774]]]}},{"type":"Feature","properties":{"layer":"z17_default","buffer_m":500},"geometry":{"type":"Polygon","coordinates":[[[135.49528256889465,34.84069],[135.4952562169796,34.84113025147632],[135.49517741501788,34.84156626309026],[135.49504692191536,34.84199383581162],[135.49486599439203,34.842408851881366],[135.4946363748788,34.842807314467876],[135.49436027473715,34.843185386158616],[135.49404035296232,34.84353942591654],[135.49367969057593,34.84386602414522],[135.4932817609539,34.8441620355252],[135.492850396376,34.844424609305065],[135.492389751119,34.84465121675577],[135.49190426144847,34.8448396755237],[135.49139860289534,34.844988170647895],[135.49087764522793,34.84509527203913],[135.4903464055533,34.84515994825246],[135.48981,34.8451815764206],[135.4892735944467,34.84515994825246],[135.48874235477209,34.84509527203913],[135.48822139710467,34.844988170647895],[135.48771573855154,34.8448396755237],[135.48723024888102,34.84465121675577],[135.486769603624,34.844424609305065],[135.48633823904612,34.8441620355252],[135.48594030942408,34.84386602414522],[135.4855796470377,34.84353942591654],[135.48525972526286,34.843185386158616],[135.4849836251212,34.842807314467876],[135.48475400560798,34.842408851881366],[135.48457307808465,34.84199383581162],[135.48444258498213,34.84156626309026],[135.4843637830204,34.84113025147632],[135.48433743110536,34.84069],[135.4843637830204,34.84024974852368],[135.48444258498213,34.83981373690975],[135.48457307808465,34.83938616418838],[135.48475400560798,34.83897114811864],[135.4849836251212,34.83857268553213],[135.48525972526286,34.83819461384139],[135.4855796470377,34.837840574083465],[135.48594030942408,34.83751397585478],[135.48633823904612,34.8372179644748],[135.486769603624,34.83695539069494],[135.48723024888102,34.83672878324423],[135.48771573855154,34.8365403244763],[135.48822139710467,34.83639182935211],[135.48874235477209,34.83628472796087],[135.4892735944467,34.836220051747546],[135.48981,34.836198423579404],[135.4903464055533,34.836220051747546],[135.49087764522793,34.83628472796087],[135.49139860289534,34.83639182935211],[135.49190426144847,34.8365403244763],[135.492389751119,34.83672878324423],[135.492850396376,34.83695539069494],[135.4932817609539,34.8372179644748],[135.49367969057593,34.83751397585478],[135.49404035296232,34.837840574083465],[135.49436027473715,34.83819461384139],[135.4946363748788,34.83857268553213],[135.49486599439203,34.83897114811864],[135.49504692191536,34.83938616418838],[135.49517741501788,34.83981373690975],[135.4952562169796,34.84024974852368],[135.49528256889465,34.84069]]]}},{"type":"Feature","properties":{"layer":"z18_optional","buffer_m":200},"geometry":{"type":"Polygon","coordinates":[[[135.49199902755785,34.84069],[135.49198848679185,34.84086610059053],[135.49195696600714,34.8410405052361],[135.49190476876615,34.84121153432465],[135.4918323977568,34.841377540752546],[135.49174054995152,34.84153692578715],[135.49163010989486,34.84168815446345],[135.49150214118492,34.841829770366616],[135.49135787623038,34.84196040965809],[135.49119870438156,34.84207881421008],[135.49102615855043,34.842183843722026],[135.4908419004476,34.84227448670231],[135.4906477045794,34.84234987020948],[135.49044544115813,34.84240926825916],[135.49023705809117,34.84245210881566],[135.49002456222132,34.84247797930099],[135.48981,34.84248663056824],[135.4895954377787,34.84247797930099],[135.48938294190884,34.84245210881566],[135.48917455884188,34.84240926825916],[135.4889722954206,34.84234987020948],[135.4887780995524,34.84227448670231],[135.48859384144959,34.842183843722026],[135.48842129561845,34.84207881421008],[135.48826212376963,34.84196040965809],[135.4881178588151,34.841829770366616],[135.48798989010515,34.84168815446345],[135.4878794500485,34.84153692578715],[135.4877876022432,34.841377540752546],[135.48771523123386,34.84121153432465],[135.48766303399287,34.8410405052361],[135.48763151320816,34.84086610059053],[135.48762097244216,34.84069],[135.48763151320816,34.84051389940947],[135.48766303399287,34.8403394947639],[135.48771523123386,34.840168465675355],[135.4877876022432,34.84000245924746],[135.4878794500485,34.83984307421285],[135.48798989010515,34.83969184553656],[135.4881178588151,34.83955022963339],[135.48826212376963,34.83941959034191],[135.48842129561845,34.83930118578992],[135.48859384144959,34.83919615627798],[135.4887780995524,34.839105513297696],[135.4889722954206,34.83903012979052],[135.48917455884188,34.838970731740844],[135.48938294190884,34.83892789118435],[135.4895954377787,34.83890202069902],[135.48981,34.838893369431766],[135.49002456222132,34.83890202069902],[135.49023705809117,34.83892789118435],[135.49044544115813,34.838970731740844],[135.4906477045794,34.83903012979052],[135.4908419004476,34.839105513297696],[135.49102615855043,34.83919615627798],[135.49119870438156,34.83930118578992],[135.49135787623038,34.83941959034191],[135.49150214118492,34.83955022963339],[135.49163010989486,34.83969184553656],[135.49174054995152,34.83984307421285],[135.4918323977568,34.84000245924746],[135.49190476876615,34.840168465675355],[135.49195696600714,34.8403394947639],[135.49198848679185,34.84051389940947],[135.49199902755785,34.84069]]]}},{"type":"Feature","properties":{"layer":"z17_default","buffer_m":500},"geometry":{"type":"Polygon","coordinates":[[[135.49479263737578,34.84172],[135.494766285131,34.84216025147632],[135.49468748218314,34.84259626309026],[135.4945569874477,34.84302383581162],[135.49437605766033,34.843438851881366],[135.49414643527376,34.843837314467876],[135.4938703316771,34.844215386158616],[135.49355040589893,34.84456942591654],[135.49318973899938,34.84489602414522],[135.49279180439785,34.8451920355252],[135.4923604344221,34.845454609305065],[135.49189978340075,34.84568121675577],[135.49141428765503,34.8458696755237],[135.49090862277436,34.846018170647895],[135.4903876585879,34.84612527203913],[135.48985641226562,34.84618994825246],[135.48932,34.8462115764206],[135.48878358773436,34.84618994825246],[135.48825234141208,34.84612527203913],[135.48773137722563,34.846018170647895],[135.48722571234495,34.8458696755237],[135.48674021659923,34.84568121675577],[135.4862795655779,34.845454609305065],[135.48584819560213,34.8451920355252],[135.4854502610006,34.84489602414522],[135.48508959410105,34.84456942591654],[135.48476966832288,34.844215386158616],[135.48449356472622,34.843837314467876],[135.48426394233965,34.843438851881366],[135.48408301255228,34.84302383581162],[135.48395251781685,34.84259626309026],[135.483873714869,34.84216025147632],[135.4838473626242,34.84172],[135.483873714869,34.84127974852368],[135.48395251781685,34.84084373690975],[135.48408301255228,34.84041616418838],[135.48426394233965,34.84000114811864],[135.48449356472622,34.83960268553213],[135.48476966832288,34.83922461384139],[135.48508959410105,34.838870574083465],[135.4854502610006,34.83854397585478],[135.48584819560213,34.8382479644748],[135.4862795655779,34.83798539069494],[135.48674021659923,34.83775878324423],[135.48722571234495,34.8375703244763],[135.48773137722563,34.83742182935211],[135.48825234141208,34.83731472796087],[135.48878358773436,34.837250051747546],[135.48932,34.837228423579404],[135.48985641226562,34.837250051747546],[135.4903876585879,34.83731472796087],[135.49090862277436,34.83742182935211],[135.49141428765503,34.8375703244763],[135.49189978340075,34.83775878324423],[135.4923604344221,34.83798539069494],[135.49279180439785,34.8382479644748],[135.49318973899938,34.83854397585478],[135.49355040589893,34.838870574083465],[135.4938703316771,34.83922461384139],[135.49414643527376,34.83960268553213],[135.49437605766033,34.84000114811864],[135.4945569874477,34.84041616418838],[135.49468748218314,34.84084373690975],[135.494766285131,34.84127974852368],[135.49479263737578,34.84172]]]}},{"type":"Feature","properties":{"layer":"z18_optional","buffer_m":200},"geometry":{"type":"Polygon","coordinates":[[[135.4915090549503,34.84172],[135.49149851405238,34.84189610059053],[135.49146699287326,34.8420705052361],[135.49141479497908,34.84224153432465],[135.49134242306414,34.842407540752546],[135.4912505741095,34.84256692578715],[135.49114013267084,34.84271815446345],[135.49101216235957,34.842859770366616],[135.49086789559973,34.84299040965809],[135.49070872175915,34.84310881421008],[135.49053617376882,34.843213843722026],[135.4903519133603,34.84330448670231],[135.49015771506203,34.84337987020948],[135.48995544910974,34.84343926825916],[135.48974706343515,34.84348210881566],[135.48953456490625,34.84350797930099],[135.48932,34.84351663056824],[135.48910543509373,34.84350797930099],[135.48889293656484,34.84348210881566],[135.48868455089024,34.84343926825916],[135.48848228493796,34.84337987020948],[135.48828808663967,34.84330448670231],[135.48810382623117,34.843213843722026],[135.48793127824084,34.84310881421008],[135.48777210440025,34.84299040965809],[135.48762783764042,34.842859770366616],[135.48749986732915,34.84271815446345],[135.48738942589048,34.84256692578715],[135.48729757693584,34.842407540752546],[135.4872252050209,34.84224153432465],[135.48717300712673,34.8420705052361],[135.4871414859476,34.84189610059053],[135.48713094504967,34.84172],[135.4871414859476,34.84154389940947],[135.48717300712673,34.8413694947639],[135.4872252050209,34.841198465675355],[135.48729757693584,34.84103245924746],[135.48738942589048,34.84087307421285],[135.48749986732915,34.84072184553656],[135.48762783764042,34.84058022963339],[135.48777210440025,34.84044959034191],[135.48793127824084,34.84033118578992],[135.48810382623117,34.84022615627798],[135.48828808663967,34.840135513297696],[135.48848228493796,34.84006012979052],[135.48868455089024,34.840000731740844],[135.48889293656484,34.83995789118435],[135.48910543509373,34.83993202069902],[135.48932,34.839923369431766],[135.48953456490625,34.83993202069902],[135.48974706343515,34.83995789118435],[135.48995544910974,34.840000731740844],[135.49015771506203,34.84006012979052],[135.4903519133603,34.840135513297696],[135.49053617376882,34.84022615627798],[135.49070872175915,34.84033118578992],[135.49086789559973,34.84044959034191],[135.49101216235957,34.84058022963339],[135.49114013267084,34.84072184553656],[135.4912505741095,34.84087307421285],[135.49134242306414,34.84103245924746],[135.49141479497908,34.841198465675355],[135.49146699287326,34.8413694947639],[135.49149851405238,34.84154389940947],[135.4915090549503,34.84172]]]}},{"type":"Feature","properties":{"layer":"z17_default","buffer_m":500},"geometry":{"type":"Polygon","coordinates":[[[135.49390283486028,34.84469],[135.49387648166456,34.84513025147632],[135.49379767587305,34.845566263090255],[135.4936671764286,34.84599383581162],[135.49348624011225,34.846408851881364],[135.49325660943956,34.846807314467874],[135.4929804958795,34.847185386158614],[135.49266055855654,34.84753942591654],[135.49229987864203,34.84786602414522],[135.4919019296807,34.8481620355252],[135.49147054413862,34.84842460930506],[135.49100987649433,34.84865121675577],[135.4905243632291,34.8488396755237],[135.4900186801011,34.84898817064789],[135.48949769711524,34.84909527203913],[135.4889664316225,34.849159948252456],[135.48843,34.8491815764206],[135.4878935683775,34.849159948252456],[135.48736230288475,34.84909527203913],[135.4868413198989,34.84898817064789],[135.4863356367709,34.8488396755237],[135.48585012350566,34.84865121675577],[135.48538945586137,34.84842460930506],[135.4849580703193,34.8481620355252],[135.48456012135796,34.84786602414522],[135.48419944144345,34.84753942591654],[135.4838795041205,34.847185386158614],[135.48360339056043,34.846807314467874],[135.48337375988774,34.846408851881364],[135.4831928235714,34.84599383581162],[135.48306232412693,34.845566263090255],[135.48298351833543,34.84513025147632],[135.4829571651397,34.84469],[135.48298351833543,34.84424974852368],[135.48306232412693,34.843813736909745],[135.4831928235714,34.84338616418838],[135.48337375988774,34.842971148118636],[135.48360339056043,34.842572685532126],[135.4838795041205,34.842194613841386],[135.48419944144345,34.84184057408346],[135.48456012135796,34.84151397585478],[135.4849580703193,34.8412179644748],[135.48538945586137,34.84095539069494],[135.48585012350566,34.84072878324423],[135.4863356367709,34.8405403244763],[135.4868413198989,34.84039182935211],[135.48736230288475,34.84028472796087],[135.4878935683775,34.84022005174754],[135.48843,34.8401984235794],[135.4889664316225,34.84022005174754],[135.48949769711524,34.84028472796087],[135.4900186801011,34.84039182935211],[135.4905243632291,34.8405403244763],[135.49100987649433,34.84072878324423],[135.49147054413862,34.84095539069494],[135.4919019296807,34.8412179644748],[135.49229987864203,34.84151397585478],[135.49266055855654,34.84184057408346],[135.4929804958795,34.842194613841386],[135.49325660943956,34.842572685532126],[135.49348624011225,34.842971148118636],[135.4936671764286,34.84338616418838],[135.49379767587305,34.843813736909745],[135.49387648166456,34.84424974852368],[135.49390283486028,34.84469]]]}},{"type":"Feature","properties":{"layer":"z18_optional","buffer_m":200},"geometry":{"type":"Polygon","coordinates":[[[135.4906191339441,34.84469],[135.4906085926658,34.84486610059053],[135.49057707034922,34.8450405052361],[135.49052487057145,34.84521153432465],[135.4904524960449,34.845377540752544],[135.49036064377583,34.84553692578715],[135.4902501983518,34.845688154463446],[135.49012222342262,34.84582977036661],[135.4899779514568,34.84596040965809],[135.48981877187228,34.84607881421008],[135.48964621765543,34.846183843722024],[135.48946195059773,34.846274486702306],[135.48926774529164,34.84634987020948],[135.48906547204044,34.84640926825916],[135.48885707884608,34.846452108815654],[135.488644572649,34.846477979300985],[135.48843,34.846486630568236],[135.48821542735098,34.846477979300985],[135.4880029211539,34.846452108815654],[135.48779452795955,34.84640926825916],[135.48759225470835,34.84634987020948],[135.48739804940226,34.846274486702306],[135.48721378234455,34.846183843722024],[135.4870412281277,34.84607881421008],[135.48688204854318,34.84596040965809],[135.48673777657737,34.84582977036661],[135.4866098016482,34.845688154463446],[135.48649935622416,34.84553692578715],[135.4864075039551,34.845377540752544],[135.48633512942854,34.84521153432465],[135.48628292965077,34.8450405052361],[135.48625140733418,34.84486610059053],[135.48624086605588,34.84469],[135.48625140733418,34.84451389940947],[135.48628292965077,34.8443394947639],[135.48633512942854,34.84416846567535],[135.4864075039551,34.844002459247456],[135.48649935622416,34.84384307421285],[135.4866098016482,34.843691845536554],[135.48673777657737,34.84355022963339],[135.48688204854318,34.84341959034191],[135.4870412281277,34.84330118578992],[135.48721378234455,34.843196156277976],[135.48739804940226,34.843105513297694],[135.48759225470835,34.84303012979052],[135.48779452795955,34.84297073174084],[135.4880029211539,34.842927891184345],[135.48821542735098,34.842902020699015],[135.48843,34.84289336943176],[135.488644572649,34.842902020699015],[135.48885707884608,34.842927891184345],[135.48906547204044,34.84297073174084],[135.48926774529164,34.84303012979052],[135.48946195059773,34.843105513297694],[135.48964621765543,34.843196156277976],[135.48981877187228,34.84330118578992],[135.4899779514568,34.84341959034191],[135.49012222342262,34.84355022963339],[135.4902501983518,34.843691845536554],[135.49036064377583,34.84384307421285],[135.4904524960449,34.844002459247456],[135.49052487057145,34.84416846567535],[135.49057707034922,34.8443394947639],[135.4906085926658,34.84451389940947],[135.4906191339441,34.84469]]]}},{"type":"Feature","properties":{"layer":"z17_default","buffer_m":500},"geometry":{"type":"Polygon","coordinates":[[[135.4941528860647,34.84546],[135.4941265326224,34.84590025147632],[135.49404772609358,34.84633626309026],[135.4939172254282,34.84676383581162],[135.49373628741895,34.84717885188137],[135.4935066545978,34.84757731446788],[135.49323053845438,34.84795538615862],[135.49291059813808,34.84830942591654],[135.492549914849,34.84863602414522],[135.49215196216443,34.8489320355252],[135.49172057258625,34.849194609305066],[135.49125990063192,34.84942121675577],[135.49077438282418,34.8496096755237],[135.49026869496493,34.849758170647895],[135.4897477071047,34.84986527203913],[135.4892164366414,34.84992994825246],[135.48868,34.8499515764206],[135.48814356335856,34.84992994825246],[135.48761229289528,34.84986527203913],[135.48709130503505,34.849758170647895],[135.4865856171758,34.8496096755237],[135.48610009936806,34.84942121675577],[135.48563942741373,34.849194609305066],[135.48520803783555,34.8489320355252],[135.48481008515097,34.84863602414522],[135.4844494018619,34.84830942591654],[135.4841294615456,34.84795538615862],[135.48385334540217,34.84757731446788],[135.48362371258102,34.84717885188137],[135.48344277457178,34.84676383581162],[135.4833122739064,34.84633626309026],[135.48323346737757,34.84590025147632],[135.48320711393526,34.84546],[135.48323346737757,34.84501974852368],[135.4833122739064,34.84458373690975],[135.48344277457178,34.844156164188384],[135.48362371258102,34.84374114811864],[135.48385334540217,34.84334268553213],[135.4841294615456,34.84296461384139],[135.4844494018619,34.842610574083466],[135.48481008515097,34.842283975854784],[135.48520803783555,34.841987964474804],[135.48563942741373,34.84172539069494],[135.48610009936806,34.84149878324423],[135.4865856171758,34.841310324476304],[135.48709130503505,34.84116182935211],[135.48761229289528,34.84105472796087],[135.48814356335856,34.840990051747546],[135.48868,34.840968423579405],[135.4892164366414,34.840990051747546],[135.4897477071047,34.84105472796087],[135.49026869496493,34.84116182935211],[135.49077438282418,34.841310324476304],[135.49125990063192,34.84149878324423],[135.49172057258625,34.84172539069494],[135.49215196216443,34.841987964474804],[135.492549914849,34.842283975854784],[135.49291059813808,34.842610574083466],[135.49323053845438,34.84296461384139],[135.4935066545978,34.84334268553213],[135.49373628741895,34.84374114811864],[135.4939172254282,34.844156164188384],[135.49404772609358,34.84458373690975],[135.4941265326224,34.84501974852368],[135.4941528860647,34.84546]]]}},{"type":"Feature","properties":{"layer":"z18_optional","buffer_m":200},"geometry":{"type":"Polygon","coordinates":[[[135.49086915442587,34.84546],[135.49085861304897,34.84563610059053],[135.49082709043742,34.8458105052361],[135.49077489017125,34.84598153432465],[135.49070251496758,34.84614754075255],[135.49061066183913,34.846306925787154],[135.49050021538176,34.84645815446345],[135.49037223925524,34.846599770366616],[135.4902279659396,34.84673040965809],[135.49006878486577,34.846848814210084],[135.48989622903449,34.84695384372203],[135.48971196025275,34.84704448670231],[135.48951775312966,34.84711987020948],[135.48931547798597,34.84717926825916],[135.48910708284188,34.84722210881566],[135.48889457465654,34.84724797930099],[135.48868,34.84725663056824],[135.48846542534343,34.84724797930099],[135.4882529171581,34.84722210881566],[135.488044522014,34.84717926825916],[135.48784224687031,34.84711987020948],[135.48764803974723,34.84704448670231],[135.4874637709655,34.84695384372203],[135.4872912151342,34.846848814210084],[135.48713203406038,34.84673040965809],[135.48698776074474,34.846599770366616],[135.48685978461822,34.84645815446345],[135.48674933816085,34.846306925787154],[135.4866574850324,34.84614754075255],[135.48658510982872,34.84598153432465],[135.48653290956256,34.8458105052361],[135.486501386951,34.84563610059053],[135.4864908455741,34.84546],[135.486501386951,34.84528389940947],[135.48653290956256,34.8451094947639],[135.48658510982872,34.844938465675355],[135.4866574850324,34.84477245924746],[135.48674933816085,34.84461307421285],[135.48685978461822,34.84446184553656],[135.48698776074474,34.84432022963339],[135.48713203406038,34.84418959034191],[135.4872912151342,34.84407118578992],[135.4874637709655,34.84396615627798],[135.48764803974723,34.8438755132977],[135.48784224687031,34.84380012979052],[135.488044522014,34.843740731740844],[135.4882529171581,34.84369789118435],[135.48846542534343,34.84367202069902],[135.48868,34.843663369431766],[135.48889457465654,34.84367202069902],[135.48910708284188,34.84369789118435],[135.48931547798597,34.843740731740844],[135.48951775312966,34.84380012979052],[135.48971196025275,34.8438755132977],[135.48989622903449,34.84396615627798],[135.49006878486577,34.84407118578992],[135.4902279659396,34.84418959034191],[135.49037223925524,34.84432022963339],[135.49050021538176,34.84446184553656],[135.49061066183913,34.84461307421285],[135.49070251496758,34.84477245924746],[135.49077489017125,34.844938465675355],[135.49082709043742,34.8451094947639],[135.49085861304897,34.84528389940947],[135.49086915442587,34.84546]]]}},{"type":"Feature","properties":{"layer":"z17_default","buffer_m":500},"geometry":{"type":"Polygon","coordinates":[[[135.49836278631764,34.84396],[135.49833643335566,34.84440025147632],[135.49825762826313,34.84483626309026],[135.49812712997618,34.84526383581162],[135.49794619526466,34.84567885188137],[135.49771656662875,34.84607731446788],[135.49744045551773,34.84645538615862],[135.49712052103254,34.84680942591654],[135.49675984431718,34.84713602414522],[135.49636189888557,34.8474320355252],[135.49593051716974,34.847694609305066],[135.49546985361147,34.84792121675577],[135.49498434465264,34.8481096755237],[135.49447866600988,34.848258170647895],[135.49395768764504,34.84836527203913],[135.4934264268645,34.84842994825246],[135.49289,34.8484515764206],[135.4923535731355,34.84842994825246],[135.49182231235494,34.84836527203913],[135.4913013339901,34.848258170647895],[135.49079565534734,34.8481096755237],[135.4903101463885,34.84792121675577],[135.48984948283024,34.847694609305066],[135.4894181011144,34.8474320355252],[135.4890201556828,34.84713602414522],[135.48865947896743,34.84680942591654],[135.48833954448224,34.84645538615862],[135.48806343337122,34.84607731446788],[135.48783380473532,34.84567885188137],[135.4876528700238,34.84526383581162],[135.48752237173684,34.84483626309026],[135.48744356664432,34.84440025147632],[135.48741721368233,34.84396],[135.48744356664432,34.84351974852368],[135.48752237173684,34.84308373690975],[135.4876528700238,34.842656164188384],[135.48783380473532,34.84224114811864],[135.48806343337122,34.84184268553213],[135.48833954448224,34.84146461384139],[135.48865947896743,34.841110574083466],[135.4890201556828,34.840783975854784],[135.4894181011144,34.840487964474804],[135.48984948283024,34.84022539069494],[135.4903101463885,34.83999878324423],[135.49079565534734,34.8398103244763],[135.4913013339901,34.83966182935211],[135.49182231235494,34.83955472796087],[135.4923535731355,34.839490051747546],[135.49289,34.839468423579405],[135.4934264268645,34.839490051747546],[135.49395768764504,34.83955472796087],[135.49447866600988,34.83966182935211],[135.49498434465264,34.8398103244763],[135.49546985361147,34.83999878324423],[135.49593051716974,34.84022539069494],[135.49636189888557,34.840487964474804],[135.49675984431718,34.840783975854784],[135.49712052103254,34.841110574083466],[135.49744045551773,34.84146461384139],[135.49771656662875,34.84184268553213],[135.49794619526466,34.84224114811864],[135.49812712997618,34.842656164188384],[135.49825762826313,34.84308373690975],[135.49833643335566,34.84351974852368],[135.49836278631764,34.84396]]]}},{"type":"Feature","properties":{"layer":"z18_optional","buffer_m":200},"geometry":{"type":"Polygon","coordinates":[[[135.49507911452704,34.84396],[135.49506857334225,34.84413610059053],[135.49503705130525,34.8443105052361],[135.49498485199047,34.84448153432465],[135.49491247810587,34.84464754075255],[135.4948206266515,34.844806925787154],[135.4947101822071,34.84495815446345],[135.49458220841302,34.845099770366616],[135.49443793772687,34.84523040965809],[135.49427875955422,34.845348814210084],[135.49410620686788,34.84545384372203],[135.49392194144457,34.84554448670231],[135.49372773786104,34.84561987020948],[135.49352546640395,34.84567926825916],[135.493317075058,34.84572210881566],[135.49310457074577,34.84574797930099],[135.49289,34.84575663056824],[135.4926754292542,34.84574797930099],[135.49246292494198,34.84572210881566],[135.49225453359603,34.84567926825916],[135.49205226213894,34.84561987020948],[135.4918580585554,34.84554448670231],[135.4916737931321,34.84545384372203],[135.49150124044576,34.845348814210084],[135.4913420622731,34.84523040965809],[135.49119779158696,34.845099770366616],[135.4910698177929,34.84495815446345],[135.4909593733485,34.844806925787154],[135.4908675218941,34.84464754075255],[135.4907951480095,34.84448153432465],[135.49074294869473,34.8443105052361],[135.49071142665773,34.84413610059053],[135.49070088547293,34.84396],[135.49071142665773,34.84378389940947],[135.49074294869473,34.8436094947639],[135.4907951480095,34.843438465675355],[135.4908675218941,34.84327245924746],[135.4909593733485,34.84311307421285],[135.4910698177929,34.84296184553656],[135.49119779158696,34.84282022963339],[135.4913420622731,34.84268959034191],[135.49150124044576,34.84257118578992],[135.4916737931321,34.84246615627798],[135.4918580585554,34.842375513297696],[135.49205226213894,34.84230012979052],[135.49225453359603,34.842240731740844],[135.49246292494198,34.84219789118435],[135.4926754292542,34.84217202069902],[135.49289,34.842163369431766],[135.49310457074577,34.84217202069902],[135.493317075058,34.84219789118435],[135.49352546640395,34.842240731740844],[135.49372773786104,34.84230012979052],[135.49392194144457,34.842375513297696],[135.49410620686788,34.84246615627798],[135.49427875955422,34.84257118578992],[135.49443793772687,34.84268959034191],[135.49458220841302,34.84282022963339],[135.4947101822071,34.84296184553656],[135.4948206266515,34.84311307421285],[135.49491247810587,34.84327245924746],[135.49498485199047,34.843438465675355],[135.49503705130525,34.8436094947639],[135.49506857334225,34.84378389940947],[135.49507911452704,34.84396]]]}},{"type":"Feature","properties":{"layer":"z17_default","buffer_m":500},"geometry":{"type":"Polygon","coordinates":[[[135.49732327115768,34.85125],[135.49729691586106,34.85169025147632],[135.4972181037871,34.852126263090256],[135.4970875939392,34.85255383581162],[135.49690664319846,34.852968851881364],[135.4966769942195,34.853367314467874],[135.49640085864752,34.853745386158614],[135.49608089581898,34.85409942591654],[135.49572018715088,34.85442602414522],[135.49532220646483,34.8547220355252],[135.49489078653247,34.85498460930506],[135.4944300821635,34.85521121675577],[135.4939445301929,34.8553996755237],[135.49343880675153,34.85554817064789],[135.49291778223264,34.85565527203913],[135.49238647438713,34.85571994825246],[135.49185,34.8557415764206],[135.49131352561287,34.85571994825246],[135.49078221776736,34.85565527203913],[135.49026119324847,34.85554817064789],[135.4897554698071,34.8553996755237],[135.4892699178365,34.85521121675577],[135.48880921346753,34.85498460930506],[135.48837779353516,34.8547220355252],[135.48797981284912,34.85442602414522],[135.48761910418102,34.85409942591654],[135.48729914135248,34.853745386158614],[135.4870230057805,34.853367314467874],[135.48679335680154,34.852968851881364],[135.4866124060608,34.85255383581162],[135.4864818962129,34.852126263090256],[135.48640308413894,34.85169025147632],[135.48637672884232,34.85125],[135.48640308413894,34.85080974852368],[135.4864818962129,34.850373736909745],[135.4866124060608,34.84994616418838],[135.48679335680154,34.849531148118636],[135.4870230057805,34.849132685532126],[135.48729914135248,34.848754613841386],[135.48761910418102,34.84840057408346],[135.48797981284912,34.84807397585478],[135.48837779353516,34.8477779644748],[135.48880921346753,34.84751539069494],[135.4892699178365,34.84728878324423],[135.4897554698071,34.8471003244763],[135.49026119324847,34.84695182935211],[135.49078221776736,34.84684472796087],[135.49131352561287,34.846780051747544],[135.49185,34.8467584235794],[135.49238647438713,34.846780051747544],[135.49291778223264,34.84684472796087],[135.49343880675153,34.84695182935211],[135.4939445301929,34.8471003244763],[135.4944300821635,34.84728878324423],[135.49489078653247,34.84751539069494],[135.49532220646483,34.8477779644748],[135.49572018715088,34.84807397585478],[135.49608089581898,34.84840057408346],[135.49640085864752,34.848754613841386],[135.4966769942195,34.849132685532126],[135.49690664319846,34.849531148118636],[135.4970875939392,34.84994616418838],[135.4972181037871,34.850373736909745],[135.49729691586106,34.85080974852368],[135.49732327115768,34.85125]]]}},{"type":"Feature","properties":{"layer":"z18_optional","buffer_m":200},"geometry":{"type":"Polygon","coordinates":[[[135.49403930846307,34.85125],[135.49402876634443,34.85142610059053],[135.49399724151485,34.8516005052361],[135.49394503757568,34.85177153432465],[135.49387265727938,34.851937540752544],[135.4937807976878,34.85209692578715],[135.493670343459,34.852248154463446],[135.4935423583276,34.852389770366614],[135.49339807486035,34.85252040965809],[135.49323888258593,34.85263881421008],[135.49306631461297,34.852743843722024],[135.4928820328654,34.85283448670231],[135.49268781207715,34.85290987020948],[135.4924855227006,34.85296926825916],[135.49227711289305,34.853012108815655],[135.49206458975485,34.853037979300986],[135.49185,34.85304663056824],[135.49163541024515,34.853037979300986],[135.49142288710695,34.853012108815655],[135.4912144772994,34.85296926825916],[135.49101218792285,34.85290987020948],[135.4908179671346,34.85283448670231],[135.49063368538702,34.852743843722024],[135.49046111741407,34.85263881421008],[135.49030192513965,34.85252040965809],[135.4901576416724,34.852389770366614],[135.490029656541,34.852248154463446],[135.4899192023122,34.85209692578715],[135.48982734272062,34.851937540752544],[135.4897549624243,34.85177153432465],[135.48970275848515,34.8516005052361],[135.48967123365557,34.85142610059053],[135.48966069153693,34.85125],[135.48967123365557,34.85107389940947],[135.48970275848515,34.8508994947639],[135.4897549624243,34.85072846567535],[135.48982734272062,34.850562459247456],[135.4899192023122,34.85040307421285],[135.490029656541,34.850251845536555],[135.4901576416724,34.85011022963339],[135.49030192513965,34.84997959034191],[135.49046111741407,34.84986118578992],[135.49063368538702,34.84975615627798],[135.4908179671346,34.849665513297694],[135.49101218792285,34.84959012979052],[135.4912144772994,34.84953073174084],[135.49142288710695,34.849487891184346],[135.49163541024515,34.849462020699015],[135.49185,34.849453369431764],[135.49206458975485,34.849462020699015],[135.49227711289305,34.849487891184346],[135.4924855227006,34.84953073174084],[135.49268781207715,34.84959012979052],[135.4928820328654,34.849665513297694],[135.49306631461297,34.84975615627798],[135.49323888258593,34.84986118578992],[135.49339807486035,34.84997959034191],[135.4935423583276,34.85011022963339],[135.493670343459,34.850251845536555],[135.4937807976878,34.85040307421285],[135.49387265727938,34.850562459247456],[135.49394503757568,34.85072846567535],[135.49399724151485,34.8508994947639],[135.49402876634443,34.85107389940947],[135.49403930846307,34.85125]]]}},{"type":"Feature","properties":{"layer":"z17_default","buffer_m":500},"geometry":{"type":"Polygon","coordinates":[[[135.4879537368748,34.85825],[135.48792737933562,34.85869025147632],[135.4878485605556,34.85912626309025],[135.48771803960267,34.85955383581162],[135.48753707346498,34.85996885188136],[135.48730740494534,34.86036731446787],[135.48703124587715,34.86074538615861],[135.48671125582317,34.861099425916535],[135.4863505164626,34.86142602414522],[135.48595250191266,34.8617220355252],[135.485521045271,34.86198460930506],[135.48506030170103,34.86221121675577],[135.48457470841512,34.8623996755237],[135.4840689419421,34.86254817064789],[135.48354787308955,34.86265527203913],[135.4830165200354,34.862719948252455],[135.48248,34.862741576420596],[135.48194347996463,34.862719948252455],[135.48141212691047,34.86265527203913],[135.48089105805792,34.86254817064789],[135.4803852915849,34.8623996755237],[135.479899698299,34.86221121675577],[135.479438954729,34.86198460930506],[135.47900749808736,34.8617220355252],[135.4786094835374,34.86142602414522],[135.47824874417685,34.861099425916535],[135.47792875412287,34.86074538615861],[135.47765259505468,34.86036731446787],[135.47742292653504,34.85996885188136],[135.47724196039735,34.85955383581162],[135.47711143944443,34.85912626309025],[135.4770326206644,34.85869025147632],[135.47700626312522,34.85825],[135.4770326206644,34.85780974852368],[135.47711143944443,34.85737373690974],[135.47724196039735,34.85694616418838],[135.47742292653504,34.856531148118634],[135.47765259505468,34.856132685532124],[135.47792875412287,34.855754613841384],[135.47824874417685,34.85540057408346],[135.4786094835374,34.85507397585478],[135.47900749808736,34.8547779644748],[135.479438954729,34.854515390694935],[135.479899698299,34.85428878324423],[135.4803852915849,34.8541003244763],[135.48089105805792,34.853951829352106],[135.48141212691047,34.85384472796087],[135.48194347996463,34.85378005174754],[135.48248,34.8537584235794],[135.4830165200354,34.85378005174754],[135.48354787308955,34.85384472796087],[135.4840689419421,34.853951829352106],[135.48457470841512,34.8541003244763],[135.48506030170103,34.85428878324423],[135.485521045271,34.854515390694935],[135.48595250191266,34.8547779644748],[135.4863505164626,34.85507397585478],[135.48671125582317,34.85540057408346],[135.48703124587715,34.855754613841384],[135.48730740494534,34.856132685532124],[135.48753707346498,34.856531148118634],[135.48771803960267,34.85694616418838],[135.4878485605556,34.85737373690974],[135.48792737933562,34.85780974852368],[135.4879537368748,34.85825]]]}},{"type":"Feature","properties":{"layer":"z18_optional","buffer_m":200},"geometry":{"type":"Polygon","coordinates":[[[135.48466949474994,34.85825],[135.48465895173425,34.85842610059053],[135.48462742422225,34.8586005052361],[135.4845752158411,34.858771534324646],[135.484502829386,34.85893754075254],[135.48441096197814,34.85909692578715],[135.48430049835085,34.859248154463444],[135.48417250232927,34.85938977036661],[135.48402820658504,34.85952040965809],[135.48386900076505,34.85963881421008],[135.48369641810842,34.85974384372202],[135.48351212068042,34.859834486702304],[135.48331788336606,34.85990987020948],[135.48311557677684,34.85996926825916],[135.4829071492358,34.86001210881565],[135.48269460801416,34.860037979300984],[135.48248,34.860046630568235],[135.48226539198586,34.860037979300984],[135.4820528507642,34.86001210881565],[135.48184442322318,34.85996926825916],[135.48164211663396,34.85990987020948],[135.4814478793196,34.859834486702304],[135.4812635818916,34.85974384372202],[135.48109099923497,34.85963881421008],[135.48093179341498,34.85952040965809],[135.48078749767075,34.85938977036661],[135.48065950164917,34.859248154463444],[135.48054903802188,34.85909692578715],[135.48045717061402,34.85893754075254],[135.48038478415893,34.858771534324646],[135.48033257577777,34.8586005052361],[135.48030104826577,34.85842610059053],[135.48029050525008,34.85825],[135.48030104826577,34.85807389940947],[135.48033257577777,34.8578994947639],[135.48038478415893,34.85772846567535],[135.48045717061402,34.857562459247454],[135.48054903802188,34.85740307421285],[135.48065950164917,34.85725184553655],[135.48078749767075,34.857110229633385],[135.48093179341498,34.85697959034191],[135.48109099923497,34.85686118578992],[135.4812635818916,34.856756156277974],[135.4814478793196,34.85666551329769],[135.48164211663396,34.85659012979052],[135.48184442322318,34.85653073174084],[135.4820528507642,34.856487891184344],[135.48226539198586,34.85646202069901],[135.48248,34.85645336943176],[135.48269460801416,34.85646202069901],[135.4829071492358,34.856487891184344],[135.48311557677684,34.85653073174084],[135.48331788336606,34.85659012979052],[135.48351212068042,34.85666551329769],[135.48369641810842,34.856756156277974],[135.48386900076505,34.85686118578992],[135.48402820658504,34.85697959034191],[135.48417250232927,34.857110229633385],[135.48430049835085,34.85725184553655],[135.48441096197814,34.85740307421285],[135.484502829386,34.857562459247454],[135.4845752158411,34.85772846567535],[135.48462742422225,34.8578994947639],[135.48465895173425,34.85807389940947],[135.48466949474994,34.85825]]]}},{"type":"Feature","properties":{"layer":"z17_default","buffer_m":500},"geometry":{"type":"Polygon","coordinates":[[[135.47663447370172,34.86932],[135.47660811261454,34.86976025147632],[135.4765292832246,34.87019626309026],[135.4763987447021,34.87062383581162],[135.4762177542043,34.871038851881366],[135.47598805476866,34.871437314467876],[135.47571185852632,34.871815386158616],[135.4753918253981,34.87216942591654],[135.47503103747792,34.87249602414522],[135.4746329693507,34.8727920355252],[135.47420145463013,34.873054609305065],[135.47374064903883,34.87328121675577],[135.47325499038658,34.8734696755237],[135.47274915583165,34.873618170647894],[135.47222801683733,34.87372527203913],[135.47169659225705,34.87378994825246],[135.47116,34.8738115764206],[135.47062340774295,34.87378994825246],[135.47009198316266,34.87372527203913],[135.46957084416835,34.873618170647894],[135.46906500961342,34.8734696755237],[135.46857935096116,34.87328121675577],[135.46811854536986,34.873054609305065],[135.4676870306493,34.8727920355252],[135.46728896252208,34.87249602414522],[135.4669281746019,34.87216942591654],[135.46660814147367,34.871815386158616],[135.46633194523133,34.871437314467876],[135.4661022457957,34.871038851881366],[135.4659212552979,34.87062383581162],[135.4657907167754,34.87019626309026],[135.46571188738545,34.86976025147632],[135.46568552629827,34.86932],[135.46571188738545,34.86887974852368],[135.4657907167754,34.86844373690975],[135.4659212552979,34.86801616418838],[135.4661022457957,34.86760114811864],[135.46633194523133,34.86720268553213],[135.46660814147367,34.86682461384139],[135.4669281746019,34.866470574083465],[135.46728896252208,34.86614397585478],[135.4676870306493,34.8658479644748],[135.46811854536986,34.86558539069494],[135.46857935096116,34.86535878324423],[135.46906500961342,34.8651703244763],[135.46957084416835,34.86502182935211],[135.47009198316266,34.86491472796087],[135.47062340774295,34.864850051747545],[135.47116,34.864828423579404],[135.47169659225705,34.864850051747545],[135.47222801683733,34.86491472796087],[135.47274915583165,34.86502182935211],[135.47325499038658,34.8651703244763],[135.47374064903883,34.86535878324423],[135.47420145463013,34.86558539069494],[135.4746329693507,34.8658479644748],[135.47503103747792,34.86614397585478],[135.4753918253981,34.866470574083465],[135.47571185852632,34.86682461384139],[135.47598805476866,34.86720268553213],[135.4762177542043,34.86760114811864],[135.4763987447021,34.86801616418838],[135.4765292832246,34.86844373690975],[135.47660811261454,34.86887974852368],[135.47663447370172,34.86932]]]}},{"type":"Feature","properties":{"layer":"z18_optional","buffer_m":200},"geometry":{"type":"Polygon","coordinates":[[[135.4733497894807,34.86932],[135.47333924504582,34.86949610059053],[135.47330771328984,34.8696705052361],[135.47325549788084,34.86984153432465],[135.4731831016817,34.870007540752546],[135.47309122190745,34.87016692578715],[135.47298074341055,34.87031815446345],[135.47285273015925,34.870459770366615],[135.47270841499116,34.87059040965809],[135.47254918774027,34.87070881421008],[135.47237658185205,34.870813843722026],[135.47219225961553,34.87090448670231],[135.4719979961546,34.87097987020948],[135.47179566233265,34.87103926825916],[135.47158720673494,34.871082108815656],[135.47137463690282,34.87110797930099],[135.47116,34.87111663056824],[135.47094536309717,34.87110797930099],[135.47073279326506,34.871082108815656],[135.47052433766734,34.87103926825916],[135.47032200384538,34.87097987020948],[135.47012774038447,34.87090448670231],[135.46994341814795,34.870813843722026],[135.46977081225972,34.87070881421008],[135.46961158500883,34.87059040965809],[135.46946726984075,34.870459770366615],[135.46933925658945,34.87031815446345],[135.46922877809254,34.87016692578715],[135.46913689831828,34.870007540752546],[135.46906450211915,34.86984153432465],[135.46901228671015,34.8696705052361],[135.46898075495417,34.86949610059053],[135.4689702105193,34.86932],[135.46898075495417,34.86914389940947],[135.46901228671015,34.8689694947639],[135.46906450211915,34.868798465675354],[135.46913689831828,34.86863245924746],[135.46922877809254,34.86847307421285],[135.46933925658945,34.868321845536556],[135.46946726984075,34.86818022963339],[135.46961158500883,34.86804959034191],[135.46977081225972,34.86793118578992],[135.46994341814795,34.86782615627798],[135.47012774038447,34.867735513297696],[135.47032200384538,34.86766012979052],[135.47052433766734,34.86760073174084],[135.47073279326506,34.86755789118435],[135.47094536309717,34.86753202069902],[135.47116,34.867523369431765],[135.47137463690282,34.86753202069902],[135.47158720673494,34.86755789118435],[135.47179566233265,34.86760073174084],[135.4719979961546,34.86766012979052],[135.47219225961553,34.867735513297696],[135.47237658185205,34.86782615627798],[135.47254918774027,34.86793118578992],[135.47270841499116,34.86804959034191],[135.47285273015925,34.86818022963339],[135.47298074341055,34.868321845536556],[135.47309122190745,34.86847307421285],[135.4731831016817,34.86863245924746],[135.47325549788084,34.868798465675354],[135.47330771328984,34.8689694947639],[135.47333924504582,34.86914389940947],[135.4733497894807,34.86932]]]}},{"type":"Feature","properties":{"layer":"z17_default","buffer_m":500},"geometry":{"type":"Polygon","coordinates":[[[135.47539459221736,34.8711],[135.47536823055947,34.87154025147632],[135.475289399463,34.871976263090254],[135.47515885811447,34.87240383581162],[135.47497786369846,34.87281885188136],[135.47474815929013,34.87321731446787],[135.4744719570685,34.87359538615861],[135.4741519170119,34.873949425916535],[135.47379112128112,34.87427602414522],[135.47339304453624,34.8745720355252],[135.4729615204739,34.87483460930506],[135.4725007049067,34.87506121675577],[135.47201503574055,34.8752496755237],[135.4715091902349,34.87539817064789],[135.4709880399586,34.87550527203913],[135.47045660387363,34.875569948252455],[135.46992,34.8755915764206],[135.46938339612637,34.875569948252455],[135.4688519600414,34.87550527203913],[135.4683308097651,34.87539817064789],[135.46782496425945,34.8752496755237],[135.4673392950933,34.87506121675577],[135.46687847952612,34.87483460930506],[135.46644695546377,34.8745720355252],[135.46604887871888,34.87427602414522],[135.4656880829881,34.873949425916535],[135.46536804293152,34.87359538615861],[135.46509184070987,34.87321731446787],[135.46486213630155,34.87281885188136],[135.46468114188553,34.87240383581162],[135.464550600537,34.871976263090254],[135.46447176944054,34.87154025147632],[135.46444540778265,34.8711],[135.46447176944054,34.87065974852368],[135.464550600537,34.87022373690974],[135.46468114188553,34.86979616418838],[135.46486213630155,34.869381148118634],[135.46509184070987,34.868982685532124],[135.46536804293152,34.868604613841384],[135.4656880829881,34.86825057408346],[135.46604887871888,34.86792397585478],[135.46644695546377,34.8676279644748],[135.46687847952612,34.867365390694935],[135.4673392950933,34.86713878324423],[135.46782496425945,34.8669503244763],[135.4683308097651,34.866801829352106],[135.4688519600414,34.86669472796087],[135.46938339612637,34.86663005174754],[135.46992,34.8666084235794],[135.47045660387363,34.86663005174754],[135.4709880399586,34.86669472796087],[135.4715091902349,34.866801829352106],[135.47201503574055,34.8669503244763],[135.4725007049067,34.86713878324423],[135.4729615204739,34.867365390694935],[135.47339304453624,34.8676279644748],[135.47379112128112,34.86792397585478],[135.4741519170119,34.86825057408346],[135.4744719570685,34.868604613841384],[135.47474815929013,34.868982685532124],[135.47497786369846,34.869381148118634],[135.47515885811447,34.86979616418838],[135.475289399463,34.87022373690974],[135.47536823055947,34.87065974852368],[135.47539459221736,34.8711]]]}},{"type":"Feature","properties":{"layer":"z18_optional","buffer_m":200},"geometry":{"type":"Polygon","coordinates":[[[135.47210983688694,34.8711],[135.4720992922238,34.87127610059053],[135.4720677597852,34.8714505052361],[135.4720155432458,34.871621534324646],[135.4719431454794,34.87178754075254],[135.47185126371605,34.87194692578715],[135.4717407828274,34.872098154463444],[135.47161276680478,34.87223977036661],[135.47146844851244,34.87237040965809],[135.4713092178145,34.87248881421008],[135.47113660818957,34.87259384372202],[135.4709522819627,34.872684486702305],[135.47075801429622,34.87275987020948],[135.47055567609397,34.87281926825916],[135.47034721598345,34.87286210881565],[135.47013464154944,34.872887979300984],[135.46992,34.872896630568235],[135.46970535845057,34.872887979300984],[135.46949278401655,34.87286210881565],[135.46928432390604,34.87281926825916],[135.46908198570378,34.87275987020948],[135.4688877180373,34.872684486702305],[135.46870339181044,34.87259384372202],[135.4685307821855,34.87248881421008],[135.46837155148756,34.87237040965809],[135.46822723319522,34.87223977036661],[135.4680992171726,34.872098154463444],[135.46798873628396,34.87194692578715],[135.4678968545206,34.87178754075254],[135.46782445675422,34.871621534324646],[135.4677722402148,34.8714505052361],[135.46774070777622,34.87127610059053],[135.46773016311306,34.8711],[135.46774070777622,34.87092389940947],[135.4677722402148,34.8707494947639],[135.46782445675422,34.87057846567535],[135.4678968545206,34.870412459247454],[135.46798873628396,34.87025307421285],[135.4680992171726,34.87010184553655],[135.46822723319522,34.869960229633385],[135.46837155148756,34.86982959034191],[135.4685307821855,34.86971118578992],[135.46870339181044,34.869606156277975],[135.4688877180373,34.86951551329769],[135.46908198570378,34.86944012979052],[135.46928432390604,34.86938073174084],[135.46949278401655,34.869337891184344],[135.46970535845057,34.86931202069901],[135.46992,34.86930336943176],[135.47013464154944,34.86931202069901],[135.47034721598345,34.869337891184344],[135.47055567609397,34.86938073174084],[135.47075801429622,34.86944012979052],[135.4709522819627,34.86951551329769],[135.47113660818957,34.869606156277975],[135.4713092178145,34.86971118578992],[135.47146844851244,34.86982959034191],[135.47161276680478,34.869960229633385],[135.4717407828274,34.87010184553655],[135.47185126371605,34.87025307421285],[135.4719431454794,34.870412459247454],[135.4720155432458,34.87057846567535],[135.4720677597852,34.8707494947639],[135.4720992922238,34.87092389940947],[135.47210983688694,34.8711]]]}},{"type":"Feature","properties":{"layer":"z17_default","buffer_m":500},"geometry":{"type":"Polygon","coordinates":[[[135.4736244836886,34.86947],[135.4735981225533,34.86991025147632],[135.4735192930196,34.870346263090255],[135.47338875425893,34.87077383581162],[135.47320776343096,34.871188851881364],[135.4729780635763,34.871587314467874],[135.47270186683014,34.871965386158614],[135.47238183311805,34.87231942591654],[135.4720210445397,34.87264602414522],[135.47162297568633,34.8729420355252],[135.47119146017855,34.87320460930506],[135.4707306537466,34.87343121675577],[135.4702449942084,34.8736196755237],[135.46973915873068,34.87376817064789],[135.46921801878568,34.87387527203913],[135.46868659323596,34.873939948252456],[135.46815,34.8739615764206],[135.46761340676406,34.873939948252456],[135.46708198121433,34.87387527203913],[135.46656084126934,34.87376817064789],[135.46605500579162,34.8736196755237],[135.4655693462534,34.87343121675577],[135.46510853982147,34.87320460930506],[135.4646770243137,34.8729420355252],[135.46427895546032,34.87264602414522],[135.46391816688197,34.87231942591654],[135.46359813316988,34.871965386158614],[135.4633219364237,34.871587314467874],[135.46309223656905,34.871188851881364],[135.46291124574108,34.87077383581162],[135.46278070698042,34.870346263090255],[135.4627018774467,34.86991025147632],[135.4626755163114,34.86947],[135.4627018774467,34.86902974852368],[135.46278070698042,34.868593736909745],[135.46291124574108,34.86816616418838],[135.46309223656905,34.867751148118636],[135.4633219364237,34.867352685532126],[135.46359813316988,34.866974613841386],[135.46391816688197,34.86662057408346],[135.46427895546032,34.86629397585478],[135.4646770243137,34.8659979644748],[135.46510853982147,34.86573539069494],[135.4655693462534,34.86550878324423],[135.46605500579162,34.8653203244763],[135.46656084126934,34.86517182935211],[135.46708198121433,34.86506472796087],[135.46761340676406,34.86500005174754],[135.46815,34.8649784235794],[135.46868659323596,34.86500005174754],[135.46921801878568,34.86506472796087],[135.46973915873068,34.86517182935211],[135.4702449942084,34.8653203244763],[135.4707306537466,34.86550878324423],[135.47119146017855,34.86573539069494],[135.47162297568633,34.8659979644748],[135.4720210445397,34.86629397585478],[135.47238183311805,34.86662057408346],[135.47270186683014,34.866974613841386],[135.4729780635763,34.867352685532126],[135.47320776343096,34.867751148118636],[135.47338875425893,34.86816616418838],[135.4735192930196,34.868593736909745],[135.4735981225533,34.86902974852368],[135.4736244836886,34.86947]]]}},{"type":"Feature","properties":{"layer":"z18_optional","buffer_m":200},"geometry":{"type":"Polygon","coordinates":[[[135.47033979347546,34.86947],[135.47032924902135,34.86964610059053],[135.47029771720784,34.8698205052361],[135.47024550170357,34.86999153432465],[135.4701731053724,34.870157540752544],[135.47008122543053,34.87031692578715],[135.46997074673206,34.870468154463445],[135.46984273324722,34.87060977036661],[135.4696984178159,34.87074040965809],[135.46953919027453,34.87085881421008],[135.46936658407142,34.87096384372202],[135.46918226149864,34.871054486702306],[135.46898799768337,34.87112987020948],[135.46878566349227,34.87118926825916],[135.46857720751427,34.871232108815654],[135.46836463729437,34.871257979300985],[135.46815,34.871266630568236],[135.46793536270565,34.871257979300985],[135.46772279248574,34.871232108815654],[135.46751433650775,34.87118926825916],[135.46731200231665,34.87112987020948],[135.46711773850137,34.871054486702306],[135.4669334159286,34.87096384372202],[135.46676080972549,34.87085881421008],[135.46660158218413,34.87074040965809],[135.4664572667528,34.87060977036661],[135.46632925326796,34.870468154463445],[135.46621877456948,34.87031692578715],[135.46612689462762,34.870157540752544],[135.46605449829644,34.86999153432465],[135.46600228279218,34.8698205052361],[135.46597075097867,34.86964610059053],[135.46596020652456,34.86947],[135.46597075097867,34.86929389940947],[135.46600228279218,34.8691194947639],[135.46605449829644,34.86894846567535],[135.46612689462762,34.868782459247456],[135.46621877456948,34.86862307421285],[135.46632925326796,34.868471845536554],[135.4664572667528,34.868330229633386],[135.46660158218413,34.86819959034191],[135.46676080972549,34.86808118578992],[135.4669334159286,34.867976156277976],[135.46711773850137,34.86788551329769],[135.46731200231665,34.86781012979052],[135.46751433650775,34.86775073174084],[135.46772279248574,34.867707891184345],[135.46793536270565,34.867682020699014],[135.46815,34.86767336943176],[135.46836463729437,34.867682020699014],[135.46857720751427,34.867707891184345],[135.46878566349227,34.86775073174084],[135.46898799768337,34.86781012979052],[135.46918226149864,34.86788551329769],[135.46936658407142,34.867976156277976],[135.46953919027453,34.86808118578992],[135.4696984178159,34.86819959034191],[135.46984273324722,34.868330229633386],[135.46997074673206,34.868471845536554],[135.47008122543053,34.86862307421285],[135.4701731053724,34.868782459247456],[135.47024550170357,34.86894846567535],[135.47029771720784,34.8691194947639],[135.47032924902135,34.86929389940947],[135.47033979347546,34.86947]]]}},{"type":"Feature","properties":{"layer":"z17_default","buffer_m":500},"geometry":{"type":"Polygon","coordinates":[[[135.47677481929045,34.87451],[135.47674845653916,34.87495025147632],[135.47666962217295,34.875386263090256],[135.47653907540987,34.87581383581162],[135.47635807348667,34.876228851881365],[135.47612835955073,34.876627314467875],[135.47585214587286,34.877005386158615],[135.4755320925418,34.87735942591654],[135.47517128184606,34.87768602414522],[135.4747731885899,34.8779820355252],[135.47434164662894,34.878244609305064],[135.47388081194825,34.87847121675577],[135.47339512263767,34.8786596755237],[135.47288925615078,34.87880817064789],[135.47236808425836,34.87891527203913],[135.47183662613068,34.87897994825246],[135.4713,34.8790015764206],[135.47076337386935,34.87897994825246],[135.47023191574166,34.87891527203913],[135.46971074384925,34.87880817064789],[135.46920487736236,34.8786596755237],[135.46871918805178,34.87847121675577],[135.46825835337108,34.878244609305064],[135.46782681141013,34.8779820355252],[135.46742871815397,34.87768602414522],[135.46706790745822,34.87735942591654],[135.46674785412716,34.877005386158615],[135.4664716404493,34.876627314467875],[135.46624192651336,34.876228851881365],[135.46606092459015,34.87581383581162],[135.46593037782708,34.875386263090256],[135.46585154346087,34.87495025147632],[135.46582518070957,34.87451],[135.46585154346087,34.87406974852368],[135.46593037782708,34.873633736909746],[135.46606092459015,34.87320616418838],[135.46624192651336,34.87279114811864],[135.4664716404493,34.87239268553213],[135.46674785412716,34.87201461384139],[135.46706790745822,34.871660574083464],[135.46742871815397,34.87133397585478],[135.46782681141013,34.8710379644748],[135.46825835337108,34.87077539069494],[135.46871918805178,34.87054878324423],[135.46920487736236,34.8703603244763],[135.46971074384925,34.87021182935211],[135.47023191574166,34.87010472796087],[135.47076337386935,34.870040051747544],[135.4713,34.8700184235794],[135.47183662613068,34.870040051747544],[135.47236808425836,34.87010472796087],[135.47288925615078,34.87021182935211],[135.47339512263767,34.8703603244763],[135.47388081194825,34.87054878324423],[135.47434164662894,34.87077539069494],[135.4747731885899,34.8710379644748],[135.47517128184606,34.87133397585478],[135.4755320925418,34.871660574083464],[135.47585214587286,34.87201461384139],[135.47612835955073,34.87239268553213],[135.47635807348667,34.87279114811864],[135.47653907540987,34.87320616418838],[135.47666962217295,34.873633736909746],[135.47674845653916,34.87406974852368],[135.47677481929045,34.87451]]]}},{"type":"Feature","properties":{"layer":"z18_optional","buffer_m":200},"geometry":{"type":"Polygon","coordinates":[[[135.4734899277162,34.87451],[135.47347938261566,34.87468610059053],[135.4734478488692,34.8748605052361],[135.47339563016396,34.87503153432465],[135.47332322939468,34.875197540752545],[135.4732313438203,34.87535692578715],[135.47312085834915,34.875508154463446],[135.47299283701673,34.875649770366614],[135.47284851273844,34.87578040965809],[135.47268927543595,34.87589881421008],[135.47251665865159,34.876003843722025],[135.4723323247793,34.87609448670231],[135.47213804905508,34.87616987020948],[135.4719357024603,34.87622926825916],[135.47172723370335,34.876272108815655],[135.4715146504523,34.876297979300986],[135.4713,34.87630663056824],[135.47108534954774,34.876297979300986],[135.47087276629668,34.876272108815655],[135.4706642975397,34.87622926825916],[135.47046195094495,34.87616987020948],[135.47026767522073,34.87609448670231],[135.47008334134844,34.876003843722025],[135.46991072456407,34.87589881421008],[135.4697514872616,34.87578040965809],[135.4696071629833,34.875649770366614],[135.46947914165088,34.875508154463446],[135.46936865617974,34.87535692578715],[135.46927677060535,34.875197540752545],[135.46920436983606,34.87503153432465],[135.46915215113083,34.8748605052361],[135.46912061738436,34.87468610059053],[135.46911007228383,34.87451],[135.46912061738436,34.87433389940947],[135.46915215113083,34.8741594947639],[135.46920436983606,34.87398846567535],[135.46927677060535,34.87382245924746],[135.46936865617974,34.87366307421285],[135.46947914165088,34.873511845536555],[135.4696071629833,34.87337022963339],[135.4697514872616,34.87323959034191],[135.46991072456407,34.87312118578992],[135.47008334134844,34.87301615627798],[135.47026767522073,34.872925513297695],[135.47046195094495,34.87285012979052],[135.4706642975397,34.87279073174084],[135.47087276629668,34.872747891184346],[135.47108534954774,34.872722020699015],[135.4713,34.872713369431764],[135.4715146504523,34.872722020699015],[135.47172723370335,34.872747891184346],[135.4719357024603,34.87279073174084],[135.47213804905508,34.87285012979052],[135.4723323247793,34.872925513297695],[135.47251665865159,34.87301615627798],[135.47268927543595,34.87312118578992],[135.47284851273844,34.87323959034191],[135.47299283701673,34.87337022963339],[135.47312085834915,34.873511845536555],[135.4732313438203,34.87366307421285],[135.47332322939468,34.87382245924746],[135.47339563016396,34.87398846567535],[135.4734478488692,34.8741594947639],[135.47347938261566,34.87433389940947],[135.4734899277162,34.87451]]]}},{"type":"Feature","properties":{"layer":"z17_default","buffer_m":500},"geometry":{"type":"Polygon","coordinates":[[[135.4805849464947,34.87642],[135.4805585831309,34.87686025147632],[135.480479746933,34.87729626309026],[135.48034919713677,34.87772383581162],[135.48016819100806,34.87813885188137],[135.47993847173484,34.87853731446788],[135.47966225163933,34.87891538615862],[135.47934219087202,34.87926942591654],[135.47898137179305,34.87959602414522],[135.4785832692874,34.8798920355252],[135.47815171729982,34.880154609305066],[135.4776908719119,34.88038121675577],[135.4772051713166,34.8805696755237],[135.4766992930762,34.880718170647896],[135.47617810907468,34.88082527203913],[135.47564663859887,34.88088994825246],[135.47511,34.8809115764206],[135.47457336140113,34.88088994825246],[135.47404189092532,34.88082527203913],[135.4735207069238,34.880718170647896],[135.4730148286834,34.8805696755237],[135.4725291280881,34.88038121675577],[135.47206828270018,34.880154609305066],[135.4716367307126,34.8798920355252],[135.47123862820695,34.87959602414522],[135.47087780912798,34.87926942591654],[135.47055774836068,34.87891538615862],[135.47028152826516,34.87853731446788],[135.47005180899194,34.87813885188137],[135.46987080286323,34.87772383581162],[135.469740253067,34.87729626309026],[135.46966141686912,34.87686025147632],[135.4696350535053,34.87642],[135.46966141686912,34.87597974852368],[135.469740253067,34.87554373690975],[135.46987080286323,34.875116164188384],[135.47005180899194,34.87470114811864],[135.47028152826516,34.87430268553213],[135.47055774836068,34.87392461384139],[135.47087780912798,34.873570574083466],[135.47123862820695,34.873243975854784],[135.4716367307126,34.872947964474804],[135.47206828270018,34.87268539069494],[135.4725291280881,34.872458783244234],[135.4730148286834,34.872270324476304],[135.4735207069238,34.87212182935211],[135.47404189092532,34.872014727960874],[135.47457336140113,34.87195005174755],[135.47511,34.871928423579405],[135.47564663859887,34.87195005174755],[135.47617810907468,34.872014727960874],[135.4766992930762,34.87212182935211],[135.4772051713166,34.872270324476304],[135.4776908719119,34.872458783244234],[135.47815171729982,34.87268539069494],[135.4785832692874,34.872947964474804],[135.47898137179305,34.873243975854784],[135.47934219087202,34.873570574083466],[135.47966225163933,34.87392461384139],[135.47993847173484,34.87430268553213],[135.48016819100806,34.87470114811864],[135.48034919713677,34.875116164188384],[135.480479746933,34.87554373690975],[135.4805585831309,34.87597974852368],[135.4805849464947,34.87642]]]}},{"type":"Feature","properties":{"layer":"z18_optional","buffer_m":200},"geometry":{"type":"Polygon","coordinates":[[[135.47729997859787,34.87642],[135.47728943325237,34.87659610059053],[135.4772578987732,34.8767705052361],[135.47720567885472,34.87694153432465],[135.47713327640324,34.87710754075255],[135.47704138869395,34.877266925787154],[135.47693090065573,34.87741815446345],[135.4768028763488,34.87755977036662],[135.4766585487172,34.87769040965809],[135.47649930771496,34.877808814210084],[135.47632668691995,34.87791384372203],[135.47614234876477,34.87800448670231],[135.47594806852663,34.87807987020948],[135.4757457172305,34.87813926825916],[135.47553724362987,34.87818210881566],[135.47532465543955,34.87820797930099],[135.47511,34.87821663056824],[135.47489534456045,34.87820797930099],[135.47468275637013,34.87818210881566],[135.4744742827695,34.87813926825916],[135.47427193147337,34.87807987020948],[135.47407765123523,34.87800448670231],[135.47389331308005,34.87791384372203],[135.47372069228504,34.877808814210084],[135.4735614512828,34.87769040965809],[135.4734171236512,34.87755977036662],[135.47328909934427,34.87741815446345],[135.47317861130605,34.877266925787154],[135.47308672359677,34.87710754075255],[135.47301432114529,34.87694153432465],[135.4729621012268,34.8767705052361],[135.47293056674764,34.87659610059053],[135.47292002140213,34.87642],[135.47293056674764,34.876243899409474],[135.4729621012268,34.876069494763904],[135.47301432114529,34.875898465675355],[135.47308672359677,34.87573245924746],[135.47317861130605,34.87557307421285],[135.47328909934427,34.87542184553656],[135.4734171236512,34.87528022963339],[135.4735614512828,34.87514959034191],[135.47372069228504,34.87503118578992],[135.47389331308005,34.87492615627798],[135.47407765123523,34.8748355132977],[135.47427193147337,34.87476012979052],[135.4744742827695,34.874700731740845],[135.47468275637013,34.87465789118435],[135.47489534456045,34.87463202069902],[135.47511,34.87462336943177],[135.47532465543955,34.87463202069902],[135.47553724362987,34.87465789118435],[135.4757457172305,34.874700731740845],[135.47594806852663,34.87476012979052],[135.47614234876477,34.8748355132977],[135.47632668691995,34.87492615627798],[135.47649930771496,34.87503118578992],[135.4766585487172,34.87514959034191],[135.4768028763488,34.87528022963339],[135.47693090065573,34.87542184553656],[135.47704138869395,34.87557307421285],[135.47713327640324,34.87573245924746],[135.47720567885472,34.875898465675355],[135.4772578987732,34.876069494763904],[135.47728943325237,34.876243899409474],[135.47729997859787,34.87642]]]}},{"type":"Feature","properties":{"layer":"z17_default","buffer_m":500},"geometry":{"type":"Polygon","coordinates":[[[135.48461521692687,34.88048],[135.48458885226083,34.88092025147632],[135.4845100121689,34.881356263090254],[135.4843794559242,34.88178383581162],[135.48419844085478,34.88219885188136],[135.48396871023473,34.88259731446787],[135.48369247649546,34.88297538615861],[135.4833723999189,34.883329425916536],[135.48301156301747,34.88365602414522],[135.48261344084776,34.8839520355252],[135.4821818675439,34.88421460930506],[135.48172099939273,34.88444121675577],[135.48123527480652,34.8846296755237],[135.48072937157852,34.88477817064789],[135.48020816183336,34.88488527203913],[135.47967666510587,34.884949948252455],[135.47914,34.8849715764206],[135.47860333489413,34.884949948252455],[135.47807183816664,34.88488527203913],[135.47755062842148,34.88477817064789],[135.47704472519348,34.8846296755237],[135.47655900060727,34.88444121675577],[135.47609813245612,34.88421460930506],[135.47566655915224,34.8839520355252],[135.47526843698253,34.88365602414522],[135.4749076000811,34.883329425916536],[135.47458752350454,34.88297538615861],[135.47431128976527,34.88259731446787],[135.47408155914522,34.88219885188136],[135.4739005440758,34.88178383581162],[135.4737699878311,34.881356263090254],[135.47369114773917,34.88092025147632],[135.47366478307313,34.88048],[135.47369114773917,34.88003974852368],[135.4737699878311,34.87960373690974],[135.4739005440758,34.87917616418838],[135.47408155914522,34.878761148118635],[135.47431128976527,34.878362685532124],[135.47458752350454,34.877984613841384],[135.4749076000811,34.87763057408346],[135.47526843698253,34.87730397585478],[135.47566655915224,34.8770079644748],[135.47609813245612,34.876745390694936],[135.47655900060727,34.87651878324423],[135.47704472519348,34.8763303244763],[135.47755062842148,34.876181829352106],[135.47807183816664,34.87607472796087],[135.47860333489413,34.87601005174754],[135.47914,34.8759884235794],[135.47967666510587,34.87601005174754],[135.48020816183336,34.87607472796087],[135.48072937157852,34.876181829352106],[135.48123527480652,34.8763303244763],[135.48172099939273,34.87651878324423],[135.4821818675439,34.876745390694936],[135.48261344084776,34.8770079644748],[135.48301156301747,34.87730397585478],[135.4833723999189,34.87763057408346],[135.48369247649546,34.877984613841384],[135.48396871023473,34.878362685532124],[135.48419844085478,34.878761148118635],[135.4843794559242,34.87917616418838],[135.4845100121689,34.87960373690974],[135.48458885226083,34.88003974852368],[135.48461521692687,34.88048]]]}},{"type":"Feature","properties":{"layer":"z18_optional","buffer_m":200},"geometry":{"type":"Polygon","coordinates":[[[135.48133008677075,34.88048],[135.48131954090434,34.88065610059053],[135.48128800486757,34.8808305052361],[135.48123578236968,34.881001534324646],[135.48116337634193,34.88116754075254],[135.4810714840939,34.88132692578715],[135.4809609905982,34.881478154463444],[135.48083295996756,34.88161977036661],[135.480688625207,34.88175040965809],[135.4805293763391,34.88186881421008],[135.48035674701757,34.88197384372202],[135.4801723997571,34.882064486702305],[135.4799781099226,34.88213987020948],[135.4797757486314,34.88219926825916],[135.47956726473336,34.88224210881565],[135.47935466604235,34.882267979300984],[135.47914,34.882276630568235],[135.47892533395765,34.882267979300984],[135.47871273526664,34.88224210881565],[135.4785042513686,34.88219926825916],[135.4783018900774,34.88213987020948],[135.4781076002429,34.882064486702305],[135.47792325298244,34.88197384372202],[135.4777506236609,34.88186881421008],[135.477591374793,34.88175040965809],[135.47744704003244,34.88161977036661],[135.4773190094018,34.881478154463444],[135.4772085159061,34.88132692578715],[135.47711662365808,34.88116754075254],[135.47704421763032,34.881001534324646],[135.47699199513244,34.8808305052361],[135.47696045909566,34.88065610059053],[135.47694991322925,34.88048],[135.47696045909566,34.88030389940947],[135.47699199513244,34.8801294947639],[135.47704421763032,34.87995846567535],[135.47711662365808,34.879792459247454],[135.4772085159061,34.87963307421285],[135.4773190094018,34.87948184553655],[135.47744704003244,34.879340229633385],[135.477591374793,34.87920959034191],[135.4777506236609,34.87909118578992],[135.47792325298244,34.878986156277975],[135.4781076002429,34.87889551329769],[135.4783018900774,34.87882012979052],[135.4785042513686,34.87876073174084],[135.47871273526664,34.878717891184344],[135.47892533395765,34.87869202069901],[135.47914,34.87868336943176],[135.47935466604235,34.87869202069901],[135.47956726473336,34.878717891184344],[135.4797757486314,34.87876073174084],[135.4799781099226,34.87882012979052],[135.4801723997571,34.87889551329769],[135.48035674701757,34.878986156277975],[135.4805293763391,34.87909118578992],[135.480688625207,34.87920959034191],[135.48083295996756,34.879340229633385],[135.4809609905982,34.87948184553655],[135.4810714840939,34.87963307421285],[135.48116337634193,34.879792459247454],[135.48123578236968,34.87995846567535],[135.48128800486757,34.8801294947639],[135.48131954090434,34.88030389940947],[135.48133008677075,34.88048]]]}},{"type":"Feature","properties":{"layer":"z17_default","buffer_m":500},"geometry":{"type":"Polygon","coordinates":[[[135.48585474736873,34.87343],[135.48582838496375,34.87387025147632],[135.48574955163318,34.874306263090254],[135.48561900658507,34.87473383581162],[135.48543800703965,34.87514885188136],[135.4852082961214,34.87554731446787],[135.48493208607212,34.87592538615861],[135.48461203694555,34.876279425916536],[135.4842512309897,34.87660602414522],[135.48385314296323,34.8769020355252],[135.48342160667136,34.87716460930506],[135.48296077804457,34.87739121675577],[135.48247509511438,34.8775796755237],[135.48196923527297,34.87772817064789],[135.48144807022712,34.87783527203913],[135.4809166190811,34.877899948252455],[135.48038,34.8779215764206],[135.47984338091888,34.877899948252455],[135.47931192977288,34.87783527203913],[135.47879076472702,34.87772817064789],[135.4782849048856,34.8775796755237],[135.47779922195542,34.87739121675577],[135.47733839332864,34.87716460930506],[135.47690685703677,34.8769020355252],[135.47650876901028,34.87660602414522],[135.47614796305444,34.876279425916536],[135.47582791392787,34.87592538615861],[135.47555170387858,34.87554731446787],[135.47532199296035,34.87514885188136],[135.47514099341493,34.87473383581162],[135.47501044836682,34.874306263090254],[135.47493161503624,34.87387025147632],[135.47490525263126,34.87343],[135.47493161503624,34.87298974852368],[135.47501044836682,34.872553736909744],[135.47514099341493,34.87212616418838],[135.47532199296035,34.871711148118635],[135.47555170387858,34.871312685532125],[135.47582791392787,34.870934613841385],[135.47614796305444,34.87058057408346],[135.47650876901028,34.87025397585478],[135.47690685703677,34.8699579644748],[135.47733839332864,34.869695390694936],[135.47779922195542,34.86946878324423],[135.4782849048856,34.8692803244763],[135.47879076472702,34.869131829352106],[135.47931192977288,34.86902472796087],[135.47984338091888,34.86896005174754],[135.48038,34.8689384235794],[135.4809166190811,34.86896005174754],[135.48144807022712,34.86902472796087],[135.48196923527297,34.869131829352106],[135.48247509511438,34.8692803244763],[135.48296077804457,34.86946878324423],[135.48342160667136,34.869695390694936],[135.48385314296323,34.8699579644748],[135.4842512309897,34.87025397585478],[135.48461203694555,34.87058057408346],[135.48493208607212,34.870934613841385],[135.4852082961214,34.871312685532125],[135.48543800703965,34.871711148118635],[135.48561900658507,34.87212616418838],[135.48574955163318,34.872553736909744],[135.48582838496375,34.87298974852368],[135.48585474736873,34.87343]]]}},{"type":"Feature","properties":{"layer":"z18_optional","buffer_m":200},"geometry":{"type":"Polygon","coordinates":[[[135.4825698989475,34.87343],[135.4825593539855,34.87360610059053],[135.48252782065327,34.8737805052361],[135.48247560263403,34.87395153432465],[135.48240320281585,34.87411754075254],[135.48231131844855,34.87427692578715],[135.48220083442885,34.874428154463445],[135.4820728147782,34.87456977036661],[135.4819284923959,34.87470040965809],[135.48176925718528,34.87481881421008],[135.48159664266853,34.87492384372202],[135.4814123112178,34.875014486702305],[135.48121803804577,34.87508987020948],[135.4810156941092,34.87514926825916],[135.48080722809084,34.875192108815654],[135.48059464763244,34.875217979300984],[135.48038,34.875226630568235],[135.48016535236755,34.875217979300984],[135.47995277190915,34.875192108815654],[135.4797443058908,34.87514926825916],[135.47954196195423,34.87508987020948],[135.47934768878218,34.875014486702305],[135.47916335733146,34.87492384372202],[135.47899074281472,34.87481881421008],[135.4788315076041,34.87470040965809],[135.4786871852218,34.87456977036661],[135.47855916557114,34.874428154463445],[135.47844868155144,34.87427692578715],[135.47835679718415,34.87411754075254],[135.47828439736597,34.87395153432465],[135.47823217934672,34.8737805052361],[135.4782006460145,34.87360610059053],[135.4781901010525,34.87343],[135.4782006460145,34.87325389940947],[135.47823217934672,34.8730794947639],[135.47828439736597,34.87290846567535],[135.47835679718415,34.872742459247455],[135.47844868155144,34.87258307421285],[135.47855916557114,34.87243184553655],[135.4786871852218,34.872290229633386],[135.4788315076041,34.87215959034191],[135.47899074281472,34.87204118578992],[135.47916335733146,34.871936156277975],[135.47934768878218,34.87184551329769],[135.47954196195423,34.87177012979052],[135.4797443058908,34.87171073174084],[135.47995277190915,34.871667891184345],[135.48016535236755,34.871642020699014],[135.48038,34.87163336943176],[135.48059464763244,34.871642020699014],[135.48080722809084,34.871667891184345],[135.4810156941092,34.87171073174084],[135.48121803804577,34.87177012979052],[135.4814123112178,34.87184551329769],[135.48159664266853,34.871936156277975],[135.48176925718528,34.87204118578992],[135.4819284923959,34.87215959034191],[135.4820728147782,34.872290229633386],[135.48220083442885,34.87243184553655],[135.48231131844855,34.87258307421285],[135.48240320281585,34.872742459247455],[135.48247560263403,34.87290846567535],[135.48252782065327,34.8730794947639],[135.4825593539855,34.87325389940947],[135.4825698989475,34.87343]]]}},{"type":"Feature","properties":{"layer":"z17_default","buffer_m":500},"geometry":{"type":"Polygon","coordinates":[[[135.48442448901497,34.86955],[135.48439812785404,34.86999025147632],[135.4843192982436,34.87042626309025],[135.48418875935593,34.870853835811616],[135.4840077683519,34.87126885188136],[135.48377806827372,34.87166731446787],[135.48350187125882,34.87204538615861],[135.48318183723538,34.872399425916534],[135.48282104830602,34.872726024145216],[135.48242297906532,34.873022035525196],[135.48199146313772,34.87328460930506],[135.48153065625743,34.873511216755766],[135.48104499624668,34.873699675523696],[135.48053916027683,34.87384817064789],[135.4800180198248,34.873955272039126],[135.479486593758,34.87401994825245],[135.47895,34.874041576420595],[135.478413406242,34.87401994825245],[135.4778819801752,34.873955272039126],[135.47736083972316,34.87384817064789],[135.47685500375331,34.873699675523696],[135.47636934374256,34.873511216755766],[135.47590853686228,34.87328460930506],[135.47547702093468,34.873022035525196],[135.47507895169397,34.872726024145216],[135.47471816276462,34.872399425916534],[135.47439812874117,34.87204538615861],[135.47412193172627,34.87166731446787],[135.4738922316481,34.87126885188136],[135.47371124064406,34.870853835811616],[135.4735807017564,34.87042626309025],[135.47350187214596,34.86999025147632],[135.47347551098503,34.86955],[135.47350187214596,34.86910974852368],[135.4735807017564,34.86867373690974],[135.47371124064406,34.86824616418838],[135.4738922316481,34.86783114811863],[135.47412193172627,34.86743268553212],[135.47439812874117,34.86705461384138],[135.47471816276462,34.86670057408346],[135.47507895169397,34.86637397585478],[135.47547702093468,34.8660779644748],[135.47590853686228,34.865815390694934],[135.47636934374256,34.86558878324423],[135.47685500375331,34.8654003244763],[135.47736083972316,34.865251829352104],[135.4778819801752,34.86514472796087],[135.478413406242,34.86508005174754],[135.47895,34.8650584235794],[135.479486593758,34.86508005174754],[135.4800180198248,34.86514472796087],[135.48053916027683,34.865251829352104],[135.48104499624668,34.8654003244763],[135.48153065625743,34.86558878324423],[135.48199146313772,34.865815390694934],[135.48242297906532,34.8660779644748],[135.48282104830602,34.86637397585478],[135.48318183723538,34.86670057408346],[135.48350187125882,34.86705461384138],[135.48377806827372,34.86743268553212],[135.4840077683519,34.86783114811863],[135.48418875935593,34.86824616418838],[135.4843192982436,34.86867373690974],[135.48439812785404,34.86910974852368],[135.48442448901497,34.86955]]]}},{"type":"Feature","properties":{"layer":"z18_optional","buffer_m":200},"geometry":{"type":"Polygon","coordinates":[[[135.48113979560597,34.86955],[135.4811292511416,34.869726100590526],[135.48109771929745,34.869900505236096],[135.48104550374237,34.870071534324644],[135.48097310734076,34.87023754075254],[135.48088122730948,34.87039692578715],[135.48077074850352,34.87054815446344],[135.48064273489416,34.87068977036661],[135.4804984193224,34.87082040965809],[135.48033919162611,34.87093881421008],[135.4801665852551,34.87104384372202],[135.47998226250297,34.8711344867023],[135.47978799849867,34.871209870209476],[135.47958566411074,34.871269268259155],[135.47937720792993,34.87131210881565],[135.4791646375032,34.87133797930098],[135.47895,34.87134663056823],[135.4787353624968,34.87133797930098],[135.47852279207007,34.87131210881565],[135.47831433588925,34.871269268259155],[135.47811200150133,34.871209870209476],[135.47791773749702,34.8711344867023],[135.4777334147449,34.87104384372202],[135.47756080837388,34.87093881421008],[135.4774015806776,34.87082040965809],[135.47725726510583,34.87068977036661],[135.47712925149648,34.87054815446344],[135.4770187726905,34.87039692578715],[135.47692689265924,34.87023754075254],[135.47685449625763,34.870071534324644],[135.47680228070254,34.869900505236096],[135.4767707488584,34.869726100590526],[135.47676020439403,34.86955],[135.4767707488584,34.86937389940947],[135.47680228070254,34.8691994947639],[135.47685449625763,34.86902846567535],[135.47692689265924,34.86886245924745],[135.4770187726905,34.868703074212846],[135.47712925149648,34.86855184553655],[135.47725726510583,34.86841022963338],[135.4774015806776,34.868279590341906],[135.47756080837388,34.868161185789916],[135.4777334147449,34.86805615627797],[135.47791773749702,34.86796551329769],[135.47811200150133,34.86789012979052],[135.47831433588925,34.86783073174084],[135.47852279207007,34.86778789118434],[135.4787353624968,34.86776202069901],[135.47895,34.86775336943176],[135.4791646375032,34.86776202069901],[135.47937720792993,34.86778789118434],[135.47958566411074,34.86783073174084],[135.47978799849867,34.86789012979052],[135.47998226250297,34.86796551329769],[135.4801665852551,34.86805615627797],[135.48033919162611,34.868161185789916],[135.4804984193224,34.868279590341906],[135.48064273489416,34.86841022963338],[135.48077074850352,34.86855184553655],[135.48088122730948,34.868703074212846],[135.48097310734076,34.86886245924745],[135.48104550374237,34.86902846567535],[135.48109771929745,34.8691994947639],[135.4811292511416,34.86937389940947],[135.48113979560597,34.86955]]]}},{"type":"Feature","properties":{"layer":"z17_default","buffer_m":500},"geometry":{"type":"Polygon","coordinates":[[[135.47888440512722,34.86829],[135.4788580443702,34.86873025147632],[135.47877921596773,34.86916626309026],[135.47864867908038,34.86959383581162],[135.47846769084973,34.870008851881366],[135.47823799429136,34.870407314467876],[135.4779618015087,34.870785386158616],[135.4776417723893,34.87113942591654],[135.4772809889884,34.87146602414522],[135.4768829258475,34.8717620355252],[135.47645141653217,34.872024609305065],[135.47599061671303,34.87225121675577],[135.47550496414425,34.8724396755237],[135.47499913592551,34.872588170647894],[135.47447800345913,34.87269527203913],[135.47394658553557,34.87275994825246],[135.47341,34.8727815764206],[135.47287341446443,34.87275994825246],[135.47234199654088,34.87269527203913],[135.4718208640745,34.872588170647894],[135.47131503585575,34.8724396755237],[135.47082938328697,34.87225121675577],[135.47036858346783,34.872024609305065],[135.4699370741525,34.8717620355252],[135.4695390110116,34.87146602414522],[135.4691782276107,34.87113942591654],[135.4688581984913,34.870785386158616],[135.46858200570864,34.870407314467876],[135.46835230915028,34.870008851881366],[135.46817132091962,34.86959383581162],[135.46804078403227,34.86916626309026],[135.4679619556298,34.86873025147632],[135.46793559487278,34.86829],[135.4679619556298,34.86784974852368],[135.46804078403227,34.86741373690975],[135.46817132091962,34.86698616418838],[135.46835230915028,34.86657114811864],[135.46858200570864,34.86617268553213],[135.4688581984913,34.86579461384139],[135.4691782276107,34.865440574083465],[135.4695390110116,34.86511397585478],[135.4699370741525,34.8648179644748],[135.47036858346783,34.86455539069494],[135.47082938328697,34.86432878324423],[135.47131503585575,34.8641403244763],[135.4718208640745,34.86399182935211],[135.47234199654088,34.86388472796087],[135.47287341446443,34.863820051747545],[135.47341,34.863798423579404],[135.47394658553557,34.863820051747545],[135.47447800345913,34.86388472796087],[135.47499913592551,34.86399182935211],[135.47550496414425,34.8641403244763],[135.47599061671303,34.86432878324423],[135.47645141653217,34.86455539069494],[135.4768829258475,34.8648179644748],[135.4772809889884,34.86511397585478],[135.4776417723893,34.865440574083465],[135.4779618015087,34.86579461384139],[135.47823799429136,34.86617268553213],[135.47846769084973,34.86657114811864],[135.47864867908038,34.86698616418838],[135.47877921596773,34.86741373690975],[135.4788580443702,34.86784974852368],[135.47888440512722,34.86829]]]}},{"type":"Feature","properties":{"layer":"z18_optional","buffer_m":200},"geometry":{"type":"Polygon","coordinates":[[[135.47559976205088,34.86829],[135.47558921774808,34.86846610059053],[135.4755576863871,34.8686405052361],[135.47550547163215,34.86881153432465],[135.4754330763399,34.868977540752546],[135.47534119771655,34.86913692578715],[135.4752307206035,34.86928815446345],[135.47510270895572,34.869429770366615],[135.47495839559537,34.86956040965809],[135.474799170339,34.86967881421008],[135.47462656661287,34.869783843722026],[135.47444224668521,34.86987448670231],[135.47424798565768,34.86994987020948],[135.4740456543702,34.87000926825916],[135.47383720138365,34.870052108815656],[135.47362463421422,34.87007797930099],[135.47341,34.87008663056824],[135.47319536578578,34.87007797930099],[135.47298279861636,34.870052108815656],[135.4727743456298,34.87000926825916],[135.47257201434232,34.86994987020948],[135.4723777533148,34.86987448670231],[135.47219343338713,34.869783843722026],[135.472020829661,34.86967881421008],[135.47186160440464,34.86956040965809],[135.47171729104429,34.869429770366615],[135.4715892793965,34.86928815446345],[135.47147880228346,34.86913692578715],[135.4713869236601,34.868977540752546],[135.47131452836786,34.86881153432465],[135.4712623136129,34.8686405052361],[135.47123078225192,34.86846610059053],[135.47122023794913,34.86829],[135.47123078225192,34.86811389940947],[135.4712623136129,34.8679394947639],[135.47131452836786,34.867768465675354],[135.4713869236601,34.86760245924746],[135.47147880228346,34.86744307421285],[135.4715892793965,34.867291845536556],[135.47171729104429,34.86715022963339],[135.47186160440464,34.86701959034191],[135.472020829661,34.86690118578992],[135.47219343338713,34.86679615627798],[135.4723777533148,34.866705513297696],[135.47257201434232,34.86663012979052],[135.4727743456298,34.86657073174084],[135.47298279861636,34.86652789118435],[135.47319536578578,34.866502020699016],[135.47341,34.866493369431765],[135.47362463421422,34.866502020699016],[135.47383720138365,34.86652789118435],[135.4740456543702,34.86657073174084],[135.47424798565768,34.86663012979052],[135.47444224668521,34.866705513297696],[135.47462656661287,34.86679615627798],[135.474799170339,34.86690118578992],[135.47495839559537,34.86701959034191],[135.47510270895572,34.86715022963339],[135.4752307206035,34.867291845536556],[135.47534119771655,34.86744307421285],[135.4754330763399,34.86760245924746],[135.47550547163215,34.867768465675354],[135.4755576863871,34.8679394947639],[135.47558921774808,34.86811389940947],[135.47559976205088,34.86829]]]}},{"type":"Feature","properties":{"layer":"z17_default","buffer_m":500},"geometry":{"type":"Polygon","coordinates":[[[135.4800449458287,34.87641],[135.48001858246806,34.87685025147632],[135.47993974627977,34.877286263090255],[135.47980919649942,34.87771383581162],[135.47962819039273,34.878128851881364],[135.47939847114748,34.878527314467874],[135.47912225108556,34.878905386158614],[135.47880219035716,34.87925942591654],[135.4784413713221,34.87958602414522],[135.47804326886487,34.8798820355252],[135.4776117169298,34.88014460930506],[135.47715087159793,34.88037121675577],[135.47666517106174,34.8805596755237],[135.47615929288287,34.88070817064789],[135.47563810894474,34.88081527203913],[135.4751066385336,34.880879948252456],[135.47457,34.8809015764206],[135.4740333614664,34.880879948252456],[135.47350189105526,34.88081527203913],[135.47298070711713,34.88070817064789],[135.47247482893826,34.8805596755237],[135.47198912840207,34.88037121675577],[135.4715282830702,34.88014460930506],[135.47109673113513,34.8798820355252],[135.4706986286779,34.87958602414522],[135.47033780964284,34.87925942591654],[135.47001774891444,34.878905386158614],[135.46974152885252,34.878527314467874],[135.46951180960727,34.878128851881364],[135.46933080350058,34.87771383581162],[135.46920025372023,34.877286263090255],[135.46912141753194,34.87685025147632],[135.4690950541713,34.87641],[135.46912141753194,34.87596974852368],[135.46920025372023,34.875533736909745],[135.46933080350058,34.87510616418838],[135.46951180960727,34.874691148118636],[135.46974152885252,34.874292685532126],[135.47001774891444,34.873914613841386],[135.47033780964284,34.87356057408346],[135.4706986286779,34.87323397585478],[135.47109673113513,34.8729379644748],[135.4715282830702,34.87267539069494],[135.47198912840207,34.87244878324423],[135.47247482893826,34.8722603244763],[135.47298070711713,34.87211182935211],[135.47350189105526,34.87200472796087],[135.4740333614664,34.87194005174754],[135.47457,34.8719184235794],[135.4751066385336,34.87194005174754],[135.47563810894474,34.87200472796087],[135.47615929288287,34.87211182935211],[135.47666517106174,34.8722603244763],[135.47715087159793,34.87244878324423],[135.4776117169298,34.87267539069494],[135.47804326886487,34.8729379644748],[135.4784413713221,34.87323397585478],[135.47880219035716,34.87356057408346],[135.47912225108556,34.873914613841386],[135.47939847114748,34.874292685532126],[135.47962819039273,34.874691148118636],[135.47980919649942,34.87510616418838],[135.47993974627977,34.875533736909745],[135.48001858246806,34.87596974852368],[135.4800449458287,34.87641]]]}},{"type":"Feature","properties":{"layer":"z18_optional","buffer_m":200},"geometry":{"type":"Polygon","coordinates":[[[135.47675997833147,34.87641],[135.47674943298722,34.87658610059053],[135.4767178985119,34.8767605052361],[135.47666567859977,34.87693153432465],[135.4765932761571,34.877097540752544],[135.47650138845898,34.87725692578715],[135.4763909004342,34.877408154463446],[135.47626287614287,34.87754977036661],[135.47611854852883,34.87768040965809],[135.47595930754596,34.87779881421008],[135.47578668677193,34.877903843722024],[135.47560234863917,34.877994486702306],[135.47540806842468,34.87806987020948],[135.47520571715316,34.87812926825916],[135.4749972435779,34.878172108815654],[135.47478465541343,34.878197979300985],[135.47457,34.878206630568236],[135.47435534458657,34.878197979300985],[135.4741427564221,34.878172108815654],[135.47393428284684,34.87812926825916],[135.47373193157532,34.87806987020948],[135.47353765136083,34.877994486702306],[135.47335331322807,34.877903843722024],[135.47318069245404,34.87779881421008],[135.47302145147117,34.87768040965809],[135.47287712385713,34.87754977036661],[135.4727490995658,34.877408154463446],[135.47263861154102,34.87725692578715],[135.4725467238429,34.877097540752544],[135.47247432140023,34.87693153432465],[135.4724221014881,34.8767605052361],[135.47239056701278,34.87658610059053],[135.47238002166853,34.87641],[135.47239056701278,34.87623389940947],[135.4724221014881,34.8760594947639],[135.47247432140023,34.87588846567535],[135.4725467238429,34.875722459247456],[135.47263861154102,34.87556307421285],[135.4727490995658,34.875411845536554],[135.47287712385713,34.87527022963339],[135.47302145147117,34.87513959034191],[135.47318069245404,34.87502118578992],[135.47335331322807,34.874916156277976],[135.47353765136083,34.874825513297694],[135.47373193157532,34.87475012979052],[135.47393428284684,34.87469073174084],[135.4741427564221,34.874647891184345],[135.47435534458657,34.874622020699015],[135.47457,34.87461336943176],[135.47478465541343,34.874622020699015],[135.4749972435779,34.874647891184345],[135.47520571715316,34.87469073174084],[135.47540806842468,34.87475012979052],[135.47560234863917,34.874825513297694],[135.47578668677193,34.874916156277976],[135.47595930754596,34.87502118578992],[135.47611854852883,34.87513959034191],[135.47626287614287,34.87527022963339],[135.4763909004342,34.875411845536554],[135.47650138845898,34.87556307421285],[135.4765932761571,34.875722459247456],[135.47666567859977,34.87588846567535],[135.4767178985119,34.8760594947639],[135.47674943298722,34.87623389940947],[135.47675997833147,34.87641]]]}},{"type":"Feature","properties":{"layer":"z17_default","buffer_m":500},"geometry":{"type":"Polygon","coordinates":[[[135.47950494782674,34.87644],[135.4794785844565,34.87688025147632],[135.47939974823944,34.87731626309026],[135.47926919841146,34.87774383581162],[135.4790881922387,34.878158851881366],[135.47885847290962,34.878557314467876],[135.4785822527469,34.878935386158616],[135.4782621919017,34.87928942591654],[135.47790137273495,34.87961602414522],[135.47750327013244,34.8799120355252],[135.47707171803987,34.880174609305065],[135.47661087253982,34.88040121675577],[135.47612517182637,34.8805896755237],[135.47561929346287,34.880738170647895],[135.47509810933454,34.88084527203913],[135.47456663872944,34.88090994825246],[135.47403,34.8809315764206],[135.47349336127056,34.88090994825246],[135.47296189066546,34.88084527203913],[135.47244070653713,34.880738170647895],[135.47193482817363,34.8805896755237],[135.47144912746018,34.88040121675577],[135.47098828196013,34.880174609305065],[135.47055672986755,34.8799120355252],[135.47015862726505,34.87961602414522],[135.4697978080983,34.87928942591654],[135.4694777472531,34.878935386158616],[135.46920152709038,34.878557314467876],[135.4689718077613,34.878158851881366],[135.46879080158854,34.87774383581162],[135.46866025176055,34.87731626309026],[135.4685814155435,34.87688025147632],[135.46855505217326,34.87644],[135.4685814155435,34.87599974852368],[135.46866025176055,34.87556373690975],[135.46879080158854,34.87513616418838],[135.4689718077613,34.87472114811864],[135.46920152709038,34.87432268553213],[135.4694777472531,34.87394461384139],[135.4697978080983,34.873590574083465],[135.47015862726505,34.87326397585478],[135.47055672986755,34.8729679644748],[135.47098828196013,34.87270539069494],[135.47144912746018,34.87247878324423],[135.47193482817363,34.8722903244763],[135.47244070653713,34.87214182935211],[135.47296189066546,34.87203472796087],[135.47349336127056,34.871970051747546],[135.47403,34.871948423579404],[135.47456663872944,34.871970051747546],[135.47509810933454,34.87203472796087],[135.47561929346287,34.87214182935211],[135.47612517182637,34.8722903244763],[135.47661087253982,34.87247878324423],[135.47707171803987,34.87270539069494],[135.47750327013244,34.8729679644748],[135.47790137273495,34.87326397585478],[135.4782621919017,34.873590574083465],[135.4785822527469,34.87394461384139],[135.47885847290962,34.87432268553213],[135.4790881922387,34.87472114811864],[135.47926919841146,34.87513616418838],[135.47939974823944,34.87556373690975],[135.4794785844565,34.87599974852368],[135.47950494782674,34.87644]]]}},{"type":"Feature","properties":{"layer":"z18_optional","buffer_m":200},"geometry":{"type":"Polygon","coordinates":[[[135.4762199791307,34.87644],[135.4762094337826,34.87661610059053],[135.47617789929578,34.8767905052361],[135.47612567936457,34.87696153432465],[135.47605327689547,34.87712754075255],[135.47596138916384,34.87728692578715],[135.47585090109877,34.87743815446345],[135.47572287676067,34.877579770366616],[135.47557854909397,34.87771040965809],[135.47541930805298,34.87782881421008],[135.47524668721596,34.877933843722026],[135.47506234901593,34.87802448670231],[135.47486806873053,34.87809987020948],[135.47466571738514,34.87815926825916],[135.4744572437338,34.87820210881566],[135.47424465549176,34.87822797930099],[135.47403,34.87823663056824],[135.47381534450824,34.87822797930099],[135.4736027562662,34.87820210881566],[135.47339428261486,34.87815926825916],[135.47319193126947,34.87809987020948],[135.47299765098407,34.87802448670231],[135.47281331278404,34.877933843722026],[135.47264069194702,34.87782881421008],[135.47248145090603,34.87771040965809],[135.47233712323933,34.877579770366616],[135.47220909890123,34.87743815446345],[135.47209861083616,34.87728692578715],[135.47200672310453,34.87712754075255],[135.47193432063543,34.87696153432465],[135.47188210070422,34.8767905052361],[135.4718505662174,34.87661610059053],[135.4718400208693,34.87644],[135.4718505662174,34.87626389940947],[135.47188210070422,34.8760894947639],[135.47193432063543,34.875918465675355],[135.47200672310453,34.87575245924746],[135.47209861083616,34.87559307421285],[135.47220909890123,34.87544184553656],[135.47233712323933,34.87530022963339],[135.47248145090603,34.87516959034191],[135.47264069194702,34.87505118578992],[135.47281331278404,34.87494615627798],[135.47299765098407,34.874855513297696],[135.47319193126947,34.87478012979052],[135.47339428261486,34.874720731740844],[135.4736027562662,34.87467789118435],[135.47381534450824,34.87465202069902],[135.47403,34.874643369431766],[135.47424465549176,34.87465202069902],[135.4744572437338,34.87467789118435],[135.47466571738514,34.874720731740844],[135.47486806873053,34.87478012979052],[135.47506234901593,34.874855513297696],[135.47524668721596,34.87494615627798],[135.47541930805298,34.87505118578992],[135.47557854909397,34.87516959034191],[135.47572287676067,34.87530022963339],[135.47585090109877,34.87544184553656],[135.47596138916384,34.87559307421285],[135.47605327689547,34.87575245924746],[135.47612567936457,34.875918465675355],[135.47617789929578,34.8760894947639],[135.4762094337826,34.87626389940947],[135.4762199791307,34.87644]]]}},{"type":"Feature","properties":{"layer":"z17_default","buffer_m":500},"geometry":{"type":"Polygon","coordinates":[[[135.4817649658095,34.87671],[135.48173860235266,34.87715025147632],[135.48165976587666,34.87758626309026],[135.48152921561987,34.87801383581162],[135.4813482088526,34.87842885188137],[135.48111848876897,34.87882731446788],[135.480842267699,34.87920538615862],[135.48052220580254,34.87955942591654],[135.48016138545066,34.87988602414522],[135.47976328154058,34.8801820355252],[135.47933172803056,34.880444609305066],[135.47887088101683,34.88067121675577],[135.47838517870807,34.8808596755237],[135.477879298683,34.881008170647895],[135.4773581128428,34.88111527203913],[135.47682664049205,34.88117994825246],[135.47629,34.8812015764206],[135.47575335950796,34.88117994825246],[135.4752218871572,34.88111527203913],[135.474700701317,34.881008170647895],[135.47419482129195,34.8808596755237],[135.47370911898318,34.88067121675577],[135.47324827196945,34.880444609305066],[135.47281671845943,34.8801820355252],[135.47241861454935,34.87988602414522],[135.47205779419747,34.87955942591654],[135.47173773230102,34.87920538615862],[135.47146151123104,34.87882731446788],[135.4712317911474,34.87842885188137],[135.47105078438014,34.87801383581162],[135.47092023412335,34.87758626309026],[135.47084139764735,34.87715025147632],[135.4708150341905,34.87671],[135.47084139764735,34.87626974852368],[135.47092023412335,34.87583373690975],[135.47105078438014,34.875406164188384],[135.4712317911474,34.87499114811864],[135.47146151123104,34.87459268553213],[135.47173773230102,34.87421461384139],[135.47205779419747,34.873860574083466],[135.47241861454935,34.873533975854784],[135.47281671845943,34.873237964474804],[135.47324827196945,34.87297539069494],[135.47370911898318,34.87274878324423],[135.47419482129195,34.872560324476304],[135.474700701317,34.87241182935211],[135.4752218871572,34.87230472796087],[135.47575335950796,34.872240051747546],[135.47629,34.872218423579405],[135.47682664049205,34.872240051747546],[135.4773581128428,34.87230472796087],[135.477879298683,34.87241182935211],[135.47838517870807,34.872560324476304],[135.47887088101683,34.87274878324423],[135.47933172803056,34.87297539069494],[135.47976328154058,34.873237964474804],[135.48016138545066,34.873533975854784],[135.48052220580254,34.873860574083466],[135.480842267699,34.87421461384139],[135.48111848876897,34.87459268553213],[135.4813482088526,34.87499114811864],[135.48152921561987,34.875406164188384],[135.48165976587666,34.87583373690975],[135.48173860235266,34.87626974852368],[135.4817649658095,34.87671]]]}},{"type":"Feature","properties":{"layer":"z18_optional","buffer_m":200},"geometry":{"type":"Polygon","coordinates":[[[135.4784799863238,34.87671],[135.47846944094107,34.87688610059053],[135.47843790635068,34.8770605052361],[135.47838568624795,34.87723153432465],[135.47831328354104,34.87739754075255],[135.4782213955076,34.877556925787154],[135.4781109070796,34.87770815446345],[135.47798288232102,34.877849770366616],[135.47783855418027,34.87798040965809],[135.47767931261623,34.878098814210084],[135.47750669121223,34.87820384372203],[135.47732235240673,34.87829448670231],[135.47712807148324,34.87836987020948],[135.4769257194732,34.87842926825916],[135.47671724513714,34.87847210881566],[135.47650465619682,34.87849797930099],[135.47629,34.87850663056824],[135.4760753438032,34.87849797930099],[135.47586275486287,34.87847210881566],[135.4756542805268,34.87842926825916],[135.47545192851678,34.87836987020948],[135.47525764759328,34.87829448670231],[135.47507330878778,34.87820384372203],[135.47490068738378,34.878098814210084],[135.47474144581975,34.87798040965809],[135.474597117679,34.877849770366616],[135.4744690929204,34.87770815446345],[135.4743586044924,34.877556925787154],[135.47426671645897,34.87739754075255],[135.47419431375206,34.87723153432465],[135.47414209364933,34.8770605052361],[135.47411055905894,34.87688610059053],[135.4741000136762,34.87671],[135.47411055905894,34.87653389940947],[135.47414209364933,34.8763594947639],[135.47419431375206,34.876188465675355],[135.47426671645897,34.87602245924746],[135.4743586044924,34.87586307421285],[135.4744690929204,34.87571184553656],[135.474597117679,34.87557022963339],[135.47474144581975,34.87543959034191],[135.47490068738378,34.87532118578992],[135.47507330878778,34.87521615627798],[135.47525764759328,34.8751255132977],[135.47545192851678,34.87505012979052],[135.4756542805268,34.874990731740844],[135.47586275486287,34.87494789118435],[135.4760753438032,34.87492202069902],[135.47629,34.874913369431766],[135.47650465619682,34.87492202069902],[135.47671724513714,34.87494789118435],[135.4769257194732,34.874990731740844],[135.47712807148324,34.87505012979052],[135.47732235240673,34.8751255132977],[135.47750669121223,34.87521615627798],[135.47767931261623,34.87532118578992],[135.47783855418027,34.87543959034191],[135.47798288232102,34.87557022963339],[135.4781109070796,34.87571184553656],[135.4782213955076,34.87586307421285],[135.47831328354104,34.87602245924746],[135.47838568624795,34.876188465675355],[135.47843790635068,34.8763594947639],[135.47846944094107,34.87653389940947],[135.4784799863238,34.87671]]]}},{"type":"Feature","properties":{"layer":"z17_default","buffer_m":500},"geometry":{"type":"Polygon","coordinates":[[[135.48229511301057,34.87892],[135.48226874884492,34.87936025147632],[135.4821899102493,34.879796263090256],[135.4820593564825,34.88022383581162],[135.48187834484864,34.880638851881365],[135.48164861858874,34.881037314467875],[135.48137239009222,34.881415386158615],[135.4810523195905,34.88176942591654],[135.48069148953755,34.88209602414522],[135.48029337492395,34.8823920355252],[135.4798618098111,34.882654609305064],[135.47940095040693,34.88288121675577],[135.47891523503947,34.8830696755237],[135.4784093414132,34.88321817064789],[135.4778881415603,34.88332527203913],[135.47735665492027,34.88338994825246],[135.47682,34.8834115764206],[135.47628334507974,34.88338994825246],[135.4757518584397,34.88332527203913],[135.4752306585868,34.88321817064789],[135.47472476496054,34.8830696755237],[135.47423904959308,34.88288121675577],[135.4737781901889,34.882654609305064],[135.47334662507606,34.8823920355252],[135.47294851046246,34.88209602414522],[135.4725876804095,34.88176942591654],[135.4722676099078,34.881415386158615],[135.47199138141127,34.881037314467875],[135.47176165515137,34.880638851881365],[135.4715806435175,34.88022383581162],[135.4714500897507,34.879796263090256],[135.4713712511551,34.87936025147632],[135.47134488698944,34.87892],[135.4713712511551,34.87847974852368],[135.4714500897507,34.878043736909746],[135.4715806435175,34.87761616418838],[135.47176165515137,34.87720114811864],[135.47199138141127,34.87680268553213],[135.4722676099078,34.87642461384139],[135.4725876804095,34.876070574083464],[135.47294851046246,34.87574397585478],[135.47334662507606,34.8754479644748],[135.4737781901889,34.87518539069494],[135.47423904959308,34.87495878324423],[135.47472476496054,34.8747703244763],[135.4752306585868,34.87462182935211],[135.4757518584397,34.87451472796087],[135.47628334507974,34.874450051747544],[135.47682,34.8744284235794],[135.47735665492027,34.874450051747544],[135.4778881415603,34.87451472796087],[135.4784093414132,34.87462182935211],[135.47891523503947,34.8747703244763],[135.47940095040693,34.87495878324423],[135.4798618098111,34.87518539069494],[135.48029337492395,34.8754479644748],[135.48069148953755,34.87574397585478],[135.4810523195905,34.876070574083464],[135.48137239009222,34.87642461384139],[135.48164861858874,34.87680268553213],[135.48187834484864,34.87720114811864],[135.4820593564825,34.87761616418838],[135.4821899102493,34.878043736909746],[135.48226874884492,34.87847974852368],[135.48229511301057,34.87892]]]}},{"type":"Feature","properties":{"layer":"z18_optional","buffer_m":200},"geometry":{"type":"Polygon","coordinates":[[[135.47901004520423,34.87892],[135.47899949953796,34.87909610059053],[135.47896796409972,34.8792705052361],[135.47891574259302,34.87944153432465],[135.47884333793945,34.879607540752545],[135.47875144743549,34.87976692578715],[135.47864095603688,34.87991815446345],[135.47851292783622,34.880059770366614],[135.47836859581503,34.88019040965809],[135.47820934996957,34.88030881421008],[135.47803672392445,34.880413843722025],[135.47785238016277,34.88050448670231],[135.4776580940158,34.88057987020948],[135.47745573656528,34.88063926825916],[135.47724725662414,34.880682108815655],[135.4770346619681,34.880707979300986],[135.47682,34.88071663056824],[135.4766053380319,34.880707979300986],[135.47639274337587,34.880682108815655],[135.47618426343473,34.88063926825916],[135.4759819059842,34.88057987020948],[135.47578761983723,34.88050448670231],[135.47560327607556,34.880413843722025],[135.47543065003043,34.88030881421008],[135.47527140418498,34.88019040965809],[135.4751270721638,34.880059770366614],[135.47499904396312,34.87991815446345],[135.47488855256452,34.87976692578715],[135.47479666206056,34.879607540752545],[135.474724257407,34.87944153432465],[135.47467203590028,34.8792705052361],[135.47464050046204,34.87909610059053],[135.47462995479577,34.87892],[135.47464050046204,34.87874389940947],[135.47467203590028,34.8785694947639],[135.474724257407,34.87839846567535],[135.47479666206056,34.87823245924746],[135.47488855256452,34.87807307421285],[135.47499904396312,34.877921845536555],[135.4751270721638,34.87778022963339],[135.47527140418498,34.87764959034191],[135.47543065003043,34.87753118578992],[135.47560327607556,34.87742615627798],[135.47578761983723,34.877335513297695],[135.4759819059842,34.87726012979052],[135.47618426343473,34.87720073174084],[135.47639274337587,34.877157891184346],[135.4766053380319,34.877132020699015],[135.47682,34.877123369431764],[135.4770346619681,34.877132020699015],[135.47724725662414,34.877157891184346],[135.47745573656528,34.87720073174084],[135.4776580940158,34.87726012979052],[135.47785238016277,34.877335513297695],[135.47803672392445,34.87742615627798],[135.47820934996957,34.87753118578992],[135.47836859581503,34.87764959034191],[135.47851292783622,34.87778022963339],[135.47864095603688,34.877921845536555],[135.47875144743549,34.87807307421285],[135.47884333793945,34.87823245924746],[135.47891574259302,34.87839846567535],[135.47896796409972,34.8785694947639],[135.47899949953796,34.87874389940947],[135.47901004520423,34.87892]]]}},{"type":"Feature","properties":{"layer":"z17_default","buffer_m":500},"geometry":{"type":"Polygon","coordinates":[[[135.48479498845478,34.87705],[135.4847686248889,34.87749025147632],[135.48468978808683,34.87792626309025],[135.48455923729003,34.878353835811616],[135.4843782297741,34.87876885188136],[135.48414850874033,34.87916731446787],[135.48387228652786,34.87954538615861],[135.48355222330758,34.879899425916534],[135.48319140146327,34.880226024145216],[135.4827932959066,34.880522035525196],[135.4823617406116,34.88078460930506],[135.48190089169174,34.881011216755766],[135.48141518737404,34.881199675523696],[135.48090930525657,34.88134817064789],[135.48038811726067,34.881455272039126],[135.47985664271167,34.88151994825245],[135.47932,34.881541576420595],[135.47878335728834,34.88151994825245],[135.47825188273933,34.881455272039126],[135.47773069474343,34.88134817064789],[135.47722481262596,34.881199675523696],[135.47673910830827,34.881011216755766],[135.4762782593884,34.88078460930506],[135.4758467040934,34.880522035525196],[135.47544859853673,34.880226024145216],[135.47508777669242,34.879899425916534],[135.47476771347215,34.87954538615861],[135.47449149125967,34.87916731446787],[135.4742617702259,34.87876885188136],[135.47408076270997,34.878353835811616],[135.47395021191318,34.87792626309025],[135.47387137511112,34.87749025147632],[135.47384501154522,34.87705],[135.47387137511112,34.87660974852368],[135.47395021191318,34.87617373690974],[135.47408076270997,34.87574616418838],[135.4742617702259,34.87533114811863],[135.47449149125967,34.87493268553212],[135.47476771347215,34.87455461384138],[135.47508777669242,34.87420057408346],[135.47544859853673,34.87387397585478],[135.4758467040934,34.8735779644748],[135.4762782593884,34.873315390694934],[135.47673910830827,34.87308878324423],[135.47722481262596,34.8729003244763],[135.47773069474343,34.872751829352104],[135.47825188273933,34.87264472796087],[135.47878335728834,34.87258005174754],[135.47932,34.8725584235794],[135.47985664271167,34.87258005174754],[135.48038811726067,34.87264472796087],[135.48090930525657,34.872751829352104],[135.48141518737404,34.8729003244763],[135.48190089169174,34.87308878324423],[135.4823617406116,34.873315390694934],[135.4827932959066,34.8735779644748],[135.48319140146327,34.87387397585478],[135.48355222330758,34.87420057408346],[135.48387228652786,34.87455461384138],[135.48414850874033,34.87493268553212],[135.4843782297741,34.87533114811863],[135.48455923729003,34.87574616418838],[135.48468978808683,34.87617373690974],[135.4847686248889,34.87660974852368],[135.48479498845478,34.87705]]]}},{"type":"Feature","properties":{"layer":"z18_optional","buffer_m":200},"geometry":{"type":"Polygon","coordinates":[[[135.4815099953819,34.87705],[135.48149944995555,34.877226100590526],[135.48146791523473,34.877400505236096],[135.48141569491602,34.877571534324645],[135.48134329190964,34.87773754075254],[135.48125140349612,34.87789692578715],[135.48114091461113,34.87804815446344],[135.48101288932304,34.87818977036661],[135.48086856058532,34.87832040965809],[135.48070931836264,34.87843881421008],[135.48053669624463,34.87854384372202],[135.4803523566767,34.8786344867023],[135.4801580749496,34.87870987020948],[135.47995572210263,34.878769268259155],[135.47974724690428,34.87881210881565],[135.47953465708468,34.87883797930098],[135.47932,34.87884663056823],[135.47910534291532,34.87883797930098],[135.47889275309572,34.87881210881565],[135.47868427789737,34.878769268259155],[135.4784819250504,34.87870987020948],[135.4782876433233,34.8786344867023],[135.47810330375538,34.87854384372202],[135.47793068163736,34.87843881421008],[135.47777143941468,34.87832040965809],[135.47762711067696,34.87818977036661],[135.47749908538887,34.87804815446344],[135.47738859650389,34.87789692578715],[135.47729670809036,34.87773754075254],[135.47722430508398,34.877571534324645],[135.47717208476527,34.877400505236096],[135.47714055004445,34.877226100590526],[135.4771300046181,34.87705],[135.47714055004445,34.87687389940947],[135.47717208476527,34.8766994947639],[135.47722430508398,34.87652846567535],[135.47729670809036,34.87636245924745],[135.47738859650389,34.876203074212846],[135.47749908538887,34.87605184553655],[135.47762711067696,34.875910229633384],[135.47777143941468,34.87577959034191],[135.47793068163736,34.875661185789916],[135.47810330375538,34.87555615627797],[135.4782876433233,34.87546551329769],[135.4784819250504,34.87539012979052],[135.47868427789737,34.87533073174084],[135.47889275309572,34.87528789118434],[135.47910534291532,34.87526202069901],[135.47932,34.87525336943176],[135.47953465708468,34.87526202069901],[135.47974724690428,34.87528789118434],[135.47995572210263,34.87533073174084],[135.4801580749496,34.87539012979052],[135.4803523566767,34.87546551329769],[135.48053669624463,34.87555615627797],[135.48070931836264,34.875661185789916],[135.48086856058532,34.87577959034191],[135.48101288932304,34.875910229633384],[135.48114091461113,34.87605184553655],[135.48125140349612,34.876203074212846],[135.48134329190964,34.87636245924745],[135.48141569491602,34.87652846567535],[135.48146791523473,34.8766994947639],[135.48149944995555,34.87687389940947],[135.4815099953819,34.87705]]]}},{"type":"Feature","properties":{"layer":"z17_default","buffer_m":500},"geometry":{"type":"Polygon","coordinates":[[[135.50213428795942,34.86653],[135.50210792776662,34.86697025147632],[135.50202910105128,34.86740626309025],[135.50189856695778,34.867833835811616],[135.50171758260078,34.86824885188136],[135.50148789095857,34.86864731446787],[135.50121170408724,34.86902538615861],[135.50089168181734,34.869379425916534],[135.50053090613827,34.869706024145216],[135.50013285151704,34.8700020355252],[135.4997013514372,34.87026460930506],[135.49924056148052,34.87049121675577],[135.49875491930607,34.8706796755237],[135.4982491019135,34.87082817064789],[135.4977279806008,34.87093527203913],[135.49719657405112,34.870999948252454],[135.49666,34.871021576420596],[135.49612342594887,34.870999948252454],[135.49559201939917,34.87093527203913],[135.49507089808648,34.87082817064789],[135.49456508069392,34.8706796755237],[135.49407943851946,34.87049121675577],[135.49361864856277,34.87026460930506],[135.49318714848295,34.8700020355252],[135.49278909386172,34.869706024145216],[135.49242831818265,34.869379425916534],[135.49210829591274,34.86902538615861],[135.4918321090414,34.86864731446787],[135.4916024173992,34.86824885188136],[135.4914214330422,34.867833835811616],[135.4912908989487,34.86740626309025],[135.49121207223337,34.86697025147632],[135.49118571204056,34.86653],[135.49121207223337,34.86608974852368],[135.4912908989487,34.86565373690974],[135.4914214330422,34.86522616418838],[135.4916024173992,34.86481114811863],[135.4918321090414,34.86441268553212],[135.49210829591274,34.86403461384138],[135.49242831818265,34.86368057408346],[135.49278909386172,34.86335397585478],[135.49318714848295,34.8630579644748],[135.49361864856277,34.862795390694934],[135.49407943851946,34.86256878324423],[135.49456508069392,34.8623803244763],[135.49507089808648,34.862231829352105],[135.49559201939917,34.86212472796087],[135.49612342594887,34.86206005174754],[135.49666,34.8620384235794],[135.49719657405112,34.86206005174754],[135.4977279806008,34.86212472796087],[135.4982491019135,34.862231829352105],[135.49875491930607,34.8623803244763],[135.49924056148052,34.86256878324423],[135.4997013514372,34.862795390694934],[135.50013285151704,34.8630579644748],[135.50053090613827,34.86335397585478],[135.50089168181734,34.86368057408346],[135.50121170408724,34.86403461384138],[135.50148789095857,34.86441268553212],[135.50171758260078,34.86481114811863],[135.50189856695778,34.86522616418838],[135.50202910105128,34.86565373690974],[135.50210792776662,34.86608974852368],[135.50213428795942,34.86653]]]}},{"type":"Feature","properties":{"layer":"z18_optional","buffer_m":200},"geometry":{"type":"Polygon","coordinates":[[[135.49884971518375,34.86653],[135.49883917110665,34.86670610059053],[135.4988076404205,34.8668805052361],[135.4987554267831,34.867051534324645],[135.4986830330403,34.86721754075254],[135.4985911563834,34.86737692578715],[135.4984806816349,34.86752815446344],[135.49835267272692,34.86766977036661],[135.4982083624553,34.86780040965809],[135.4980491406068,34.86791881421008],[135.49787654057488,34.86802384372202],[135.49769222459219,34.868114486702304],[135.4974979677224,34.86818987020948],[135.4972956407654,34.868249268259156],[135.49708719224031,34.86829210881565],[135.49687462962044,34.86831797930098],[135.49666,34.868326630568234],[135.49644537037955,34.86831797930098],[135.49623280775967,34.86829210881565],[135.49602435923458,34.868249268259156],[135.49582203227757,34.86818987020948],[135.4956277754078,34.868114486702304],[135.4954434594251,34.86802384372202],[135.49527085939317,34.86791881421008],[135.49511163754468,34.86780040965809],[135.49496732727306,34.86766977036661],[135.49483931836508,34.86752815446344],[135.49472884361657,34.86737692578715],[135.4946369669597,34.86721754075254],[135.49456457321688,34.867051534324645],[135.4945123595795,34.8668805052361],[135.49448082889333,34.86670610059053],[135.49447028481623,34.86653],[135.49448082889333,34.86635389940947],[135.4945123595795,34.8661794947639],[135.49456457321688,34.86600846567535],[135.4946369669597,34.86584245924745],[135.49472884361657,34.865683074212846],[135.49483931836508,34.86553184553655],[135.49496732727306,34.865390229633384],[135.49511163754468,34.86525959034191],[135.49527085939317,34.865141185789916],[135.4954434594251,34.865036156277974],[135.4956277754078,34.86494551329769],[135.49582203227757,34.86487012979052],[135.49602435923458,34.86481073174084],[135.49623280775967,34.86476789118434],[135.49644537037955,34.86474202069901],[135.49666,34.86473336943176],[135.49687462962044,34.86474202069901],[135.49708719224031,34.86476789118434],[135.4972956407654,34.86481073174084],[135.4974979677224,34.86487012979052],[135.49769222459219,34.86494551329769],[135.49787654057488,34.865036156277974],[135.4980491406068,34.865141185789916],[135.4982083624553,34.86525959034191],[135.49835267272692,34.865390229633384],[135.4984806816349,34.86553184553655],[135.4985911563834,34.865683074212846],[135.4986830330403,34.86584245924745],[135.4987554267831,34.86600846567535],[135.4988076404205,34.8661794947639],[135.49883917110665,34.86635389940947],[135.49884971518375,34.86653]]]}},{"type":"Feature","properties":{"layer":"z17_default","buffer_m":500},"geometry":{"type":"Polygon","coordinates":[[[135.50362448235703,34.86945],[135.50359812122815,34.86989025147632],[135.5035192917136,34.870326263090256],[135.5033887529847,34.87075383581162],[135.50320776220076,34.871168851881365],[135.50297806240195,34.871567314467875],[135.50270186572294,34.871945386158615],[135.50238183208873,34.87229942591654],[135.50202104359815,34.87262602414522],[135.50162297484158,34.8729220355252],[135.50119145943876,34.87318460930506],[135.50073065311892,34.87341121675577],[135.5002449936988,34.8735996755237],[135.49973915834414,34.87374817064789],[135.4992180185259,34.87385527203913],[135.49868659310542,34.87391994825246],[135.49815,34.8739415764206],[135.4976134068946,34.87391994825246],[135.4970819814741,34.87385527203913],[135.49656084165588,34.87374817064789],[135.49605500630122,34.8735996755237],[135.4955693468811,34.87341121675577],[135.49510854056126,34.87318460930506],[135.49467702515844,34.8729220355252],[135.49427895640187,34.87262602414522],[135.4939181679113,34.87229942591654],[135.49359813427708,34.871945386158615],[135.49332193759807,34.871567314467875],[135.49309223779926,34.871168851881365],[135.49291124701531,34.87075383581162],[135.49278070828643,34.870326263090256],[135.49270187877187,34.86989025147632],[135.492675517643,34.86945],[135.49270187877187,34.86900974852368],[135.49278070828643,34.868573736909745],[135.49291124701531,34.86814616418838],[135.49309223779926,34.86773114811864],[135.49332193759807,34.867332685532126],[135.49359813427708,34.866954613841386],[135.4939181679113,34.86660057408346],[135.49427895640187,34.86627397585478],[135.49467702515844,34.8659779644748],[135.49510854056126,34.86571539069494],[135.4955693468811,34.86548878324423],[135.49605500630122,34.8653003244763],[135.49656084165588,34.86515182935211],[135.4970819814741,34.86504472796087],[135.4976134068946,34.864980051747544],[135.49815,34.8649584235794],[135.49868659310542,34.864980051747544],[135.4992180185259,34.86504472796087],[135.49973915834414,34.86515182935211],[135.5002449936988,34.8653003244763],[135.50073065311892,34.86548878324423],[135.50119145943876,34.86571539069494],[135.50162297484158,34.8659779644748],[135.50202104359815,34.86627397585478],[135.50238183208873,34.86660057408346],[135.50270186572294,34.866954613841386],[135.50297806240195,34.867332685532126],[135.50320776220076,34.86773114811864],[135.5033887529847,34.86814616418838],[135.5035192917136,34.868573736909745],[135.50359812122815,34.86900974852368],[135.50362448235703,34.86945]]]}},{"type":"Feature","properties":{"layer":"z18_optional","buffer_m":200},"geometry":{"type":"Polygon","coordinates":[[[135.5003397929428,34.86945],[135.50032924849125,34.86962610059053],[135.50029771668545,34.8698005052361],[135.5002455011939,34.86997153432465],[135.5001731048803,34.870137540752545],[135.50008122496078,34.87029692578715],[135.4999707462892,34.870448154463446],[135.4998427328355,34.870589770366614],[135.49969841743925,34.87072040965809],[135.49953918993663,34.87083881421008],[135.4993665837755,34.870943843722024],[135.49918226124757,34.87103448670231],[135.49898799747953,34.87110987020948],[135.49878566333766,34.87116926825916],[135.49857720741036,34.871212108815655],[135.4983646372422,34.871237979300986],[135.49815,34.87124663056824],[135.49793536275783,34.871237979300986],[135.49772279258966,34.871212108815655],[135.49751433666236,34.87116926825916],[135.4973120025205,34.87110987020948],[135.49711773875245,34.87103448670231],[135.49693341622452,34.870943843722024],[135.4967608100634,34.87083881421008],[135.49660158256077,34.87072040965809],[135.49645726716452,34.870589770366614],[135.49632925371083,34.870448154463446],[135.49621877503924,34.87029692578715],[135.49612689511972,34.870137540752545],[135.49605449880613,34.86997153432465],[135.49600228331457,34.8698005052361],[135.49597075150876,34.86962610059053],[135.4959602070572,34.86945],[135.49597075150876,34.86927389940947],[135.49600228331457,34.8690994947639],[135.49605449880613,34.86892846567535],[135.49612689511972,34.868762459247456],[135.49621877503924,34.86860307421285],[135.49632925371083,34.868451845536555],[135.49645726716452,34.86831022963339],[135.49660158256077,34.86817959034191],[135.4967608100634,34.86806118578992],[135.49693341622452,34.86795615627798],[135.49711773875245,34.867865513297694],[135.4973120025205,34.86779012979052],[135.49751433666236,34.86773073174084],[135.49772279258966,34.867687891184346],[135.49793536275783,34.867662020699015],[135.49815,34.867653369431764],[135.4983646372422,34.867662020699015],[135.49857720741036,34.867687891184346],[135.49878566333766,34.86773073174084],[135.49898799747953,34.86779012979052],[135.49918226124757,34.867865513297694],[135.4993665837755,34.86795615627798],[135.49953918993663,34.86806118578992],[135.49969841743925,34.86817959034191],[135.4998427328355,34.86831022963339],[135.4999707462892,34.868451845536555],[135.50008122496078,34.86860307421285],[135.5001731048803,34.868762459247456],[135.5002455011939,34.86892846567535],[135.50029771668545,34.8690994947639],[135.50032924849125,34.86927389940947],[135.5003397929428,34.86945]]]}},{"type":"Feature","properties":{"layer":"z17_default","buffer_m":500},"geometry":{"type":"Polygon","coordinates":[[[135.50233469209817,34.8726],[135.50230832995933,34.87304025147632],[135.50222949742462,34.873476263090254],[135.50209895369446,34.87390383581162],[135.5019179559763,34.87431885188136],[135.50168824737713,34.87471731446787],[135.50141204011635,34.87509538615861],[135.50109199422081,34.875449425916536],[135.50073119190753,34.87577602414522],[135.50033310789993,34.8760720355252],[135.49990157596469,34.87633460930506],[135.4994407519902,34.87656121675577],[135.49895507396326,34.8767496755237],[135.49844921922877,34.87689817064789],[135.49792805944438,34.87700527203913],[135.49739661366365,34.877069948252455],[135.49686,34.8770915764206],[135.49632338633634,34.877069948252455],[135.49579194055562,34.87700527203913],[135.49527078077122,34.87689817064789],[135.49476492603674,34.8767496755237],[135.4942792480098,34.87656121675577],[135.4938184240353,34.87633460930506],[135.49338689210006,34.8760720355252],[135.49298880809246,34.87577602414522],[135.49262800577918,34.875449425916536],[135.49230795988365,34.87509538615861],[135.49203175262286,34.87471731446787],[135.4918020440237,34.87431885188136],[135.49162104630554,34.87390383581162],[135.49149050257537,34.873476263090254],[135.49141167004066,34.87304025147632],[135.49138530790182,34.8726],[135.49141167004066,34.87215974852368],[135.49149050257537,34.87172373690974],[135.49162104630554,34.87129616418838],[135.4918020440237,34.870881148118634],[135.49203175262286,34.870482685532124],[135.49230795988365,34.870104613841384],[135.49262800577918,34.86975057408346],[135.49298880809246,34.86942397585478],[135.49338689210006,34.8691279644748],[135.4938184240353,34.868865390694936],[135.4942792480098,34.86863878324423],[135.49476492603674,34.8684503244763],[135.49527078077122,34.868301829352106],[135.49579194055562,34.86819472796087],[135.49632338633634,34.86813005174754],[135.49686,34.8681084235794],[135.49739661366365,34.86813005174754],[135.49792805944438,34.86819472796087],[135.49844921922877,34.868301829352106],[135.49895507396326,34.8684503244763],[135.4994407519902,34.86863878324423],[135.49990157596469,34.868865390694936],[135.50033310789993,34.8691279644748],[135.50073119190753,34.86942397585478],[135.50109199422081,34.86975057408346],[135.50141204011635,34.870104613841384],[135.50168824737713,34.870482685532124],[135.5019179559763,34.870881148118634],[135.50209895369446,34.87129616418838],[135.50222949742462,34.87172373690974],[135.50230832995933,34.87215974852368],[135.50233469209817,34.8726]]]}},{"type":"Feature","properties":{"layer":"z18_optional","buffer_m":200},"geometry":{"type":"Polygon","coordinates":[[[135.49904987683928,34.8726],[135.49903933198374,34.87277610059053],[135.49900779896984,34.8729505052361],[135.4989555814778,34.873121534324646],[135.49888318239053,34.87328754075254],[135.49879129895086,34.87344692578715],[135.49868081604654,34.873598154463444],[135.49855279768832,34.87373977036661],[135.49840847676302,34.87387040965809],[135.49824924316,34.87398881421008],[135.49807663038587,34.87409384372202],[135.49789230079608,34.874184486702305],[135.4976980295853,34.87425987020948],[135.49749568769153,34.87431926825916],[135.49728722377776,34.87436210881565],[135.49707464546546,34.874387979300984],[135.49686,34.874396630568235],[135.49664535453454,34.874387979300984],[135.49643277622224,34.87436210881565],[135.49622431230847,34.87431926825916],[135.4960219704147,34.87425987020948],[135.49582769920391,34.874184486702305],[135.49564336961413,34.87409384372202],[135.49547075684,34.87398881421008],[135.49531152323698,34.87387040965809],[135.49516720231168,34.87373977036661],[135.49503918395345,34.873598154463444],[135.49492870104913,34.87344692578715],[135.49483681760947,34.87328754075254],[135.4947644185222,34.873121534324646],[135.49471220103015,34.8729505052361],[135.49468066801626,34.87277610059053],[135.49467012316072,34.8726],[135.49468066801626,34.87242389940947],[135.49471220103015,34.8722494947639],[135.4947644185222,34.87207846567535],[135.49483681760947,34.871912459247454],[135.49492870104913,34.87175307421285],[135.49503918395345,34.87160184553655],[135.49516720231168,34.871460229633385],[135.49531152323698,34.87132959034191],[135.49547075684,34.87121118578992],[135.49564336961413,34.871106156277975],[135.49582769920391,34.87101551329769],[135.4960219704147,34.87094012979052],[135.49622431230847,34.87088073174084],[135.49643277622224,34.870837891184344],[135.49664535453454,34.87081202069901],[135.49686,34.87080336943176],[135.49707464546546,34.87081202069901],[135.49728722377776,34.870837891184344],[135.49749568769153,34.87088073174084],[135.4976980295853,34.87094012979052],[135.49789230079608,34.87101551329769],[135.49807663038587,34.871106156277975],[135.49824924316,34.87121118578992],[135.49840847676302,34.87132959034191],[135.49855279768832,34.871460229633385],[135.49868081604654,34.87160184553655],[135.49879129895086,34.87175307421285],[135.49888318239053,34.871912459247454],[135.4989555814778,34.87207846567535],[135.49900779896984,34.8722494947639],[135.49903933198374,34.87242389940947],[135.49904987683928,34.8726]]]}},{"type":"Feature","properties":{"layer":"z17_default","buffer_m":500},"geometry":{"type":"Polygon","coordinates":[[[135.50004486590842,34.87521],[135.50001850293265,34.87565025147632],[135.49993966789518,34.87608626309026],[135.4998091200205,34.87651383581162],[135.49962811655604,34.87692885188137],[135.4993984006641,34.87732731446788],[135.49912218463427,34.87770538615862],[135.49880212857798,34.87805942591654],[135.49844131480992,34.87838602414522],[135.498043218164,34.8786820355252],[135.4976116725285,34.878944609305066],[135.4971508339238,34.87917121675577],[135.49666514047757,34.8793596755237],[135.49615926968323,34.879508170647895],[135.49563809335308,34.87961527203913],[135.49510663070004,34.87967994825246],[135.49457,34.8797015764206],[135.49403336929998,34.87967994825246],[135.49350190664694,34.87961527203913],[135.4929807303168,34.879508170647895],[135.49247485952245,34.8793596755237],[135.49198916607622,34.87917121675577],[135.4915283274715,34.878944609305066],[135.491096781836,34.8786820355252],[135.4906986851901,34.87838602414522],[135.49033787142204,34.87805942591654],[135.49001781536575,34.87770538615862],[135.48974159933593,34.87732731446788],[135.48951188344398,34.87692885188137],[135.48933087997952,34.87651383581162],[135.48920033210484,34.87608626309026],[135.48912149706737,34.87565025147632],[135.4890951340916,34.87521],[135.48912149706737,34.87476974852368],[135.48920033210484,34.87433373690975],[135.48933087997952,34.873906164188384],[135.48951188344398,34.87349114811864],[135.48974159933593,34.87309268553213],[135.49001781536575,34.87271461384139],[135.49033787142204,34.872360574083466],[135.4906986851901,34.872033975854784],[135.491096781836,34.871737964474804],[135.4915283274715,34.87147539069494],[135.49198916607622,34.87124878324423],[135.49247485952245,34.8710603244763],[135.4929807303168,34.87091182935211],[135.49350190664694,34.87080472796087],[135.49403336929998,34.870740051747546],[135.49457,34.870718423579405],[135.49510663070004,34.870740051747546],[135.49563809335308,34.87080472796087],[135.49615926968323,34.87091182935211],[135.49666514047757,34.8710603244763],[135.4971508339238,34.87124878324423],[135.4976116725285,34.87147539069494],[135.498043218164,34.871737964474804],[135.49844131480992,34.872033975854784],[135.49880212857798,34.872360574083466],[135.49912218463427,34.87271461384139],[135.4993984006641,34.87309268553213],[135.49962811655604,34.87349114811864],[135.4998091200205,34.873906164188384],[135.49993966789518,34.87433373690975],[135.50001850293265,34.87476974852368],[135.50004486590842,34.87521]]]}},{"type":"Feature","properties":{"layer":"z18_optional","buffer_m":200},"geometry":{"type":"Polygon","coordinates":[[[135.49675994636337,34.87521],[135.49674940117308,34.87538610059053],[135.49671786715808,34.8755605052361],[135.49666564800822,34.87573153432465],[135.4965932466224,34.87589754075255],[135.49650136026565,34.876056925787154],[135.49639087385373,34.87620815446345],[135.4962628514312,34.876349770366616],[135.49611852592398,34.87648040965809],[135.4959592872656,34.876598814210084],[135.4957866690114,34.87670384372203],[135.49560233356954,34.87679448670231],[135.49540805619102,34.87686987020948],[135.4952057078733,34.87692926825916],[135.49499723734124,34.87697210881566],[135.49478465228003,34.87699797930099],[135.49457,34.87700663056824],[135.49435534772,34.87699797930099],[135.49414276265878,34.87697210881566],[135.4939342921267,34.87692926825916],[135.493731943809,34.87686987020948],[135.49353766643048,34.87679448670231],[135.4933533309886,34.87670384372203],[135.49318071273441,34.876598814210084],[135.49302147407604,34.87648040965809],[135.49287714856882,34.876349770366616],[135.4927491261463,34.87620815446345],[135.49263863973437,34.876056925787154],[135.4925467533776,34.87589754075255],[135.4924743519918,34.87573153432465],[135.49242213284194,34.8755605052361],[135.49239059882694,34.87538610059053],[135.49238005363665,34.87521],[135.49239059882694,34.87503389940947],[135.49242213284194,34.8748594947639],[135.4924743519918,34.874688465675355],[135.4925467533776,34.87452245924746],[135.49263863973437,34.87436307421285],[135.4927491261463,34.87421184553656],[135.49287714856882,34.87407022963339],[135.49302147407604,34.87393959034191],[135.49318071273441,34.87382118578992],[135.4933533309886,34.87371615627798],[135.49353766643048,34.873625513297696],[135.493731943809,34.87355012979052],[135.4939342921267,34.873490731740844],[135.49414276265878,34.87344789118435],[135.49435534772,34.87342202069902],[135.49457,34.873413369431766],[135.49478465228003,34.87342202069902],[135.49499723734124,34.87344789118435],[135.4952057078733,34.873490731740844],[135.49540805619102,34.87355012979052],[135.49560233356954,34.873625513297696],[135.4957866690114,34.87371615627798],[135.4959592872656,34.87382118578992],[135.49611852592398,34.87393959034191],[135.4962628514312,34.87407022963339],[135.49639087385373,34.87421184553656],[135.49650136026565,34.87436307421285],[135.4965932466224,34.87452245924746],[135.49666564800822,34.874688465675355],[135.49671786715808,34.8748594947639],[135.49674940117308,34.87503389940947],[135.49675994636337,34.87521]]]}},{"type":"Feature","properties":{"layer":"z17_default","buffer_m":500},"geometry":{"type":"Polygon","coordinates":[[[135.49878465347672,34.87202],[135.49875829152387,34.87246025147632],[135.4986794595453,34.872896263090254],[135.49854891673604,34.87332383581162],[135.49836792029473,34.87373885188136],[135.49813821331605,34.87413731446787],[135.49786200800378,34.87451538615861],[135.49754196436604,34.874869425916536],[135.49718116459803,34.87519602414522],[135.49678308339875,34.8754920355252],[135.49635155450778,34.87575460930506],[135.4958907337842,34.87598121675577],[135.4954050591835,34.8761696755237],[135.49489920801759,34.87631817064789],[135.4943780519097,34.87642527203913],[135.4938466098781,34.876489948252456],[135.49331,34.8765115764206],[135.49277339012193,34.876489948252456],[135.4922419480903,34.87642527203913],[135.49172079198243,34.87631817064789],[135.49121494081652,34.8761696755237],[135.49072926621582,34.87598121675577],[135.49026844549223,34.87575460930506],[135.48983691660126,34.8754920355252],[135.48943883540198,34.87519602414522],[135.48907803563398,34.874869425916536],[135.48875799199624,34.87451538615861],[135.48848178668396,34.87413731446787],[135.4882520797053,34.87373885188136],[135.48807108326397,34.87332383581162],[135.48794054045473,34.872896263090254],[135.48786170847615,34.87246025147632],[135.4878353465233,34.87202],[135.48786170847615,34.87157974852368],[135.48794054045473,34.871143736909744],[135.48807108326397,34.87071616418838],[135.4882520797053,34.870301148118635],[135.48848178668396,34.869902685532125],[135.48875799199624,34.869524613841385],[135.48907803563398,34.86917057408346],[135.48943883540198,34.86884397585478],[135.48983691660126,34.8685479644748],[135.49026844549223,34.868285390694936],[135.49072926621582,34.86805878324423],[135.49121494081652,34.8678703244763],[135.49172079198243,34.86772182935211],[135.4922419480903,34.86761472796087],[135.49277339012193,34.86755005174754],[135.49331,34.8675284235794],[135.4938466098781,34.86755005174754],[135.4943780519097,34.86761472796087],[135.49489920801759,34.86772182935211],[135.4954050591835,34.8678703244763],[135.4958907337842,34.86805878324423],[135.49635155450778,34.868285390694936],[135.49678308339875,34.8685479644748],[135.49718116459803,34.86884397585478],[135.49754196436604,34.86917057408346],[135.49786200800378,34.869524613841385],[135.49813821331605,34.869902685532125],[135.49836792029473,34.870301148118635],[135.49854891673604,34.87071616418838],[135.4986794595453,34.871143736909744],[135.49875829152387,34.87157974852368],[135.49878465347672,34.87202]]]}},{"type":"Feature","properties":{"layer":"z18_optional","buffer_m":200},"geometry":{"type":"Polygon","coordinates":[[[135.4954998613907,34.87202],[135.49548931660954,34.87219610059053],[135.49545778381813,34.8723705052361],[135.49540556669442,34.87254153432465],[135.4953331681179,34.87270754075254],[135.49524128532644,34.87286692578715],[135.4951308032015,34.873018154463445],[135.49500278574644,34.87315977036661],[135.49485846583923,34.87329040965809],[135.4946992333595,34.87340881421008],[135.49452662180312,34.87351384372202],[135.49434229351368,34.873604486702305],[135.4941480236734,34.87367987020948],[135.49394568320704,34.87373926825916],[135.49373722076388,34.873782108815654],[135.49352464395125,34.873807979300985],[135.49331,34.873816630568236],[135.49309535604877,34.873807979300985],[135.49288277923614,34.873782108815654],[135.49267431679297,34.87373926825916],[135.4924719763266,34.87367987020948],[135.49227770648633,34.873604486702305],[135.4920933781969,34.87351384372202],[135.4919207666405,34.87340881421008],[135.4917615341608,34.87329040965809],[135.49161721425358,34.87315977036661],[135.4914891967985,34.873018154463445],[135.49137871467357,34.87286692578715],[135.49128683188212,34.87270754075254],[135.4912144333056,34.87254153432465],[135.4911622161819,34.8723705052361],[135.49113068339048,34.87219610059053],[135.49112013860932,34.87202],[135.49113068339048,34.87184389940947],[135.4911622161819,34.8716694947639],[135.4912144333056,34.87149846567535],[135.49128683188212,34.871332459247455],[135.49137871467357,34.87117307421285],[135.4914891967985,34.87102184553655],[135.49161721425358,34.870880229633386],[135.4917615341608,34.87074959034191],[135.4919207666405,34.87063118578992],[135.4920933781969,34.870526156277975],[135.49227770648633,34.87043551329769],[135.4924719763266,34.87036012979052],[135.49267431679297,34.87030073174084],[135.49288277923614,34.870257891184345],[135.49309535604877,34.870232020699014],[135.49331,34.87022336943176],[135.49352464395125,34.870232020699014],[135.49373722076388,34.870257891184345],[135.49394568320704,34.87030073174084],[135.4941480236734,34.87036012979052],[135.49434229351368,34.87043551329769],[135.49452662180312,34.870526156277975],[135.4946992333595,34.87063118578992],[135.49485846583923,34.87074959034191],[135.49500278574644,34.870880229633386],[135.4951308032015,34.87102184553655],[135.49524128532644,34.87117307421285],[135.4953331681179,34.871332459247455],[135.49540556669442,34.87149846567535],[135.49545778381813,34.8716694947639],[135.49548931660954,34.87184389940947],[135.4954998613907,34.87202]]]}},{"type":"Feature","properties":{"layer":"z17_default","buffer_m":500},"geometry":{"type":"Polygon","coordinates":[[[135.49915455959123,34.87061],[135.49912819809046,34.87105025147632],[135.49904936746378,34.871486263090254],[135.49891882689323,34.87191383581162],[135.49873783355588,34.87232885188136],[135.49850813051646,34.87272731446787],[135.49823192994086,34.87310538615861],[135.4979118917916,34.873459425916536],[135.49755109821098,34.87378602414522],[135.49715302383845,34.8740820355252],[135.49672150234778,34.87434460930506],[135.49626068952688,34.87457121675577],[135.49577502325508,34.8747596755237],[135.49526918076407,34.87490817064789],[135.49474803359357,34.87501527203913],[135.4942166006757,34.875079948252456],[135.49368,34.8751015764206],[135.4931433993243,34.875079948252456],[135.49261196640646,34.87501527203913],[135.49209081923595,34.87490817064789],[135.49158497674495,34.8747596755237],[135.49109931047315,34.87457121675577],[135.49063849765224,34.87434460930506],[135.49020697616157,34.8740820355252],[135.48980890178905,34.87378602414522],[135.48944810820842,34.873459425916536],[135.48912807005917,34.87310538615861],[135.48885186948357,34.87272731446787],[135.48862216644415,34.87232885188136],[135.4884411731068,34.87191383581162],[135.48831063253624,34.871486263090254],[135.48823180190956,34.87105025147632],[135.4882054404088,34.87061],[135.48823180190956,34.87016974852368],[135.48831063253624,34.869733736909744],[135.4884411731068,34.86930616418838],[135.48862216644415,34.868891148118635],[135.48885186948357,34.868492685532125],[135.48912807005917,34.868114613841385],[135.48944810820842,34.86776057408346],[135.48980890178905,34.86743397585478],[135.49020697616157,34.8671379644748],[135.49063849765224,34.866875390694936],[135.49109931047315,34.86664878324423],[135.49158497674495,34.8664603244763],[135.49209081923595,34.86631182935211],[135.49261196640646,34.86620472796087],[135.4931433993243,34.86614005174754],[135.49368,34.8661184235794],[135.4942166006757,34.86614005174754],[135.49474803359357,34.86620472796087],[135.49526918076407,34.86631182935211],[135.49577502325508,34.8664603244763],[135.49626068952688,34.86664878324423],[135.49672150234778,34.866875390694936],[135.49715302383845,34.8671379644748],[135.49755109821098,34.86743397585478],[135.4979118917916,34.86776057408346],[135.49823192994086,34.868114613841385],[135.49850813051646,34.868492685532125],[135.49873783355588,34.868891148118635],[135.49891882689323,34.86930616418838],[135.49904936746378,34.869733736909744],[135.49912819809046,34.87016974852368],[135.49915455959123,34.87061]]]}},{"type":"Feature","properties":{"layer":"z18_optional","buffer_m":200},"geometry":{"type":"Polygon","coordinates":[[[135.4958698238365,34.87061],[135.49585927923619,34.87078610059053],[135.49582774698553,34.8709605052361],[135.4957755307573,34.87113153432465],[135.49570313342235,34.87129754075254],[135.4956112522066,34.87145692578715],[135.49550077197634,34.871608154463445],[135.49537275671665,34.87174977036661],[135.4952284392844,34.87188040965809],[135.4950692095354,34.87199881421008],[135.49489660093911,34.87210384372202],[135.49471227581077,34.872194486702305],[135.49451800930203,34.87226987020948],[135.49431567230565,34.87232926825916],[135.49410721343745,34.872372108815654],[135.4938946402703,34.872397979300985],[135.49368,34.872406630568236],[135.49346535972973,34.872397979300985],[135.49325278656258,34.872372108815654],[135.49304432769438,34.87232926825916],[135.492841990698,34.87226987020948],[135.49264772418925,34.872194486702305],[135.4924633990609,34.87210384372202],[135.49229079046464,34.87199881421008],[135.49213156071562,34.87188040965809],[135.49198724328338,34.87174977036661],[135.49185922802369,34.871608154463445],[135.49174874779342,34.87145692578715],[135.49165686657767,34.87129754075254],[135.49158446924272,34.87113153432465],[135.4915322530145,34.8709605052361],[135.49150072076384,34.87078610059053],[135.49149017616352,34.87061],[135.49150072076384,34.87043389940947],[135.4915322530145,34.8702594947639],[135.49158446924272,34.87008846567535],[135.49165686657767,34.869922459247455],[135.49174874779342,34.86976307421285],[135.49185922802369,34.869611845536554],[135.49198724328338,34.869470229633386],[135.49213156071562,34.86933959034191],[135.49229079046464,34.86922118578992],[135.4924633990609,34.869116156277975],[135.49264772418925,34.86902551329769],[135.492841990698,34.86895012979052],[135.49304432769438,34.86889073174084],[135.49325278656258,34.868847891184345],[135.49346535972973,34.868822020699014],[135.49368,34.86881336943176],[135.4938946402703,34.868822020699014],[135.49410721343745,34.868847891184345],[135.49431567230565,34.86889073174084],[135.49451800930203,34.86895012979052],[135.49471227581077,34.86902551329769],[135.49489660093911,34.869116156277975],[135.4950692095354,34.86922118578992],[135.4952284392844,34.86933959034191],[135.49537275671665,34.869470229633386],[135.49550077197634,34.869611845536554],[135.4956112522066,34.86976307421285],[135.49570313342235,34.869922459247455],[135.4957755307573,34.87008846567535],[135.49582774698553,34.8702594947639],[135.49585927923619,34.87043389940947],[135.4958698238365,34.87061]]]}},{"type":"Feature","properties":{"layer":"z17_default","buffer_m":500},"geometry":{"type":"Polygon","coordinates":[[[135.5031743771658,34.86787],[135.50314801654346,34.86831025147632],[135.5030691885436,34.86874626309026],[135.50293865232297,34.86917383581162],[135.50275766501673,34.86958885188137],[135.5025279696316,34.86998731446788],[135.50225177825965,34.87036538615862],[135.50193175077482,34.87071942591654],[135.50157096921671,34.87104602414522],[135.50117290810897,34.8713420355252],[135.50074140099764,34.871604609305066],[135.50028060353213,34.87183121675577],[135.49979495344388,34.8720196755237],[135.49928912780877,34.872168170647896],[135.49876799800413,34.87227527203913],[135.49823658279487,34.87233994825246],[135.4977,34.8723615764206],[135.49716341720514,34.87233994825246],[135.4966320019959,34.87227527203913],[135.49611087219125,34.872168170647896],[135.49560504655614,34.8720196755237],[135.49511939646789,34.87183121675577],[135.49465859900238,34.871604609305066],[135.49422709189105,34.8713420355252],[135.4938290307833,34.87104602414522],[135.4934682492252,34.87071942591654],[135.49314822174037,34.87036538615862],[135.49287203036843,34.86998731446788],[135.4926423349833,34.86958885188137],[135.49246134767705,34.86917383581162],[135.4923308114564,34.86874626309026],[135.49225198345655,34.86831025147632],[135.4922256228342,34.86787],[135.49225198345655,34.86742974852368],[135.4923308114564,34.86699373690975],[135.49246134767705,34.866566164188384],[135.4926423349833,34.86615114811864],[135.49287203036843,34.86575268553213],[135.49314822174037,34.86537461384139],[135.4934682492252,34.865020574083466],[135.4938290307833,34.864693975854784],[135.49422709189105,34.864397964474804],[135.49465859900238,34.86413539069494],[135.49511939646789,34.863908783244234],[135.49560504655614,34.863720324476304],[135.49611087219125,34.86357182935211],[135.4966320019959,34.863464727960874],[135.49716341720514,34.86340005174755],[135.4977,34.863378423579405],[135.49823658279487,34.86340005174755],[135.49876799800413,34.863464727960874],[135.49928912780877,34.86357182935211],[135.49979495344388,34.863720324476304],[135.50028060353213,34.863908783244234],[135.50074140099764,34.86413539069494],[135.50117290810897,34.864397964474804],[135.50157096921671,34.864693975854784],[135.50193175077482,34.865020574083466],[135.50225177825965,34.86537461384139],[135.5025279696316,34.86575268553213],[135.50275766501673,34.86615114811864],[135.50293865232297,34.866566164188384],[135.5030691885436,34.86699373690975],[135.50314801654346,34.86742974852368],[135.5031743771658,34.86787]]]}},{"type":"Feature","properties":{"layer":"z18_optional","buffer_m":200},"geometry":{"type":"Polygon","coordinates":[[[135.49988975086632,34.86787],[135.49987920661738,34.86804610059053],[135.49984767541744,34.8682205052361],[135.4997954609292,34.86839153432465],[135.4997230660067,34.86855754075255],[135.49963118785263,34.868716925787155],[135.49952071130386,34.86886815446345],[135.49939270030993,34.86900977036662],[135.4992483876867,34.869140409658094],[135.49908916324358,34.869258814210085],[135.49891656039907,34.86936384372203],[135.49873224141285,34.86945448670231],[135.49853798137755,34.86952987020948],[135.4983356511235,34.86958926825916],[135.49812719920166,34.86963210881566],[135.49791463311797,34.86965797930099],[135.4977,34.86966663056824],[135.49748536688205,34.86965797930099],[135.49727280079836,34.86963210881566],[135.4970643488765,34.86958926825916],[135.49686201862247,34.86952987020948],[135.49666775858717,34.86945448670231],[135.49648343960095,34.86936384372203],[135.49631083675644,34.869258814210085],[135.49615161231333,34.869140409658094],[135.4960072996901,34.86900977036662],[135.49587928869616,34.86886815446345],[135.4957688121474,34.868716925787155],[135.4956769339933,34.86855754075255],[135.49560453907083,34.86839153432465],[135.49555232458258,34.8682205052361],[135.49552079338264,34.86804610059053],[135.4955102491337,34.86787],[135.49552079338264,34.867693899409474],[135.49555232458258,34.867519494763904],[135.49560453907083,34.867348465675356],[135.4956769339933,34.86718245924746],[135.4957688121474,34.86702307421285],[135.49587928869616,34.86687184553656],[135.4960072996901,34.86673022963339],[135.49615161231333,34.86659959034191],[135.49631083675644,34.86648118578992],[135.49648343960095,34.86637615627798],[135.49666775858717,34.8662855132977],[135.49686201862247,34.866210129790524],[135.4970643488765,34.866150731740845],[135.49727280079836,34.86610789118435],[135.49748536688205,34.86608202069902],[135.4977,34.86607336943177],[135.49791463311797,34.86608202069902],[135.49812719920166,34.86610789118435],[135.4983356511235,34.866150731740845],[135.49853798137755,34.866210129790524],[135.49873224141285,34.8662855132977],[135.49891656039907,34.86637615627798],[135.49908916324358,34.86648118578992],[135.4992483876867,34.86659959034191],[135.49939270030993,34.86673022963339],[135.49952071130386,34.86687184553656],[135.49963118785263,34.86702307421285],[135.4997230660067,34.86718245924746],[135.4997954609292,34.867348465675356],[135.49984767541744,34.867519494763904],[135.49987920661738,34.867693899409474],[135.49988975086632,34.86787]]]}},{"type":"Feature","properties":{"layer":"z17_default","buffer_m":500},"geometry":{"type":"Polygon","coordinates":[[[135.49934478865663,34.87405],[135.49931842605284,34.87449025147632],[135.49923959212774,34.87492626309025],[135.49910904609516,34.875353835811616],[135.4989280451847,34.87576885188136],[135.4986983325341,34.87616731446787],[135.49842212040178,34.87654538615861],[135.49810206886153,34.876899425916534],[135.49774126018468,34.877226024145216],[135.49734316915598,34.877522035525196],[135.49691162960968,34.87778460930506],[135.49645079750755,34.878011216755766],[135.4959651109146,34.878199675523696],[135.49545924725822,34.87834817064789],[135.494938078282,34.878455272039126],[135.49440662312801,34.87851994825245],[135.49387,34.878541576420595],[135.49333337687196,34.87851994825245],[135.49280192171798,34.878455272039126],[135.49228075274175,34.87834817064789],[135.49177488908538,34.878199675523696],[135.49128920249242,34.878011216755766],[135.4908283703903,34.87778460930506],[135.490396830844,34.877522035525196],[135.4899987398153,34.877226024145216],[135.48963793113845,34.876899425916534],[135.4893178795982,34.87654538615861],[135.48904166746587,34.87616731446787],[135.48881195481528,34.87576885188136],[135.48863095390482,34.875353835811616],[135.48850040787224,34.87492626309025],[135.48842157394714,34.87449025147632],[135.48839521134335,34.87405],[135.48842157394714,34.87360974852368],[135.48850040787224,34.87317373690974],[135.48863095390482,34.87274616418838],[135.48881195481528,34.87233114811863],[135.48904166746587,34.87193268553212],[135.4893178795982,34.87155461384138],[135.48963793113845,34.87120057408346],[135.4899987398153,34.87087397585478],[135.490396830844,34.8705779644748],[135.4908283703903,34.870315390694934],[135.49128920249242,34.87008878324423],[135.49177488908538,34.8699003244763],[135.49228075274175,34.869751829352104],[135.49280192171798,34.86964472796087],[135.49333337687196,34.86958005174754],[135.49387,34.8695584235794],[135.49440662312801,34.86958005174754],[135.494938078282,34.86964472796087],[135.49545924725822,34.869751829352104],[135.4959651109146,34.8699003244763],[135.49645079750755,34.87008878324423],[135.49691162960968,34.870315390694934],[135.49734316915598,34.8705779644748],[135.49774126018468,34.87087397585478],[135.49810206886153,34.87120057408346],[135.49842212040178,34.87155461384138],[135.4986983325341,34.87193268553212],[135.4989280451847,34.87233114811863],[135.49910904609516,34.87274616418838],[135.49923959212774,34.87317373690974],[135.49931842605284,34.87360974852368],[135.49934478865663,34.87405]]]}},{"type":"Feature","properties":{"layer":"z18_optional","buffer_m":200},"geometry":{"type":"Polygon","coordinates":[[[135.49605991546264,34.87405],[135.49604937042113,34.874226100590526],[135.49601783685108,34.874400505236096],[135.49596561843805,34.874571534324645],[135.49589321807386,34.87473754075254],[135.49580133301365,34.87489692578715],[135.4956908481607,34.87504815446344],[135.4955628275446,34.87518977036661],[135.49541850407385,34.87532040965809],[135.4952592676624,34.87543881421008],[135.49508665184388,34.87554384372202],[135.49490231900302,34.8756344867023],[135.49470804436584,34.87570987020948],[135.49450569890328,34.875769268259155],[135.4942972313128,34.87581210881565],[135.4940846492512,34.87583797930098],[135.49387,34.87584663056823],[135.49365535074878,34.87583797930098],[135.49344276868717,34.87581210881565],[135.4932343010967,34.875769268259155],[135.49303195563414,34.87570987020948],[135.49283768099696,34.8756344867023],[135.4926533481561,34.87554384372202],[135.49248073233758,34.87543881421008],[135.49232149592612,34.87532040965809],[135.49217717245537,34.87518977036661],[135.49204915183927,34.87504815446344],[135.49193866698633,34.87489692578715],[135.4918467819261,34.87473754075254],[135.49177438156192,34.874571534324645],[135.4917221631489,34.874400505236096],[135.49169062957884,34.874226100590526],[135.49168008453734,34.87405],[135.49169062957884,34.87387389940947],[135.4917221631489,34.8736994947639],[135.49177438156192,34.87352846567535],[135.4918467819261,34.87336245924745],[135.49193866698633,34.873203074212846],[135.49204915183927,34.87305184553655],[135.49217717245537,34.87291022963338],[135.49232149592612,34.872779590341906],[135.49248073233758,34.872661185789916],[135.4926533481561,34.87255615627797],[135.49283768099696,34.87246551329769],[135.49303195563414,34.87239012979052],[135.4932343010967,34.87233073174084],[135.49344276868717,34.87228789118434],[135.49365535074878,34.87226202069901],[135.49387,34.87225336943176],[135.4940846492512,34.87226202069901],[135.4942972313128,34.87228789118434],[135.49450569890328,34.87233073174084],[135.49470804436584,34.87239012979052],[135.49490231900302,34.87246551329769],[135.49508665184388,34.87255615627797],[135.4952592676624,34.872661185789916],[135.49541850407385,34.872779590341906],[135.4955628275446,34.87291022963338],[135.4956908481607,34.87305184553655],[135.49580133301365,34.873203074212846],[135.49589321807386,34.87336245924745],[135.49596561843805,34.87352846567535],[135.49601783685108,34.8736994947639],[135.49604937042113,34.87387389940947],[135.49605991546264,34.87405]]]}},{"type":"Feature","properties":{"layer":"z17_default","buffer_m":500},"geometry":{"type":"Polygon","coordinates":[[[135.49882463017119,34.87167],[135.49879826833055,34.87211025147632],[135.49871943668757,34.87254626309026],[135.49858889443402,34.87297383581162],[135.49840789876322,34.873388851881366],[135.49817819276242,34.873787314467876],[135.49790198862593,34.874165386158616],[135.49758194635064,34.87451942591654],[135.49722114811854,34.87484602414522],[135.49682306861388,34.8751420355252],[135.4963915415599,34.875404609305065],[135.49593072279802,34.87563121675577],[135.49544505026483,34.8758196755237],[135.49493920125232,34.875968170647894],[135.494418047363,34.87607527203913],[135.49388660759374,34.87613994825246],[135.49335,34.8761615764206],[135.49281339240625,34.87613994825246],[135.49228195263697,34.87607527203913],[135.49176079874766,34.875968170647894],[135.49125494973515,34.8758196755237],[135.49076927720196,34.87563121675577],[135.4903084584401,34.875404609305065],[135.4898769313861,34.8751420355252],[135.48947885188144,34.87484602414522],[135.48911805364935,34.87451942591654],[135.48879801137406,34.874165386158616],[135.48852180723756,34.873787314467876],[135.48829210123677,34.873388851881366],[135.48811110556596,34.87297383581162],[135.48798056331242,34.87254626309026],[135.48790173166944,34.87211025147632],[135.4878753698288,34.87167],[135.48790173166944,34.87122974852368],[135.48798056331242,34.87079373690975],[135.48811110556596,34.87036616418838],[135.48829210123677,34.86995114811864],[135.48852180723756,34.86955268553213],[135.48879801137406,34.86917461384139],[135.48911805364935,34.868820574083465],[135.48947885188144,34.86849397585478],[135.4898769313861,34.8681979644748],[135.4903084584401,34.86793539069494],[135.49076927720196,34.86770878324423],[135.49125494973515,34.8675203244763],[135.49176079874766,34.86737182935211],[135.49228195263697,34.86726472796087],[135.49281339240625,34.867200051747545],[135.49335,34.867178423579404],[135.49388660759374,34.867200051747545],[135.494418047363,34.86726472796087],[135.49493920125232,34.86737182935211],[135.49544505026483,34.8675203244763],[135.49593072279802,34.86770878324423],[135.4963915415599,34.86793539069494],[135.49682306861388,34.8681979644748],[135.49722114811854,34.86849397585478],[135.49758194635064,34.868820574083465],[135.49790198862593,34.86917461384139],[135.49817819276242,34.86955268553213],[135.49840789876322,34.86995114811864],[135.49858889443402,34.87036616418838],[135.49871943668757,34.87079373690975],[135.49879826833055,34.87122974852368],[135.49882463017119,34.87167]]]}},{"type":"Feature","properties":{"layer":"z18_optional","buffer_m":200},"geometry":{"type":"Polygon","coordinates":[[[135.49553985206848,34.87167],[135.49552930733222,34.87184610059053],[135.49549777467502,34.8720205052361],[135.49544555777362,34.87219153432465],[135.49537315950528,34.872357540752546],[135.49528127710497,34.87251692578715],[135.49517079545038,34.87266815446345],[135.49504277854024,34.872809770366615],[135.49489845924742,34.87294040965809],[135.49473922744554,34.87305881421008],[135.49456661662396,34.873163843722025],[135.49438228911922,34.87325448670231],[135.49418802010592,34.87332987020948],[135.4939856805009,34.87338926825916],[135.4937772189452,34.873432108815656],[135.4935646430375,34.87345797930099],[135.49335,34.87346663056824],[135.49313535696248,34.87345797930099],[135.49292278105477,34.873432108815656],[135.49271431949907,34.87338926825916],[135.49251197989406,34.87332987020948],[135.49231771088077,34.87325448670231],[135.49213338337603,34.873163843722025],[135.49196077255445,34.87305881421008],[135.49180154075256,34.87294040965809],[135.49165722145975,34.872809770366615],[135.4915292045496,34.87266815446345],[135.49141872289502,34.87251692578715],[135.4913268404947,34.872357540752546],[135.49125444222636,34.87219153432465],[135.49120222532497,34.8720205052361],[135.49117069266777,34.87184610059053],[135.4911601479315,34.87167],[135.49117069266777,34.87149389940947],[135.49120222532497,34.8713194947639],[135.49125444222636,34.871148465675354],[135.4913268404947,34.87098245924746],[135.49141872289502,34.87082307421285],[135.4915292045496,34.870671845536556],[135.49165722145975,34.87053022963339],[135.49180154075256,34.87039959034191],[135.49196077255445,34.87028118578992],[135.49213338337603,34.87017615627798],[135.49231771088077,34.870085513297695],[135.49251197989406,34.87001012979052],[135.49271431949907,34.86995073174084],[135.49292278105477,34.86990789118435],[135.49313535696248,34.869882020699016],[135.49335,34.869873369431765],[135.4935646430375,34.869882020699016],[135.4937772189452,34.86990789118435],[135.4939856805009,34.86995073174084],[135.49418802010592,34.87001012979052],[135.49438228911922,34.870085513297695],[135.49456661662396,34.87017615627798],[135.49473922744554,34.87028118578992],[135.49489845924742,34.87039959034191],[135.49504277854024,34.87053022963339],[135.49517079545038,34.870671845536556],[135.49528127710497,34.87082307421285],[135.49537315950528,34.87098245924746],[135.49544555777362,34.871148465675354],[135.49549777467502,34.8713194947639],[135.49552930733222,34.87149389940947],[135.49553985206848,34.87167]]]}},{"type":"Feature","properties":{"layer":"z17_default","buffer_m":500},"geometry":{"type":"Polygon","coordinates":[[[135.48560948233927,34.84132331787986],[135.48558313022147,34.84176356935618],[135.48550432765342,34.84219958097012],[135.48537383354687,34.84262715369148],[135.48519290463148,34.843042169761226],[135.4849632833515,34.843440632347736],[135.4846871810855,34.843818704038476],[135.48436725684914,34.8441727437964],[135.48400659168777,34.84449934202508],[135.483608659004,34.84479535340506],[135.48317729110715,34.845057927184925],[135.48271664230586,34.84528453463563],[135.48223114889993,34.84547299340356],[135.48172548645618,34.845621488527755],[135.48120452478045,34.84572858991899],[135.4806732810184,34.84579326613232],[135.48013687133792,34.84581489430046],[135.47960046165744,34.84579326613232],[135.4790692178954,34.84572858991899],[135.47854825621965,34.845621488527755],[135.4780425937759,34.84547299340356],[135.47755710036998,34.84528453463563],[135.47709645156868,34.845057927184925],[135.47666508367183,34.84479535340506],[135.47626715098806,34.84449934202508],[135.4759064858267,34.8441727437964],[135.47558656159035,34.843818704038476],[135.47531045932433,34.843440632347736],[135.47508083804436,34.843042169761226],[135.47489990912896,34.84262715369148],[135.47476941502242,34.84219958097012],[135.47469061245437,34.84176356935618],[135.47466426033657,34.84132331787986],[135.47469061245437,34.84088306640354],[135.47476941502242,34.84044705478961],[135.47489990912896,34.84001948206824],[135.47508083804436,34.8396044659985],[135.47531045932433,34.83920600341199],[135.47558656159035,34.83882793172125],[135.4759064858267,34.838473891963325],[135.47626715098806,34.83814729373464],[135.47666508367183,34.83785128235466],[135.47709645156868,34.8375887085748],[135.47755710036998,34.83736210112409],[135.4780425937759,34.83717364235616],[135.47854825621965,34.83702514723197],[135.4790692178954,34.83691804584073],[135.47960046165744,34.836853369627406],[135.48013687133792,34.836831741459264],[135.4806732810184,34.836853369627406],[135.48120452478045,34.83691804584073],[135.48172548645618,34.83702514723197],[135.48223114889993,34.83717364235616],[135.48271664230586,34.83736210112409],[135.48317729110715,34.8375887085748],[135.483608659004,34.83785128235466],[135.48400659168777,34.83814729373464],[135.48436725684914,34.838473891963325],[135.4846871810855,34.83882793172125],[135.4849632833515,34.83920600341199],[135.48519290463148,34.8396044659985],[135.48537383354687,34.84001948206824],[135.48550432765342,34.84044705478961],[135.48558313022147,34.84088306640354],[135.48560948233927,34.84132331787986]]]}},{"type":"Feature","properties":{"layer":"z18_optional","buffer_m":200},"geometry":{"type":"Polygon","coordinates":[[[135.48232591573847,34.84132331787986],[135.48231537489136,34.84149941847039],[135.48228385386412,34.84167382311596],[135.4822316562215,34.84184485220451],[135.48215928465532,34.842010858632406],[135.48206743614335,34.84217024366701],[135.48195699523694,34.84232147234331],[135.48182902554242,34.842463088246475],[135.48168475947787,34.84259372753795],[135.48152558640436,34.84271213208994],[135.48135303924562,34.842817161601886],[135.4811687797251,34.84290780458217],[135.4809745823627,34.84298318808934],[135.48077231738523,34.84304258613902],[135.48056393271492,34.84308542669552],[135.4803514352101,34.84311129718085],[135.48013687133792,34.8431199484481],[135.47992230746573,34.84311129718085],[135.47970980996092,34.84308542669552],[135.4795014252906,34.84304258613902],[135.47929916031313,34.84298318808934],[135.47910496295074,34.84290780458217],[135.47892070343022,34.842817161601886],[135.47874815627148,34.84271213208994],[135.47858898319797,34.84259372753795],[135.4784447171334,34.842463088246475],[135.4783167474389,34.84232147234331],[135.47820630653248,34.84217024366701],[135.4781144580205,34.842010858632406],[135.47804208645434,34.84184485220451],[135.47798988881172,34.84167382311596],[135.47795836778448,34.84149941847039],[135.47794782693737,34.84132331787986],[135.47795836778448,34.84114721728933],[135.47798988881172,34.84097281264376],[135.47804208645434,34.840801783555214],[135.4781144580205,34.84063577712732],[135.47820630653248,34.84047639209271],[135.4783167474389,34.840325163416416],[135.4784447171334,34.84018354751325],[135.47858898319797,34.84005290822177],[135.47874815627148,34.83993450366978],[135.47892070343022,34.83982947415784],[135.47910496295074,34.839738831177556],[135.47929916031313,34.83966344767038],[135.4795014252906,34.839604049620704],[135.47970980996092,34.83956120906421],[135.47992230746573,34.83953533857888],[135.48013687133792,34.839526687311626],[135.4803514352101,34.83953533857888],[135.48056393271492,34.83956120906421],[135.48077231738523,34.839604049620704],[135.4809745823627,34.83966344767038],[135.4811687797251,34.839738831177556],[135.48135303924562,34.83982947415784],[135.48152558640436,34.83993450366978],[135.48168475947787,34.84005290822177],[135.48182902554242,34.84018354751325],[135.48195699523694,34.840325163416416],[135.48206743614335,34.84047639209271],[135.48215928465532,34.84063577712732],[135.4822316562215,34.840801783555214],[135.48228385386412,34.84097281264376],[135.48231537489136,34.84114721728933],[135.48232591573847,34.84132331787986]]]}},{"type":"Feature","properties":{"layer":"z17_default","buffer_m":500},"geometry":{"type":"Polygon","coordinates":[[[135.4695822056274,34.865439430703944],[135.46955584578419,34.865879682180264],[135.4694770201142,34.8663156937942],[135.46934648775178,34.86674326651556],[135.46916550579488,34.86715828258531],[135.4689358171987,34.86755674517182],[135.46865963399003,34.86793481686256],[135.46833961596408,34.86828885662048],[135.4679788450694,34.86861545484916],[135.46758079572695,34.86891146622914],[135.46714930136946,34.86917404000901],[135.46668851752347,34.86940064745971],[135.46620288178934,34.86958910622764],[135.46569707110464,34.86973760135184],[135.46517595670278,34.86984470274307],[135.4646445572003,34.8699093789564],[135.46410799026492,34.86993100712454],[135.46357142332954,34.8699093789564],[135.46304002382706,34.86984470274307],[135.4625189094252,34.86973760135184],[135.4620130987405,34.86958910622764],[135.46152746300638,34.86940064745971],[135.46106667916038,34.86917404000901],[135.4606351848029,34.86891146622914],[135.46023713546043,34.86861545484916],[135.45987636456576,34.86828885662048],[135.4595563465398,34.86793481686256],[135.45928016333113,34.86755674517182],[135.45905047473497,34.86715828258531],[135.45886949277806,34.86674326651556],[135.45873896041564,34.8663156937942],[135.45866013474566,34.865879682180264],[135.45863377490244,34.865439430703944],[135.45866013474566,34.864999179227624],[135.45873896041564,34.86456316761369],[135.45886949277806,34.864135594892325],[135.45905047473497,34.86372057882258],[135.45928016333113,34.86332211623607],[135.4595563465398,34.86294404454533],[135.45987636456576,34.86259000478741],[135.46023713546043,34.862263406558725],[135.4606351848029,34.861967395178745],[135.46106667916038,34.86170482139888],[135.46152746300638,34.861478213948175],[135.4620130987405,34.861289755180245],[135.4625189094252,34.86114126005605],[135.46304002382706,34.861034158664815],[135.46357142332954,34.86096948245149],[135.46410799026492,34.860947854283346],[135.4646445572003,34.86096948245149],[135.46517595670278,34.861034158664815],[135.46569707110464,34.86114126005605],[135.46620288178934,34.861289755180245],[135.46668851752347,34.861478213948175],[135.46714930136946,34.86170482139888],[135.46758079572695,34.861967395178745],[135.4679788450694,34.862263406558725],[135.46833961596408,34.86259000478741],[135.46865963399003,34.86294404454533],[135.4689358171987,34.86332211623607],[135.46916550579488,34.86372057882258],[135.46934648775178,34.864135594892325],[135.4694770201142,34.86456316761369],[135.46955584578419,34.864999179227624],[135.4695822056274,34.865439430703944]]]}},{"type":"Feature","properties":{"layer":"z18_optional","buffer_m":200},"geometry":{"type":"Polygon","coordinates":[[[135.4662976764099,34.865439430703944],[135.46628713247262,34.86561553129447],[135.46625560220463,34.86578993594004],[135.46620338925965,34.86596096502859],[135.4661309964769,34.86612697145649],[135.46603912103845,34.866286356491095],[135.46592864775496,34.86643758516739],[135.4658006405446,34.86657920107056],[135.4656563321867,34.866709840362034],[135.46549711244973,34.866828244914025],[135.46532451470674,34.86693327442597],[135.46514020116834,34.86702391740625],[135.46494594687468,34.867099300913424],[135.46474362260082,34.8671586989631],[135.46453517684006,34.8672015395196],[135.46432261703907,34.86722741000493],[135.46410799026492,34.86723606127218],[135.46389336349077,34.86722741000493],[135.46368080368978,34.8672015395196],[135.46347235792902,34.8671586989631],[135.46327003365516,34.867099300913424],[135.4630757793615,34.86702391740625],[135.4628914658231,34.86693327442597],[135.46271886808012,34.866828244914025],[135.46255964834313,34.866709840362034],[135.46241533998526,34.86657920107056],[135.46228733277488,34.86643758516739],[135.4621768594914,34.866286356491095],[135.46208498405295,34.86612697145649],[135.4620125912702,34.86596096502859],[135.46196037832522,34.86578993594004],[135.46192884805723,34.86561553129447],[135.46191830411993,34.865439430703944],[135.46192884805723,34.865263330113414],[135.46196037832522,34.865088925467845],[135.4620125912702,34.864917896379296],[135.46208498405295,34.8647518899514],[135.4621768594914,34.86459250491679],[135.46228733277488,34.8644412762405],[135.46241533998526,34.86429966033733],[135.46255964834313,34.86416902104585],[135.46271886808012,34.86405061649386],[135.4628914658231,34.86394558698192],[135.4630757793615,34.86385494400164],[135.46327003365516,34.863779560494464],[135.46347235792902,34.863720162444785],[135.46368080368978,34.86367732188829],[135.46389336349077,34.86365145140296],[135.46410799026492,34.86364280013571],[135.46432261703907,34.86365145140296],[135.46453517684006,34.86367732188829],[135.46474362260082,34.863720162444785],[135.46494594687468,34.863779560494464],[135.46514020116834,34.86385494400164],[135.46532451470674,34.86394558698192],[135.46549711244973,34.86405061649386],[135.4656563321867,34.86416902104585],[135.4658006405446,34.86429966033733],[135.46592864775496,34.8644412762405],[135.46603912103845,34.86459250491679],[135.4661309964769,34.8647518899514],[135.46620338925965,34.864917896379296],[135.46625560220463,34.865088925467845],[135.46628713247262,34.865263330113414],[135.4662976764099,34.865439430703944]]]}},{"type":"Feature","properties":{"layer":"z17_default","buffer_m":500},"geometry":{"type":"Polygon","coordinates":[[[135.47421671136203,34.860159134587576],[135.4741903532111,34.860599386063896],[135.4741115326017,34.86103539767783],[135.47398100861943,34.861462970399195],[135.47380003828152,34.86187798646894],[135.4735703644313,34.86227644905545],[135.4732941989535,34.86265452074619],[135.47297420147262,34.86300856050411],[135.47261345373934,34.863335158732795],[135.47221542995155,34.863631170112775],[135.47178396329588,34.86389374389264],[135.47132320903208,34.864120351343345],[135.47083760447563,34.864308810111275],[135.47033182626382,34.86445730523547],[135.46981074531737,34.864564406626705],[135.46927937993058,34.86462908284003],[135.46874284744266,34.864650711008174],[135.46820631495473,34.86462908284003],[135.46767494956794,34.864564406626705],[135.4671538686215,34.86445730523547],[135.46664809040968,34.864308810111275],[135.46616248585323,34.864120351343345],[135.46570173158943,34.86389374389264],[135.46527026493376,34.863631170112775],[135.46487224114597,34.863335158732795],[135.4645114934127,34.86300856050411],[135.4641914959318,34.86265452074619],[135.463915330454,34.86227644905545],[135.4636856566038,34.86187798646894],[135.46350468626588,34.861462970399195],[135.4633741622836,34.86103539767783],[135.4632953416742,34.860599386063896],[135.46326898352328,34.860159134587576],[135.4632953416742,34.859718883111256],[135.4633741622836,34.85928287149732],[135.46350468626588,34.85885529877596],[135.4636856566038,34.85844028270621],[135.463915330454,34.8580418201197],[135.4641914959318,34.85766374842896],[135.4645114934127,34.85730970867104],[135.46487224114597,34.85698311044236],[135.46527026493376,34.85668709906238],[135.46570173158943,34.85642452528251],[135.46616248585323,34.85619791783181],[135.46664809040968,34.85600945906388],[135.4671538686215,34.85586096393968],[135.46767494956794,34.85575386254845],[135.46820631495473,34.85568918633512],[135.46874284744266,34.85566755816698],[135.46927937993058,34.85568918633512],[135.46981074531737,34.85575386254845],[135.47033182626382,34.85586096393968],[135.47083760447563,34.85600945906388],[135.47132320903208,34.85619791783181],[135.47178396329588,34.85642452528251],[135.47221542995155,34.85668709906238],[135.47261345373934,34.85698311044236],[135.47297420147262,34.85730970867104],[135.4732941989535,34.85766374842896],[135.4735703644313,34.8580418201197],[135.47380003828152,34.85844028270621],[135.47398100861943,34.85885529877596],[135.4741115326017,34.85928287149732],[135.4741903532111,34.859718883111256],[135.47421671136203,34.860159134587576]]]}},{"type":"Feature","properties":{"layer":"z18_optional","buffer_m":200},"geometry":{"type":"Polygon","coordinates":[[[135.4709323930104,34.860159134587576],[135.47092184975003,34.860335235178106],[135.4708903215063,34.860509639823675],[135.47083811191337,34.860680668912224],[135.47076572377821,34.86084667534012],[135.47067385423813,34.86100606037473],[135.470563388047,34.86115728905102],[135.47043538905464,34.86129890495419],[135.47029108996134,34.86142954424567],[135.47013188044622,34.86154794879766],[135.46995929378394,34.8616529783096],[135.4697749920784,34.86174362128988],[135.46958075025586,34.861819004797056],[135.46937843897112,34.861878402846735],[135.46917000659255,34.86192124340323],[135.46895746043782,34.86194711388856],[135.46874284744266,34.86195576515581],[135.4685282344475,34.86194711388856],[135.46831568829276,34.86192124340323],[135.4681072559142,34.861878402846735],[135.46790494462945,34.861819004797056],[135.4677107028069,34.86174362128988],[135.46752640110137,34.8616529783096],[135.4673538144391,34.86154794879766],[135.46719460492398,34.86142954424567],[135.46705030583067,34.86129890495419],[135.4669223068383,34.86115728905102],[135.46681184064718,34.86100606037473],[135.4667199711071,34.86084667534012],[135.46664758297194,34.860680668912224],[135.46659537337902,34.860509639823675],[135.46656384513528,34.860335235178106],[135.4665533018749,34.860159134587576],[135.46656384513528,34.85998303399705],[135.46659537337902,34.85980862935148],[135.46664758297194,34.85963760026293],[135.4667199711071,34.85947159383503],[135.46681184064718,34.859312208800425],[135.4669223068383,34.85916098012413],[135.46705030583067,34.85901936422096],[135.46719460492398,34.858888724929486],[135.4673538144391,34.858770320377495],[135.46752640110137,34.85866529086555],[135.4677107028069,34.85857464788527],[135.46790494462945,34.858499264378096],[135.4681072559142,34.85843986632842],[135.46831568829276,34.85839702577192],[135.4685282344475,34.85837115528659],[135.46874284744266,34.85836250401934],[135.46895746043782,34.85837115528659],[135.46917000659255,34.85839702577192],[135.46937843897112,34.85843986632842],[135.46958075025586,34.858499264378096],[135.4697749920784,34.85857464788527],[135.46995929378394,34.85866529086555],[135.47013188044622,34.858770320377495],[135.47029108996134,34.858888724929486],[135.47043538905464,34.85901936422096],[135.470563388047,34.85916098012413],[135.47067385423813,34.859312208800425],[135.47076572377821,34.85947159383503],[135.47083811191337,34.85963760026293],[135.4708903215063,34.85980862935148],[135.47092184975003,34.85998303399705],[135.4709323930104,34.860159134587576]]]}},{"type":"Feature","properties":{"layer":"z17_default","buffer_m":500},"geometry":{"type":"Polygon","coordinates":[[[135.47033298164845,34.86179606264],[135.47030662297294,34.86223631411632],[135.47022780079487,34.86267232573026],[135.4700972742149,34.86309989845162],[135.46991630027537,34.86351491452137],[135.46968662185424,34.86391337710788],[135.46941045088022,34.86429144879862],[135.4690904470308,34.86464548855654],[135.468729692118,34.86497208678522],[135.46833166040875,34.8652680981652],[135.46790018516612,34.865530671945066],[135.46743942173248,34.86575727939577],[135.46695380751157,34.8659457381637],[135.46644801923387,34.866094233287896],[135.46592692791694,34.86620133467913],[135.465395551955,34.86626601089246],[135.4648590087891,34.8662876390606],[135.46432246562318,34.86626601089246],[135.46379108966124,34.86620133467913],[135.46326999834432,34.866094233287896],[135.4627642100666,34.8659457381637],[135.4622785958457,34.86575727939577],[135.46181783241207,34.865530671945066],[135.46138635716943,34.8652680981652],[135.4609883254602,34.86497208678522],[135.4606275705474,34.86464548855654],[135.46030756669796,34.86429144879862],[135.46003139572395,34.86391337710788],[135.4598017173028,34.86351491452137],[135.45962074336327,34.86309989845162],[135.4594902167833,34.86267232573026],[135.45941139460524,34.86223631411632],[135.45938503592973,34.86179606264],[135.45941139460524,34.86135581116368],[135.4594902167833,34.86091979954975],[135.45962074336327,34.860492226828384],[135.4598017173028,34.86007721075864],[135.46003139572395,34.85967874817213],[135.46030756669796,34.85930067648139],[135.4606275705474,34.858946636723466],[135.4609883254602,34.858620038494784],[135.46138635716943,34.858324027114804],[135.46181783241207,34.85806145333494],[135.4622785958457,34.857834845884234],[135.4627642100666,34.857646387116304],[135.46326999834432,34.85749789199211],[135.46379108966124,34.857390790600874],[135.46432246562318,34.85732611438755],[135.4648590087891,34.857304486219405],[135.465395551955,34.85732611438755],[135.46592692791694,34.857390790600874],[135.46644801923387,34.85749789199211],[135.46695380751157,34.857646387116304],[135.46743942173248,34.857834845884234],[135.46790018516612,34.85806145333494],[135.46833166040875,34.858324027114804],[135.468729692118,34.858620038494784],[135.4690904470308,34.858946636723466],[135.46941045088022,34.85930067648139],[135.46968662185424,34.85967874817213],[135.46991630027537,34.86007721075864],[135.4700972742149,34.860492226828384],[135.47022780079487,34.86091979954975],[135.47030662297294,34.86135581116368],[135.47033298164845,34.86179606264]]]}},{"type":"Feature","properties":{"layer":"z18_optional","buffer_m":200},"geometry":{"type":"Polygon","coordinates":[[[135.46704859793283,34.86179606264],[135.46703805446262,34.86197216323053],[135.46700652559142,34.8621465678761],[135.46695431495942,34.86231759696465],[135.4668819253836,34.86248360339255],[135.46679005401515,34.862642988427154],[135.46667958562554,34.86279421710345],[135.46655158408578,34.86293583300662],[135.46640728212066,34.863066472298094],[135.46624806943697,34.863184876850084],[135.4660754793399,34.86328990636203],[135.46589117396644,34.86338054934231],[135.46569692827808,34.86345593284948],[135.465494612967,34.86351533089916],[135.46528617644023,34.86355817145566],[135.46507362605547,34.86358404194099],[135.4648590087891,34.86359269320824],[135.4646443915227,34.86358404194099],[135.46443184113795,34.86355817145566],[135.46422340461118,34.86351533089916],[135.4640210893001,34.86345593284948],[135.46382684361174,34.86338054934231],[135.46364253823828,34.86328990636203],[135.4634699481412,34.863184876850084],[135.46331073545753,34.863066472298094],[135.4631664334924,34.86293583300662],[135.46303843195264,34.86279421710345],[135.46292796356303,34.862642988427154],[135.46283609219458,34.86248360339255],[135.46276370261876,34.86231759696465],[135.46271149198677,34.8621465678761],[135.46267996311556,34.86197216323053],[135.46266941964535,34.86179606264],[135.46267996311556,34.861619962049474],[135.46271149198677,34.861445557403904],[135.46276370261876,34.861274528315356],[135.46283609219458,34.86110852188746],[135.46292796356303,34.86094913685285],[135.46303843195264,34.86079790817656],[135.4631664334924,34.86065629227339],[135.46331073545753,34.86052565298191],[135.4634699481412,34.86040724842992],[135.46364253823828,34.86030221891798],[135.46382684361174,34.8602115759377],[135.4640210893001,34.860136192430524],[135.46422340461118,34.860076794380845],[135.46443184113795,34.86003395382435],[135.4646443915227,34.86000808333902],[135.4648590087891,34.85999943207177],[135.46507362605547,34.86000808333902],[135.46528617644023,34.86003395382435],[135.465494612967,34.860076794380845],[135.46569692827808,34.860136192430524],[135.46589117396644,34.8602115759377],[135.4660754793399,34.86030221891798],[135.46624806943697,34.86040724842992],[135.46640728212066,34.86052565298191],[135.46655158408578,34.86065629227339],[135.46667958562554,34.86079790817656],[135.46679005401515,34.86094913685285],[135.4668819253836,34.86110852188746],[135.46695431495942,34.861274528315356],[135.46700652559142,34.861445557403904],[135.46703805446262,34.861619962049474],[135.46704859793283,34.86179606264]]]}},{"type":"Feature","properties":{"layer":"z17_default","buffer_m":500},"geometry":{"type":"Polygon","coordinates":[[[135.47052593319043,34.859279052276584],[135.4704995753215,34.859719303752904],[135.47042075555544,34.86015531536684],[135.4702902329697,34.8605828880882],[135.47010926456807,34.86099790415795],[135.46987959317522,34.86139636674446],[135.46960343065223,34.8617744384352],[135.46928343659513,34.86212847819312],[135.46892269272163,34.8624550764218],[135.46852467319246,34.86275108780178],[135.46809321115322,34.86301366158165],[135.46763246181925,34.86324026903235],[135.46714686245846,34.86342872780028],[135.4666410896582,34.86357722292448],[135.466120014287,34.86368432431571],[135.4655886545855,34.86374900052904],[135.46505212783816,34.86377062869718],[135.46451560109082,34.86374900052904],[135.46398424138934,34.86368432431571],[135.46346316601813,34.86357722292448],[135.46295739321786,34.86342872780028],[135.46247179385708,34.86324026903235],[135.4620110445231,34.86301366158165],[135.46157958248386,34.86275108780178],[135.4611815629547,34.8624550764218],[135.4608208190812,34.86212847819312],[135.4605008250241,34.8617744384352],[135.4602246625011,34.86139636674446],[135.45999499110826,34.86099790415795],[135.45981402270664,34.8605828880882],[135.4596835001209,34.86015531536684],[135.45960468035483,34.859719303752904],[135.4595783224859,34.859279052276584],[135.45960468035483,34.858838800800264],[135.4596835001209,34.85840278918633],[135.45981402270664,34.857975216464965],[135.45999499110826,34.85756020039522],[135.4602246625011,34.85716173780871],[135.4605008250241,34.85678366611797],[135.4608208190812,34.85642962636005],[135.4611815629547,34.856103028131365],[135.46157958248386,34.855807016751385],[135.4620110445231,34.85554444297152],[135.46247179385708,34.855317835520815],[135.46295739321786,34.855129376752885],[135.46346316601813,34.85498088162869],[135.46398424138934,34.854873780237455],[135.46451560109082,34.85480910402413],[135.46505212783816,34.854787475855986],[135.4655886545855,34.85480910402413],[135.466120014287,34.854873780237455],[135.4666410896582,34.85498088162869],[135.46714686245846,34.855129376752885],[135.46763246181925,34.855317835520815],[135.46809321115322,34.85554444297152],[135.46852467319246,34.855807016751385],[135.46892269272163,34.856103028131365],[135.46928343659513,34.85642962636005],[135.46960343065223,34.85678366611797],[135.46987959317522,34.85716173780871],[135.47010926456807,34.85756020039522],[135.4702902329697,34.857975216464965],[135.47042075555544,34.85840278918633],[135.4704995753215,34.858838800800264],[135.47052593319043,34.859279052276584]]]}},{"type":"Feature","properties":{"layer":"z18_optional","buffer_m":200},"geometry":{"type":"Polygon","coordinates":[[[135.46724164997906,34.859279052276584],[135.4672311068315,34.85945515286711],[135.4671995789251,34.85962955751268],[135.46714736989077,34.85980058660123],[135.46707498253014,34.85996659302913],[135.466983113973,34.860125978063735],[135.4668726489638,34.86027720674003],[135.46674465134095,34.8604188226432],[135.46660035379156,34.860549461934674],[135.46644114597987,34.860667866486665],[135.46626856116418,34.86077289599861],[135.46608426143058,34.86086353897889],[135.46589002168628,34.86093892248606],[135.46568771256617,34.86099832053574],[135.4654792824177,34.86104116109224],[135.4652667385371,34.86106703157757],[135.46505212783816,34.86107568284482],[135.46483751713922,34.86106703157757],[135.46462497325862,34.86104116109224],[135.46441654311016,34.86099832053574],[135.46421423399005,34.86093892248606],[135.46401999424575,34.86086353897889],[135.46383569451214,34.86077289599861],[135.46366310969645,34.860667866486665],[135.46350390188476,34.860549461934674],[135.46335960433538,34.8604188226432],[135.46323160671253,34.86027720674003],[135.46312114170334,34.860125978063735],[135.4630292731462,34.85996659302913],[135.46295688578556,34.85980058660123],[135.46290467675124,34.85962955751268],[135.46287314884484,34.85945515286711],[135.46286260569727,34.859279052276584],[135.46287314884484,34.859102951686054],[135.46290467675124,34.858928547040485],[135.46295688578556,34.858757517951936],[135.4630292731462,34.85859151152404],[135.46312114170334,34.85843212648943],[135.46323160671253,34.85828089781314],[135.46335960433538,34.85813928190997],[135.46350390188476,34.85800864261849],[135.46366310969645,34.8578902380665],[135.46383569451214,34.85778520855456],[135.46401999424575,34.85769456557428],[135.46421423399005,34.857619182067104],[135.46441654311016,34.857559784017425],[135.46462497325862,34.85751694346093],[135.46483751713922,34.8574910729756],[135.46505212783816,34.85748242170835],[135.4652667385371,34.8574910729756],[135.4654792824177,34.85751694346093],[135.46568771256617,34.857559784017425],[135.46589002168628,34.857619182067104],[135.46608426143058,34.85769456557428],[135.46626856116418,34.85778520855456],[135.46644114597987,34.8578902380665],[135.46660035379156,34.85800864261849],[135.46674465134095,34.85813928190997],[135.4668726489638,34.85828089781314],[135.466983113973,34.85843212648943],[135.46707498253014,34.85859151152404],[135.46714736989077,34.858757517951936],[135.4671995789251,34.858928547040485],[135.4672311068315,34.859102951686054],[135.46724164997906,34.859279052276584]]]}},{"type":"Feature","properties":{"layer":"z17_default","buffer_m":500},"geometry":{"type":"Polygon","coordinates":[[[135.4934648969923,34.869980214219915],[135.49343853569343,34.870420465696235],[135.49335970567057,34.87085647731017],[135.4932291660999,34.871284050031534],[135.49304817414884,34.87169906610128],[135.49281847286886,34.87209752868779],[135.4925422744088,34.87247560037853],[135.49222223871087,34.87282964013645],[135.49186144789377,34.873156238365134],[135.4914633765703,34.873452249745114],[135.49103185838487,34.87371482352498],[135.49057104909357,34.873941430975684],[135.49008538654172,34.874129889743614],[135.48957954792522,34.87427838486781],[135.48905840474646,34.874385486259044],[135.48852697589913,34.87445016247237],[135.48799037933352,34.87447179064051],[135.48745378276791,34.87445016247237],[135.4869223539206,34.874385486259044],[135.48640121074183,34.87427838486781],[135.48589537212533,34.874129889743614],[135.48540970957347,34.873941430975684],[135.48494890028218,34.87371482352498],[135.48451738209675,34.873452249745114],[135.48411931077328,34.873156238365134],[135.48375851995618,34.87282964013645],[135.48343848425824,34.87247560037853],[135.4831622857982,34.87209752868779],[135.4829325845182,34.87169906610128],[135.48275159256715,34.871284050031534],[135.48262105299648,34.87085647731017],[135.48254222297362,34.870420465696235],[135.48251586167476,34.869980214219915],[135.48254222297362,34.869539962743595],[135.48262105299648,34.86910395112966],[135.48275159256715,34.868676378408296],[135.4829325845182,34.86826136233855],[135.4831622857982,34.86786289975204],[135.48343848425824,34.8674848280613],[135.48375851995618,34.86713078830338],[135.48411931077328,34.866804190074696],[135.48451738209675,34.866508178694716],[135.48494890028218,34.86624560491485],[135.48540970957347,34.866018997464145],[135.48589537212533,34.865830538696216],[135.48640121074183,34.86568204357202],[135.4869223539206,34.865574942180785],[135.48745378276791,34.86551026596746],[135.48799037933352,34.86548863779932],[135.48852697589913,34.86551026596746],[135.48905840474646,34.865574942180785],[135.48957954792522,34.86568204357202],[135.49008538654172,34.865830538696216],[135.49057104909357,34.866018997464145],[135.49103185838487,34.86624560491485],[135.4914633765703,34.866508178694716],[135.49186144789377,34.866804190074696],[135.49222223871087,34.86713078830338],[135.4925422744088,34.8674848280613],[135.49281847286886,34.86786289975204],[135.49304817414884,34.86826136233855],[135.4932291660999,34.868676378408296],[135.49335970567057,34.86910395112966],[135.49343853569343,34.869539962743595],[135.4934648969923,34.869980214219915]]]}},{"type":"Feature","properties":{"layer":"z18_optional","buffer_m":200},"geometry":{"type":"Polygon","coordinates":[[[135.49018018639703,34.869980214219915],[135.4901696418775,34.870156314810444],[135.49013810986833,34.870330719456014],[135.49008589404008,34.87050174854456],[135.49001349725964,34.87066775497246],[135.48992161674767,34.870827140007066],[135.48981113736363,34.87097836868336],[135.48968312308446,34.87111998458653],[135.48953880675762,34.871250623878005],[135.48937957822824,34.871369028429996],[135.48920697095406,34.87147405794194],[135.48902264723753,34.87156470092222],[135.4888283822168,34.871640084429394],[135.4886260467702,34.87169948247907],[135.4884175894987,34.87174232303557],[135.48820501795976,34.8717681935209],[135.48799037933352,34.87177684478815],[135.4877757407073,34.8717681935209],[135.48756316916834,34.87174232303557],[135.48735471189684,34.87169948247907],[135.48715237645024,34.871640084429394],[135.48695811142952,34.87156470092222],[135.486773787713,34.87147405794194],[135.4866011804388,34.871369028429996],[135.48644195190943,34.871250623878005],[135.4862976355826,34.87111998458653],[135.48616962130342,34.87097836868336],[135.48605914191938,34.870827140007066],[135.4859672614074,34.87066775497246],[135.48589486462697,34.87050174854456],[135.48584264879872,34.870330719456014],[135.48581111678956,34.870156314810444],[135.48580057227002,34.869980214219915],[135.48581111678956,34.869804113629385],[135.48584264879872,34.869629708983815],[135.48589486462697,34.86945867989527],[135.4859672614074,34.86929267346737],[135.48605914191938,34.869133288432764],[135.48616962130342,34.86898205975647],[135.4862976355826,34.8688404438533],[135.48644195190943,34.868709804561824],[135.4866011804388,34.868591400009834],[135.486773787713,34.86848637049789],[135.48695811142952,34.86839572751761],[135.48715237645024,34.868320344010435],[135.48735471189684,34.868260945960756],[135.48756316916834,34.86821810540426],[135.4877757407073,34.86819223491893],[135.48799037933352,34.86818358365168],[135.48820501795976,34.86819223491893],[135.4884175894987,34.86821810540426],[135.4886260467702,34.868260945960756],[135.4888283822168,34.868320344010435],[135.48902264723753,34.86839572751761],[135.48920697095406,34.86848637049789],[135.48937957822824,34.868591400009834],[135.48953880675762,34.868709804561824],[135.48968312308446,34.8688404438533],[135.48981113736363,34.86898205975647],[135.48992161674767,34.869133288432764],[135.49001349725964,34.86929267346737],[135.49008589404008,34.86945867989527],[135.49013810986833,34.869629708983815],[135.4901696418775,34.869804113629385],[135.49018018639703,34.869980214219915]]]}},{"type":"Feature","properties":{"layer":"z17_default","buffer_m":500},"geometry":{"type":"Polygon","coordinates":[[[135.49061112503352,34.871458554743626],[135.49058476326067,34.871898806219946],[135.49050593182042,34.87233481783388],[135.49037538990262,34.872762390555245],[135.49019439469728,34.87317740662499],[135.48996468928723,34.8735758692115],[135.48968848586108,34.87395394090224],[135.48936844440883,34.87430798066016],[135.48900764710461,34.874634578888845],[135.48860956862373,34.874930590268825],[135.48817804267952,34.87519316404869],[135.48771722510276,34.875419771499395],[135.4872315538186,34.875608230267325],[135.486725706107,34.87575672539152],[135.48620455355794,34.875863826782755],[135.4856731151554,34.87592850299608],[135.48513650894168,34.875950131164224],[135.48459990272795,34.87592850299608],[135.48406846432542,34.875863826782755],[135.48354731177636,34.87575672539152],[135.48304146406477,34.875608230267325],[135.4825557927806,34.875419771499395],[135.48209497520384,34.87519316404869],[135.48166344925963,34.874930590268825],[135.48126537077874,34.874634578888845],[135.48090457347453,34.87430798066016],[135.48058453202228,34.87395394090224],[135.48030832859612,34.8735758692115],[135.48007862318607,34.87317740662499],[135.47989762798073,34.872762390555245],[135.47976708606294,34.87233481783388],[135.4796882546227,34.871898806219946],[135.47966189284983,34.871458554743626],[135.4796882546227,34.871018303267306],[135.47976708606294,34.87058229165337],[135.47989762798073,34.87015471893201],[135.48007862318607,34.86973970286226],[135.48030832859612,34.86934124027575],[135.48058453202228,34.86896316858501],[135.48090457347453,34.86860912882709],[135.48126537077874,34.86828253059841],[135.48166344925963,34.86798651921843],[135.48209497520384,34.86772394543856],[135.4825557927806,34.86749733798786],[135.48304146406477,34.86730887921993],[135.48354731177636,34.86716038409573],[135.48406846432542,34.8670532827045],[135.48459990272795,34.86698860649117],[135.48513650894168,34.86696697832303],[135.4856731151554,34.86698860649117],[135.48620455355794,34.8670532827045],[135.486725706107,34.86716038409573],[135.4872315538186,34.86730887921993],[135.48771722510276,34.86749733798786],[135.48817804267952,34.86772394543856],[135.48860956862373,34.86798651921843],[135.48900764710461,34.86828253059841],[135.48936844440883,34.86860912882709],[135.48968848586108,34.86896316858501],[135.48996468928723,34.86934124027575],[135.49019439469728,34.86973970286226],[135.49037538990262,34.87015471893201],[135.49050593182042,34.87058229165337],[135.49058476326067,34.871018303267306],[135.49061112503352,34.871458554743626]]]}},{"type":"Feature","properties":{"layer":"z18_optional","buffer_m":200},"geometry":{"type":"Polygon","coordinates":[[[135.48732635537843,34.871458554743626],[135.4873158106693,34.871634655334155],[135.48728427809317,34.871809059979725],[135.48723206132607,34.87198008906827],[135.48715966324392,34.87214609549617],[135.4870677810799,34.87230548053078],[135.48695729970945,34.87245670920707],[135.48682928312854,34.87259832511024],[135.48668496420686,34.872728964401716],[135.4865257328145,34.87284736895371],[135.4863531224368,34.87295239846565],[135.48616879540612,34.87304304144593],[135.48597452689245,34.873118424953105],[135.4857721878078,34.873177823002784],[135.4855637267882,34.87322066355928],[135.48535115142718,34.87324653404461],[135.48513650894168,34.87325518531186],[135.48492186645618,34.87324653404461],[135.48470929109516,34.87322066355928],[135.48450083007555,34.873177823002784],[135.4842984909909,34.873118424953105],[135.48410422247724,34.87304304144593],[135.48391989544655,34.87295239846565],[135.48374728506886,34.87284736895371],[135.4835880536765,34.872728964401716],[135.48344373475481,34.87259832511024],[135.4833157181739,34.87245670920707],[135.48320523680346,34.87230548053078],[135.48311335463944,34.87214609549617],[135.4830409565573,34.87198008906827],[135.4829887397902,34.871809059979725],[135.48295720721407,34.871634655334155],[135.48294666250493,34.871458554743626],[135.48295720721407,34.871282454153096],[135.4829887397902,34.87110804950753],[135.4830409565573,34.87093702041898],[135.48311335463944,34.87077101399108],[135.48320523680346,34.870611628956475],[135.4833157181739,34.87046040028018],[135.48344373475481,34.87031878437701],[135.4835880536765,34.870188145085535],[135.48374728506886,34.870069740533545],[135.48391989544655,34.8699647110216],[135.48410422247724,34.86987406804132],[135.4842984909909,34.869798684534146],[135.48450083007555,34.86973928648447],[135.48470929109516,34.86969644592797],[135.48492186645618,34.86967057544264],[135.48513650894168,34.86966192417539],[135.48535115142718,34.86967057544264],[135.4855637267882,34.86969644592797],[135.4857721878078,34.86973928648447],[135.48597452689245,34.869798684534146],[135.48616879540612,34.86987406804132],[135.4863531224368,34.8699647110216],[135.4865257328145,34.870069740533545],[135.48668496420686,34.870188145085535],[135.48682928312854,34.87031878437701],[135.48695729970945,34.87046040028018],[135.4870677810799,34.870611628956475],[135.48715966324392,34.87077101399108],[135.48723206132607,34.87093702041898],[135.48728427809317,34.87110804950753],[135.4873158106693,34.871282454153096],[135.48732635537843,34.871458554743626]]]}},{"type":"Feature","properties":{"layer":"z17_default","buffer_m":500},"geometry":{"type":"Polygon","coordinates":[[[135.49767129338957,34.88038083135699],[135.49764492875536,34.88082108283331],[135.49756608875853,34.88125709444724],[135.49743553267137,34.88168466716861],[135.49725451782038,34.88209968323835],[135.4970247874775,34.88249814582486],[135.4967485540715,34.8828762175156],[135.49642847788115,34.883230257273524],[135.49606764141507,34.883556855502206],[135.4956695197257,34.88385286688219],[135.49523794694258,34.88411544066205],[135.4947770793475,34.88434204811276],[135.49429135534731,34.88453050688069],[135.49378545272972,34.88467900200488],[135.49326424361345,34.88478610339612],[135.4927327475272,34.884850779609444],[135.49219608306888,34.884872407777586],[135.49165941861054,34.884850779609444],[135.4911279225243,34.88478610339612],[135.49060671340803,34.88467900200488],[135.49010081079044,34.88453050688069],[135.48961508679025,34.88434204811276],[135.48915421919517,34.88411544066205],[135.48872264641204,34.88385286688219],[135.48832452472269,34.883556855502206],[135.4879636882566,34.883230257273524],[135.48764361206625,34.8828762175156],[135.48736737866025,34.88249814582486],[135.48713764831737,34.88209968323835],[135.48695663346638,34.88168466716861],[135.48682607737922,34.88125709444724],[135.4867472373824,34.88082108283331],[135.48672087274818,34.88038083135699],[135.4867472373824,34.87994057988067],[135.48682607737922,34.87950456826673],[135.48695663346638,34.87907699554537],[135.48713764831737,34.87866197947562],[135.48736737866025,34.87826351688911],[135.48764361206625,34.87788544519837],[135.4879636882566,34.87753140544045],[135.48832452472269,34.87720480721177],[135.48872264641204,34.87690879583179],[135.48915421919517,34.876646222051924],[135.48961508679025,34.87641961460122],[135.49010081079044,34.87623115583329],[135.49060671340803,34.876082660709095],[135.4911279225243,34.87597555931786],[135.49165941861054,34.87591088310453],[135.49219608306888,34.87588925493639],[135.4927327475272,34.87591088310453],[135.49326424361345,34.87597555931786],[135.49378545272972,34.876082660709095],[135.49429135534731,34.87623115583329],[135.4947770793475,34.87641961460122],[135.49523794694258,34.876646222051924],[135.4956695197257,34.87690879583179],[135.49606764141507,34.87720480721177],[135.49642847788115,34.87753140544045],[135.4967485540715,34.87788544519837],[135.4970247874775,34.87826351688911],[135.49725451782038,34.87866197947562],[135.49743553267137,34.87907699554537],[135.49756608875853,34.87950456826673],[135.49764492875536,34.87994057988067],[135.49767129338957,34.88038083135699]]]}},{"type":"Feature","properties":{"layer":"z18_optional","buffer_m":200},"geometry":{"type":"Polygon","coordinates":[[[135.49438616719715,34.88038083135699],[135.49437562134347,34.88055693194752],[135.49434408534475,34.88073133659309],[135.49429186290988,34.880902365681635],[135.4942194569695,34.88106837210953],[135.49412756483233,34.88122775714414],[135.49401707146993,34.88137898582043],[135.4938890409938,34.8815206017236],[135.49374470640734,34.88165124101508],[135.49358545773163,34.88176964556707],[135.49341282861835,34.88187467507901],[135.49322848158033,34.881965318059294],[135.49303419198026,34.88204070156647],[135.49283183093323,34.882100099616146],[135.4926233472867,34.88214294017264],[135.49241074885222,34.88216881065797],[135.49219608306888,34.882177461925224],[135.49198141728553,34.88216881065797],[135.49176881885106,34.88214294017264],[135.49156033520453,34.882100099616146],[135.4913579741575,34.88204070156647],[135.49116368455742,34.881965318059294],[135.4909793375194,34.88187467507901],[135.49080670840613,34.88176964556707],[135.4906474597304,34.88165124101508],[135.49050312514396,34.8815206017236],[135.49037509466783,34.88137898582043],[135.49026460130543,34.88122775714414],[135.49017270916826,34.88106837210953],[135.49010030322788,34.880902365681635],[135.490048080793,34.88073133659309],[135.4900165447943,34.88055693194752],[135.4900059989406,34.88038083135699],[135.4900165447943,34.88020473076646],[135.490048080793,34.88003032612089],[135.49010030322788,34.87985929703234],[135.49017270916826,34.87969329060444],[135.49026460130543,34.879533905569836],[135.49037509466783,34.87938267689354],[135.49050312514396,34.879241060990374],[135.4906474597304,34.8791104216989],[135.49080670840613,34.878992017146906],[135.4909793375194,34.878886987634964],[135.49116368455742,34.87879634465468],[135.4913579741575,34.87872096114751],[135.49156033520453,34.87866156309783],[135.49176881885106,34.87861872254133],[135.49198141728553,34.878592852056],[135.49219608306888,34.87858420078875],[135.49241074885222,34.878592852056],[135.4926233472867,34.87861872254133],[135.49283183093323,34.87866156309783],[135.49303419198026,34.87872096114751],[135.49322848158033,34.87879634465468],[135.49341282861835,34.878886987634964],[135.49358545773163,34.878992017146906],[135.49374470640734,34.8791104216989],[135.4938890409938,34.879241060990374],[135.49401707146993,34.87938267689354],[135.49412756483233,34.879533905569836],[135.4942194569695,34.87969329060444],[135.49429186290988,34.87985929703234],[135.49434408534475,34.88003032612089],[135.49437562134347,34.88020473076646],[135.49438616719715,34.88038083135699]]]}}]}